,path,label,interval
0,/Users/ssankey/PycharmProjects/AdvReverb/data/VoxCeleb1/test/id10270/5r0dWxy17C8/00004.wav,0,"[(0,3200,'p'),(3200,6400,'p'),(6400,9600,'p'),(9600,12800,'p'),(12800,16000,'p'),(16000,19200,'p'),(19200,22400,'p'),(22400,25600,'p'),(25600,28800,'p'),(28800,32000,'p'),(32000,35200,'p'),(35200,38400,'p'),(38400,41600,'p'),(41600,44800,'p'),(44800,48000,'p')]"
1,/Users/ssankey/PycharmProjects/AdvReverb/data/VoxCeleb1/test/id10270/5r0dWxy17C8/00005.wav,0,"[(0,3200,'p'),(3200,6400,'p'),(6400,9600,'p'),(9600,12800,'p'),(12800,16000,'p'),(16000,19200,'p'),(19200,22400,'p'),(22400,25600,'p'),(25600,28800,'p'),(28800,32000,'p'),(32000,35200,'p'),(35200,38400,'p'),(38400,41600,'p'),(41600,44800,'p'),(44800,48000,'p')]"
2,/Users/ssankey/PycharmProjects/AdvReverb/data/VoxCeleb1/test/id10270/5r0dWxy17C8/00006.wav,0,"[(0,3200,'p'),(3200,6400,'p'),(6400,9600,'p'),(9600,12800,'p'),(12800,16000,'p'),(16000,19200,'p'),(19200,22400,'p'),(22400,25600,'p'),(25600,28800,'p'),(28800,32000,'p'),(32000,35200,'p'),(35200,38400,'p'),(38400,41600,'p'),(41600,44800,'p'),(44800,48000,'p')]"
3,/Users/ssankey/PycharmProjects/AdvReverb/data/VoxCeleb1/test/id10270/5r0dWxy17C8/00007.wav,0,"[(0,3200,'p'),(3200,6400,'p'),(6400,9600,'p'),(9600,12800,'p'),(12800,16000,'p'),(16000,19200,'p'),(19200,22400,'p'),(22400,25600,'p'),(25600,28800,'p'),(28800,32000,'p'),(32000,35200,'p'),(35200,38400,'p'),(38400,41600,'p'),(41600,44800,'p'),(44800,48000,'p')]"
4,/Users/ssankey/PycharmProjects/AdvReverb/data/VoxCeleb1/test/id10270/5r0dWxy17C8/00008.wav,0,"[(0,3200,'p'),(3200,6400,'p'),(6400,9600,'p'),(9600,12800,'p'),(12800,16000,'p'),(16000,19200,'p'),(19200,22400,'p'),(22400,25600,'p'),(25600,28800,'p'),(28800,32000,'p'),(32000,35200,'p'),(35200,38400,'p'),(38400,41600,'p'),(41600,44800,'p'),(44800,48000,'p')]"
5,/Users/ssankey/PycharmProjects/AdvReverb/data/VoxCeleb1/test/id10270/5r0dWxy17C8/00009.wav,0,"[(0,3200,'p'),(3200,6400,'p'),(6400,9600,'p'),(9600,12800,'p'),(12800,16000,'p'),(16000,19200,'p'),(19200,22400,'p'),(22400,25600,'p'),(25600,28800,'p'),(28800,32000,'p'),(32000,35200,'p'),(35200,38400,'p'),(38400,41600,'p'),(41600,44800,'p'),(44800,48000,'p')]"
6,/Users/ssankey/PycharmProjects/AdvReverb/data/VoxCeleb1/test/id10270/5r0dWxy17C8/00010.wav,0,"[(0,3200,'p'),(3200,6400,'p'),(6400,9600,'p'),(9600,12800,'p'),(12800,16000,'p'),(16000,19200,'p'),(19200,22400,'p'),(22400,25600,'p'),(25600,28800,'p'),(28800,32000,'p'),(32000,35200,'p'),(35200,38400,'p'),(38400,41600,'p'),(41600,44800,'p'),(44800,48000,'p')]"
7,/Users/ssankey/PycharmProjects/AdvReverb/data/VoxCeleb1/test/id10270/5r0dWxy17C8/00011.wav,0,"[(0,3200,'p'),(3200,6400,'p'),(6400,9600,'p'),(9600,12800,'p'),(12800,16000,'p'),(16000,19200,'p'),(19200,22400,'p'),(22400,25600,'p'),(25600,28800,'p'),(28800,32000,'p'),(32000,35200,'p'),(35200,38400,'p'),(38400,41600,'p'),(41600,44800,'p'),(44800,48000,'p')]"
8,/Users/ssankey/PycharmProjects/AdvReverb/data/VoxCeleb1/test/id10270/5r0dWxy17C8/00012.wav,0,"[(0,3200,'p'),(3200,6400,'p'),(6400,9600,'p'),(9600,12800,'p'),(12800,16000,'p'),(16000,19200,'p'),(19200,22400,'p'),(22400,25600,'p'),(25600,28800,'p'),(28800,32000,'p'),(32000,35200,'p'),(35200,38400,'p'),(38400,41600,'p'),(41600,44800,'p'),(44800,48000,'p')]"
9,/Users/ssankey/PycharmProjects/AdvReverb/data/VoxCeleb1/test/id10270/5r0dWxy17C8/00013.wav,0,"[(0,3200,'p'),(3200,6400,'p'),(6400,9600,'p'),(9600,12800,'p'),(12800,16000,'p'),(16000,19200,'p'),(19200,22400,'p'),(22400,25600,'p'),(25600,28800,'p'),(28800,32000,'p'),(32000,35200,'p'),(35200,38400,'p'),(38400,41600,'p'),(41600,44800,'p'),(44800,48000,'p')]"
10,/Users/ssankey/PycharmProjects/AdvReverb/data/VoxCeleb1/test/id10270/5r0dWxy17C8/00014.wav,0,"[(0,3200,'p'),(3200,6400,'p'),(6400,9600,'p'),(9600,12800,'p'),(12800,16000,'p'),(16000,19200,'p'),(19200,22400,'p'),(22400,25600,'p'),(25600,28800,'p'),(28800,32000,'p'),(32000,35200,'p'),(35200,38400,'p'),(38400,41600,'p'),(41600,44800,'p'),(44800,48000,'p')]"
11,/Users/ssankey/PycharmProjects/AdvReverb/data/VoxCeleb1/test/id10270/5r0dWxy17C8/00015.wav,0,"[(0,3200,'p'),(3200,6400,'p'),(6400,9600,'p'),(9600,12800,'p'),(12800,16000,'p'),(16000,19200,'p'),(19200,22400,'p'),(22400,25600,'p'),(25600,28800,'p'),(28800,32000,'p'),(32000,35200,'p'),(35200,38400,'p'),(38400,41600,'p'),(41600,44800,'p'),(44800,48000,'p')]"
12,/Users/ssankey/PycharmProjects/AdvReverb/data/VoxCeleb1/test/id10270/5r0dWxy17C8/00016.wav,0,"[(0,3200,'p'),(3200,6400,'p'),(6400,9600,'p'),(9600,12800,'p'),(12800,16000,'p'),(16000,19200,'p'),(19200,22400,'p'),(22400,25600,'p'),(25600,28800,'p'),(28800,32000,'p'),(32000,35200,'p'),(35200,38400,'p'),(38400,41600,'p'),(41600,44800,'p'),(44800,48000,'p')]"
13,/Users/ssankey/PycharmProjects/AdvReverb/data/VoxCeleb1/test/id10270/5r0dWxy17C8/00017.wav,0,"[(0,3200,'p'),(3200,6400,'p'),(6400,9600,'p'),(9600,12800,'p'),(12800,16000,'p'),(16000,19200,'p'),(19200,22400,'p'),(22400,25600,'p'),(25600,28800,'p'),(28800,32000,'p'),(32000,35200,'p'),(35200,38400,'p'),(38400,41600,'p'),(41600,44800,'p'),(44800,48000,'p')]"
14,/Users/ssankey/PycharmProjects/AdvReverb/data/VoxCeleb1/test/id10270/5r0dWxy17C8/00018.wav,0,"[(0,3200,'p'),(3200,6400,'p'),(6400,9600,'p'),(9600,12800,'p'),(12800,16000,'p'),(16000,19200,'p'),(19200,22400,'p'),(22400,25600,'p'),(25600,28800,'p'),(28800,32000,'p'),(32000,35200,'p'),(35200,38400,'p'),(38400,41600,'p'),(41600,44800,'p'),(44800,48000,'p')]"
15,/Users/ssankey/PycharmProjects/AdvReverb/data/VoxCeleb1/test/id10270/5r0dWxy17C8/00019.wav,0,"[(0,3200,'p'),(3200,6400,'p'),(6400,9600,'p'),(9600,12800,'p'),(12800,16000,'p'),(16000,19200,'p'),(19200,22400,'p'),(22400,25600,'p'),(25600,28800,'p'),(28800,32000,'p'),(32000,35200,'p'),(35200,38400,'p'),(38400,41600,'p'),(41600,44800,'p'),(44800,48000,'p')]"
16,/Users/ssankey/PycharmProjects/AdvReverb/data/VoxCeleb1/test/id10270/5r0dWxy17C8/00020.wav,0,"[(0,3200,'p'),(3200,6400,'p'),(6400,9600,'p'),(9600,12800,'p'),(12800,16000,'p'),(16000,19200,'p'),(19200,22400,'p'),(22400,25600,'p'),(25600,28800,'p'),(28800,32000,'p'),(32000,35200,'p'),(35200,38400,'p'),(38400,41600,'p'),(41600,44800,'p'),(44800,48000,'p')]"
17,/Users/ssankey/PycharmProjects/AdvReverb/data/VoxCeleb1/test/id10270/5r0dWxy17C8/00021.wav,0,"[(0,3200,'p'),(3200,6400,'p'),(6400,9600,'p'),(9600,12800,'p'),(12800,16000,'p'),(16000,19200,'p'),(19200,22400,'p'),(22400,25600,'p'),(25600,28800,'p'),(28800,32000,'p'),(32000,35200,'p'),(35200,38400,'p'),(38400,41600,'p'),(41600,44800,'p'),(44800,48000,'p')]"
18,/Users/ssankey/PycharmProjects/AdvReverb/data/VoxCeleb1/test/id10270/5r0dWxy17C8/00022.wav,0,"[(0,3200,'p'),(3200,6400,'p'),(6400,9600,'p'),(9600,12800,'p'),(12800,16000,'p'),(16000,19200,'p'),(19200,22400,'p'),(22400,25600,'p'),(25600,28800,'p'),(28800,32000,'p'),(32000,35200,'p'),(35200,38400,'p'),(38400,41600,'p'),(41600,44800,'p'),(44800,48000,'p')]"
19,/Users/ssankey/PycharmProjects/AdvReverb/data/VoxCeleb1/test/id10270/5r0dWxy17C8/00023.wav,0,"[(0,3200,'p'),(3200,6400,'p'),(6400,9600,'p'),(9600,12800,'p'),(12800,16000,'p'),(16000,19200,'p'),(19200,22400,'p'),(22400,25600,'p'),(25600,28800,'p'),(28800,32000,'p'),(32000,35200,'p'),(35200,38400,'p'),(38400,41600,'p'),(41600,44800,'p'),(44800,48000,'p')]"
20,/Users/ssankey/PycharmProjects/AdvReverb/data/VoxCeleb1/test/id10270/5r0dWxy17C8/00024.wav,0,"[(0,3200,'p'),(3200,6400,'p'),(6400,9600,'p'),(9600,12800,'p'),(12800,16000,'p'),(16000,19200,'p'),(19200,22400,'p'),(22400,25600,'p'),(25600,28800,'p'),(28800,32000,'p'),(32000,35200,'p'),(35200,38400,'p'),(38400,41600,'p'),(41600,44800,'p'),(44800,48000,'p')]"
21,/Users/ssankey/PycharmProjects/AdvReverb/data/VoxCeleb1/test/id10270/5r0dWxy17C8/00025.wav,0,"[(0,3200,'p'),(3200,6400,'p'),(6400,9600,'p'),(9600,12800,'p'),(12800,16000,'p'),(16000,19200,'p'),(19200,22400,'p'),(22400,25600,'p'),(25600,28800,'p'),(28800,32000,'p'),(32000,35200,'p'),(35200,38400,'p'),(38400,41600,'p'),(41600,44800,'p'),(44800,48000,'p')]"
22,/Users/ssankey/PycharmProjects/AdvReverb/data/VoxCeleb1/test/id10270/5r0dWxy17C8/00026.wav,0,"[(0,3200,'p'),(3200,6400,'p'),(6400,9600,'p'),(9600,12800,'p'),(12800,16000,'p'),(16000,19200,'p'),(19200,22400,'p'),(22400,25600,'p'),(25600,28800,'p'),(28800,32000,'p'),(32000,35200,'p'),(35200,38400,'p'),(38400,41600,'p'),(41600,44800,'p'),(44800,48000,'p')]"
23,/Users/ssankey/PycharmProjects/AdvReverb/data/VoxCeleb1/test/id10270/5r0dWxy17C8/00027.wav,0,"[(0,3200,'p'),(3200,6400,'p'),(6400,9600,'p'),(9600,12800,'p'),(12800,16000,'p'),(16000,19200,'p'),(19200,22400,'p'),(22400,25600,'p'),(25600,28800,'p'),(28800,32000,'p'),(32000,35200,'p'),(35200,38400,'p'),(38400,41600,'p'),(41600,44800,'p'),(44800,48000,'p')]"
24,/Users/ssankey/PycharmProjects/AdvReverb/data/VoxCeleb1/test/id10270/5sJomL_D0_g/00001.wav,0,"[(0,3200,'p'),(3200,6400,'p'),(6400,9600,'p'),(9600,12800,'p'),(12800,16000,'p'),(16000,19200,'p'),(19200,22400,'p'),(22400,25600,'p'),(25600,28800,'p'),(28800,32000,'p'),(32000,35200,'p'),(35200,38400,'p'),(38400,41600,'p'),(41600,44800,'p'),(44800,48000,'p')]"
25,/Users/ssankey/PycharmProjects/AdvReverb/data/VoxCeleb1/test/id10270/5sJomL_D0_g/00002.wav,0,"[(0,3200,'p'),(3200,6400,'p'),(6400,9600,'p'),(9600,12800,'p'),(12800,16000,'p'),(16000,19200,'p'),(19200,22400,'p'),(22400,25600,'p'),(25600,28800,'p'),(28800,32000,'p'),(32000,35200,'p'),(35200,38400,'p'),(38400,41600,'p'),(41600,44800,'p'),(44800,48000,'p')]"
26,/Users/ssankey/PycharmProjects/AdvReverb/data/VoxCeleb1/test/id10270/8jEAjG6SegY/00001.wav,0,"[(0,3200,'p'),(3200,6400,'p'),(6400,9600,'p'),(9600,12800,'p'),(12800,16000,'p'),(16000,19200,'p'),(19200,22400,'p'),(22400,25600,'p'),(25600,28800,'p'),(28800,32000,'p'),(32000,35200,'p'),(35200,38400,'p'),(38400,41600,'p'),(41600,44800,'p'),(44800,48000,'p')]"
27,/Users/ssankey/PycharmProjects/AdvReverb/data/VoxCeleb1/test/id10270/8jEAjG6SegY/00002.wav,0,"[(0,3200,'p'),(3200,6400,'p'),(6400,9600,'p'),(9600,12800,'p'),(12800,16000,'p'),(16000,19200,'p'),(19200,22400,'p'),(22400,25600,'p'),(25600,28800,'p'),(28800,32000,'p'),(32000,35200,'p'),(35200,38400,'p'),(38400,41600,'p'),(41600,44800,'p'),(44800,48000,'p')]"
28,/Users/ssankey/PycharmProjects/AdvReverb/data/VoxCeleb1/test/id10270/8jEAjG6SegY/00003.wav,0,"[(0,3200,'p'),(3200,6400,'p'),(6400,9600,'p'),(9600,12800,'p'),(12800,16000,'p'),(16000,19200,'p'),(19200,22400,'p'),(22400,25600,'p'),(25600,28800,'p'),(28800,32000,'p'),(32000,35200,'p'),(35200,38400,'p'),(38400,41600,'p'),(41600,44800,'p'),(44800,48000,'p')]"
29,/Users/ssankey/PycharmProjects/AdvReverb/data/VoxCeleb1/test/id10270/8jEAjG6SegY/00004.wav,0,"[(0,3200,'p'),(3200,6400,'p'),(6400,9600,'p'),(9600,12800,'p'),(12800,16000,'p'),(16000,19200,'p'),(19200,22400,'p'),(22400,25600,'p'),(25600,28800,'p'),(28800,32000,'p'),(32000,35200,'p'),(35200,38400,'p'),(38400,41600,'p'),(41600,44800,'p'),(44800,48000,'p')]"
30,/Users/ssankey/PycharmProjects/AdvReverb/data/VoxCeleb1/test/id10270/8jEAjG6SegY/00005.wav,0,"[(0,3200,'p'),(3200,6400,'p'),(6400,9600,'p'),(9600,12800,'p'),(12800,16000,'p'),(16000,19200,'p'),(19200,22400,'p'),(22400,25600,'p'),(25600,28800,'p'),(28800,32000,'p'),(32000,35200,'p'),(35200,38400,'p'),(38400,41600,'p'),(41600,44800,'p'),(44800,48000,'p')]"
31,/Users/ssankey/PycharmProjects/AdvReverb/data/VoxCeleb1/test/id10270/8jEAjG6SegY/00006.wav,0,"[(0,3200,'p'),(3200,6400,'p'),(6400,9600,'p'),(9600,12800,'p'),(12800,16000,'p'),(16000,19200,'p'),(19200,22400,'p'),(22400,25600,'p'),(25600,28800,'p'),(28800,32000,'p'),(32000,35200,'p'),(35200,38400,'p'),(38400,41600,'p'),(41600,44800,'p'),(44800,48000,'p')]"
32,/Users/ssankey/PycharmProjects/AdvReverb/data/VoxCeleb1/test/id10270/8jEAjG6SegY/00007.wav,0,"[(0,3200,'p'),(3200,6400,'p'),(6400,9600,'p'),(9600,12800,'p'),(12800,16000,'p'),(16000,19200,'p'),(19200,22400,'p'),(22400,25600,'p'),(25600,28800,'p'),(28800,32000,'p'),(32000,35200,'p'),(35200,38400,'p'),(38400,41600,'p'),(41600,44800,'p'),(44800,48000,'p')]"
33,/Users/ssankey/PycharmProjects/AdvReverb/data/VoxCeleb1/test/id10270/8jEAjG6SegY/00008.wav,0,"[(0,3200,'p'),(3200,6400,'p'),(6400,9600,'p'),(9600,12800,'p'),(12800,16000,'p'),(16000,19200,'p'),(19200,22400,'p'),(22400,25600,'p'),(25600,28800,'p'),(28800,32000,'p'),(32000,35200,'p'),(35200,38400,'p'),(38400,41600,'p'),(41600,44800,'p'),(44800,48000,'p')]"
34,/Users/ssankey/PycharmProjects/AdvReverb/data/VoxCeleb1/test/id10270/8jEAjG6SegY/00009.wav,0,"[(0,3200,'p'),(3200,6400,'p'),(6400,9600,'p'),(9600,12800,'p'),(12800,16000,'p'),(16000,19200,'p'),(19200,22400,'p'),(22400,25600,'p'),(25600,28800,'p'),(28800,32000,'p'),(32000,35200,'p'),(35200,38400,'p'),(38400,41600,'p'),(41600,44800,'p'),(44800,48000,'p')]"
35,/Users/ssankey/PycharmProjects/AdvReverb/data/VoxCeleb1/test/id10270/8jEAjG6SegY/00010.wav,0,"[(0,3200,'p'),(3200,6400,'p'),(6400,9600,'p'),(9600,12800,'p'),(12800,16000,'p'),(16000,19200,'p'),(19200,22400,'p'),(22400,25600,'p'),(25600,28800,'p'),(28800,32000,'p'),(32000,35200,'p'),(35200,38400,'p'),(38400,41600,'p'),(41600,44800,'p'),(44800,48000,'p')]"
36,/Users/ssankey/PycharmProjects/AdvReverb/data/VoxCeleb1/test/id10270/8jEAjG6SegY/00011.wav,0,"[(0,3200,'p'),(3200,6400,'p'),(6400,9600,'p'),(9600,12800,'p'),(12800,16000,'p'),(16000,19200,'p'),(19200,22400,'p'),(22400,25600,'p'),(25600,28800,'p'),(28800,32000,'p'),(32000,35200,'p'),(35200,38400,'p'),(38400,41600,'p'),(41600,44800,'p'),(44800,48000,'p')]"
37,/Users/ssankey/PycharmProjects/AdvReverb/data/VoxCeleb1/test/id10270/8jEAjG6SegY/00012.wav,0,"[(0,3200,'p'),(3200,6400,'p'),(6400,9600,'p'),(9600,12800,'p'),(12800,16000,'p'),(16000,19200,'p'),(19200,22400,'p'),(22400,25600,'p'),(25600,28800,'p'),(28800,32000,'p'),(32000,35200,'p'),(35200,38400,'p'),(38400,41600,'p'),(41600,44800,'p'),(44800,48000,'p')]"
38,/Users/ssankey/PycharmProjects/AdvReverb/data/VoxCeleb1/test/id10270/8jEAjG6SegY/00013.wav,0,"[(0,3200,'p'),(3200,6400,'p'),(6400,9600,'p'),(9600,12800,'p'),(12800,16000,'p'),(16000,19200,'p'),(19200,22400,'p'),(22400,25600,'p'),(25600,28800,'p'),(28800,32000,'p'),(32000,35200,'p'),(35200,38400,'p'),(38400,41600,'p'),(41600,44800,'p'),(44800,48000,'p')]"
39,/Users/ssankey/PycharmProjects/AdvReverb/data/VoxCeleb1/test/id10270/8jEAjG6SegY/00014.wav,0,"[(0,3200,'p'),(3200,6400,'p'),(6400,9600,'p'),(9600,12800,'p'),(12800,16000,'p'),(16000,19200,'p'),(19200,22400,'p'),(22400,25600,'p'),(25600,28800,'p'),(28800,32000,'p'),(32000,35200,'p'),(35200,38400,'p'),(38400,41600,'p'),(41600,44800,'p'),(44800,48000,'p')]"
40,/Users/ssankey/PycharmProjects/AdvReverb/data/VoxCeleb1/test/id10271/1gtz-CUIygI/00004.wav,1,"[(0,3200,'p'),(3200,6400,'p'),(6400,9600,'p'),(9600,12800,'p'),(12800,16000,'p'),(16000,19200,'p'),(19200,22400,'p'),(22400,25600,'p'),(25600,28800,'p'),(28800,32000,'p'),(32000,35200,'p'),(35200,38400,'p'),(38400,41600,'p'),(41600,44800,'p'),(44800,48000,'p')]"
41,/Users/ssankey/PycharmProjects/AdvReverb/data/VoxCeleb1/test/id10271/1gtz-CUIygI/00005.wav,1,"[(0,3200,'p'),(3200,6400,'p'),(6400,9600,'p'),(9600,12800,'p'),(12800,16000,'p'),(16000,19200,'p'),(19200,22400,'p'),(22400,25600,'p'),(25600,28800,'p'),(28800,32000,'p'),(32000,35200,'p'),(35200,38400,'p'),(38400,41600,'p'),(41600,44800,'p'),(44800,48000,'p')]"
42,/Users/ssankey/PycharmProjects/AdvReverb/data/VoxCeleb1/test/id10271/1gtz-CUIygI/00006.wav,1,"[(0,3200,'p'),(3200,6400,'p'),(6400,9600,'p'),(9600,12800,'p'),(12800,16000,'p'),(16000,19200,'p'),(19200,22400,'p'),(22400,25600,'p'),(25600,28800,'p'),(28800,32000,'p'),(32000,35200,'p'),(35200,38400,'p'),(38400,41600,'p'),(41600,44800,'p'),(44800,48000,'p')]"
43,/Users/ssankey/PycharmProjects/AdvReverb/data/VoxCeleb1/test/id10271/1gtz-CUIygI/00007.wav,1,"[(0,3200,'p'),(3200,6400,'p'),(6400,9600,'p'),(9600,12800,'p'),(12800,16000,'p'),(16000,19200,'p'),(19200,22400,'p'),(22400,25600,'p'),(25600,28800,'p'),(28800,32000,'p'),(32000,35200,'p'),(35200,38400,'p'),(38400,41600,'p'),(41600,44800,'p'),(44800,48000,'p')]"
44,/Users/ssankey/PycharmProjects/AdvReverb/data/VoxCeleb1/test/id10271/1gtz-CUIygI/00008.wav,1,"[(0,3200,'p'),(3200,6400,'p'),(6400,9600,'p'),(9600,12800,'p'),(12800,16000,'p'),(16000,19200,'p'),(19200,22400,'p'),(22400,25600,'p'),(25600,28800,'p'),(28800,32000,'p'),(32000,35200,'p'),(35200,38400,'p'),(38400,41600,'p'),(41600,44800,'p'),(44800,48000,'p')]"
45,/Users/ssankey/PycharmProjects/AdvReverb/data/VoxCeleb1/test/id10271/1gtz-CUIygI/00009.wav,1,"[(0,3200,'p'),(3200,6400,'p'),(6400,9600,'p'),(9600,12800,'p'),(12800,16000,'p'),(16000,19200,'p'),(19200,22400,'p'),(22400,25600,'p'),(25600,28800,'p'),(28800,32000,'p'),(32000,35200,'p'),(35200,38400,'p'),(38400,41600,'p'),(41600,44800,'p'),(44800,48000,'p')]"
46,/Users/ssankey/PycharmProjects/AdvReverb/data/VoxCeleb1/test/id10271/1gtz-CUIygI/00010.wav,1,"[(0,3200,'p'),(3200,6400,'p'),(6400,9600,'p'),(9600,12800,'p'),(12800,16000,'p'),(16000,19200,'p'),(19200,22400,'p'),(22400,25600,'p'),(25600,28800,'p'),(28800,32000,'p'),(32000,35200,'p'),(35200,38400,'p'),(38400,41600,'p'),(41600,44800,'p'),(44800,48000,'p')]"
47,/Users/ssankey/PycharmProjects/AdvReverb/data/VoxCeleb1/test/id10271/1gtz-CUIygI/00011.wav,1,"[(0,3200,'p'),(3200,6400,'p'),(6400,9600,'p'),(9600,12800,'p'),(12800,16000,'p'),(16000,19200,'p'),(19200,22400,'p'),(22400,25600,'p'),(25600,28800,'p'),(28800,32000,'p'),(32000,35200,'p'),(35200,38400,'p'),(38400,41600,'p'),(41600,44800,'p'),(44800,48000,'p')]"
48,/Users/ssankey/PycharmProjects/AdvReverb/data/VoxCeleb1/test/id10271/1gtz-CUIygI/00012.wav,1,"[(0,3200,'p'),(3200,6400,'p'),(6400,9600,'p'),(9600,12800,'p'),(12800,16000,'p'),(16000,19200,'p'),(19200,22400,'p'),(22400,25600,'p'),(25600,28800,'p'),(28800,32000,'p'),(32000,35200,'p'),(35200,38400,'p'),(38400,41600,'p'),(41600,44800,'p'),(44800,48000,'p')]"
49,/Users/ssankey/PycharmProjects/AdvReverb/data/VoxCeleb1/test/id10271/1gtz-CUIygI/00013.wav,1,"[(0,3200,'p'),(3200,6400,'p'),(6400,9600,'p'),(9600,12800,'p'),(12800,16000,'p'),(16000,19200,'p'),(19200,22400,'p'),(22400,25600,'p'),(25600,28800,'p'),(28800,32000,'p'),(32000,35200,'p'),(35200,38400,'p'),(38400,41600,'p'),(41600,44800,'p'),(44800,48000,'p')]"
50,/Users/ssankey/PycharmProjects/AdvReverb/data/VoxCeleb1/test/id10271/1gtz-CUIygI/00014.wav,1,"[(0,3200,'p'),(3200,6400,'p'),(6400,9600,'p'),(9600,12800,'p'),(12800,16000,'p'),(16000,19200,'p'),(19200,22400,'p'),(22400,25600,'p'),(25600,28800,'p'),(28800,32000,'p'),(32000,35200,'p'),(35200,38400,'p'),(38400,41600,'p'),(41600,44800,'p'),(44800,48000,'p')]"
51,/Users/ssankey/PycharmProjects/AdvReverb/data/VoxCeleb1/test/id10271/1gtz-CUIygI/00015.wav,1,"[(0,3200,'p'),(3200,6400,'p'),(6400,9600,'p'),(9600,12800,'p'),(12800,16000,'p'),(16000,19200,'p'),(19200,22400,'p'),(22400,25600,'p'),(25600,28800,'p'),(28800,32000,'p'),(32000,35200,'p'),(35200,38400,'p'),(38400,41600,'p'),(41600,44800,'p'),(44800,48000,'p')]"
52,/Users/ssankey/PycharmProjects/AdvReverb/data/VoxCeleb1/test/id10271/1gtz-CUIygI/00016.wav,1,"[(0,3200,'p'),(3200,6400,'p'),(6400,9600,'p'),(9600,12800,'p'),(12800,16000,'p'),(16000,19200,'p'),(19200,22400,'p'),(22400,25600,'p'),(25600,28800,'p'),(28800,32000,'p'),(32000,35200,'p'),(35200,38400,'p'),(38400,41600,'p'),(41600,44800,'p'),(44800,48000,'p')]"
53,/Users/ssankey/PycharmProjects/AdvReverb/data/VoxCeleb1/test/id10271/1gtz-CUIygI/00017.wav,1,"[(0,3200,'p'),(3200,6400,'p'),(6400,9600,'p'),(9600,12800,'p'),(12800,16000,'p'),(16000,19200,'p'),(19200,22400,'p'),(22400,25600,'p'),(25600,28800,'p'),(28800,32000,'p'),(32000,35200,'p'),(35200,38400,'p'),(38400,41600,'p'),(41600,44800,'p'),(44800,48000,'p')]"
54,/Users/ssankey/PycharmProjects/AdvReverb/data/VoxCeleb1/test/id10271/1gtz-CUIygI/00018.wav,1,"[(0,3200,'p'),(3200,6400,'p'),(6400,9600,'p'),(9600,12800,'p'),(12800,16000,'p'),(16000,19200,'p'),(19200,22400,'p'),(22400,25600,'p'),(25600,28800,'p'),(28800,32000,'p'),(32000,35200,'p'),(35200,38400,'p'),(38400,41600,'p'),(41600,44800,'p'),(44800,48000,'p')]"
55,/Users/ssankey/PycharmProjects/AdvReverb/data/VoxCeleb1/test/id10271/1gtz-CUIygI/00019.wav,1,"[(0,3200,'p'),(3200,6400,'p'),(6400,9600,'p'),(9600,12800,'p'),(12800,16000,'p'),(16000,19200,'p'),(19200,22400,'p'),(22400,25600,'p'),(25600,28800,'p'),(28800,32000,'p'),(32000,35200,'p'),(35200,38400,'p'),(38400,41600,'p'),(41600,44800,'p'),(44800,48000,'p')]"
56,/Users/ssankey/PycharmProjects/AdvReverb/data/VoxCeleb1/test/id10271/1gtz-CUIygI/00020.wav,1,"[(0,3200,'p'),(3200,6400,'p'),(6400,9600,'p'),(9600,12800,'p'),(12800,16000,'p'),(16000,19200,'p'),(19200,22400,'p'),(22400,25600,'p'),(25600,28800,'p'),(28800,32000,'p'),(32000,35200,'p'),(35200,38400,'p'),(38400,41600,'p'),(41600,44800,'p'),(44800,48000,'p')]"
57,/Users/ssankey/PycharmProjects/AdvReverb/data/VoxCeleb1/test/id10271/1gtz-CUIygI/00021.wav,1,"[(0,3200,'p'),(3200,6400,'p'),(6400,9600,'p'),(9600,12800,'p'),(12800,16000,'p'),(16000,19200,'p'),(19200,22400,'p'),(22400,25600,'p'),(25600,28800,'p'),(28800,32000,'p'),(32000,35200,'p'),(35200,38400,'p'),(38400,41600,'p'),(41600,44800,'p'),(44800,48000,'p')]"
58,/Users/ssankey/PycharmProjects/AdvReverb/data/VoxCeleb1/test/id10271/37nktPRUJ58/00001.wav,1,"[(0,3200,'p'),(3200,6400,'p'),(6400,9600,'p'),(9600,12800,'p'),(12800,16000,'p'),(16000,19200,'p'),(19200,22400,'p'),(22400,25600,'p'),(25600,28800,'p'),(28800,32000,'p'),(32000,35200,'p'),(35200,38400,'p'),(38400,41600,'p'),(41600,44800,'p'),(44800,48000,'p')]"
59,/Users/ssankey/PycharmProjects/AdvReverb/data/VoxCeleb1/test/id10271/37nktPRUJ58/00002.wav,1,"[(0,3200,'p'),(3200,6400,'p'),(6400,9600,'p'),(9600,12800,'p'),(12800,16000,'p'),(16000,19200,'p'),(19200,22400,'p'),(22400,25600,'p'),(25600,28800,'p'),(28800,32000,'p'),(32000,35200,'p'),(35200,38400,'p'),(38400,41600,'p'),(41600,44800,'p'),(44800,48000,'p')]"
60,/Users/ssankey/PycharmProjects/AdvReverb/data/VoxCeleb1/test/id10271/37nktPRUJ58/00003.wav,1,"[(0,3200,'p'),(3200,6400,'p'),(6400,9600,'p'),(9600,12800,'p'),(12800,16000,'p'),(16000,19200,'p'),(19200,22400,'p'),(22400,25600,'p'),(25600,28800,'p'),(28800,32000,'p'),(32000,35200,'p'),(35200,38400,'p'),(38400,41600,'p'),(41600,44800,'p'),(44800,48000,'p')]"
61,/Users/ssankey/PycharmProjects/AdvReverb/data/VoxCeleb1/test/id10271/8gcdEYAKNkE/00001.wav,1,"[(0,3200,'p'),(3200,6400,'p'),(6400,9600,'p'),(9600,12800,'p'),(12800,16000,'p'),(16000,19200,'p'),(19200,22400,'p'),(22400,25600,'p'),(25600,28800,'p'),(28800,32000,'p'),(32000,35200,'p'),(35200,38400,'p'),(38400,41600,'p'),(41600,44800,'p'),(44800,48000,'p')]"
62,/Users/ssankey/PycharmProjects/AdvReverb/data/VoxCeleb1/test/id10271/djK87iSSKQo/00001.wav,1,"[(0,3200,'p'),(3200,6400,'p'),(6400,9600,'p'),(9600,12800,'p'),(12800,16000,'p'),(16000,19200,'p'),(19200,22400,'p'),(22400,25600,'p'),(25600,28800,'p'),(28800,32000,'p'),(32000,35200,'p'),(35200,38400,'p'),(38400,41600,'p'),(41600,44800,'p'),(44800,48000,'p')]"
63,/Users/ssankey/PycharmProjects/AdvReverb/data/VoxCeleb1/test/id10271/EOQXxK1whgU/00001.wav,1,"[(0,3200,'p'),(3200,6400,'p'),(6400,9600,'p'),(9600,12800,'p'),(12800,16000,'p'),(16000,19200,'p'),(19200,22400,'p'),(22400,25600,'p'),(25600,28800,'p'),(28800,32000,'p'),(32000,35200,'p'),(35200,38400,'p'),(38400,41600,'p'),(41600,44800,'p'),(44800,48000,'p')]"
64,/Users/ssankey/PycharmProjects/AdvReverb/data/VoxCeleb1/test/id10271/EOQXxK1whgU/00002.wav,1,"[(0,3200,'p'),(3200,6400,'p'),(6400,9600,'p'),(9600,12800,'p'),(12800,16000,'p'),(16000,19200,'p'),(19200,22400,'p'),(22400,25600,'p'),(25600,28800,'p'),(28800,32000,'p'),(32000,35200,'p'),(35200,38400,'p'),(38400,41600,'p'),(41600,44800,'p'),(44800,48000,'p')]"
65,/Users/ssankey/PycharmProjects/AdvReverb/data/VoxCeleb1/test/id10271/EOQXxK1whgU/00003.wav,1,"[(0,3200,'p'),(3200,6400,'p'),(6400,9600,'p'),(9600,12800,'p'),(12800,16000,'p'),(16000,19200,'p'),(19200,22400,'p'),(22400,25600,'p'),(25600,28800,'p'),(28800,32000,'p'),(32000,35200,'p'),(35200,38400,'p'),(38400,41600,'p'),(41600,44800,'p'),(44800,48000,'p')]"
66,/Users/ssankey/PycharmProjects/AdvReverb/data/VoxCeleb1/test/id10271/gO805KoL2RM/00001.wav,1,"[(0,3200,'p'),(3200,6400,'p'),(6400,9600,'p'),(9600,12800,'p'),(12800,16000,'p'),(16000,19200,'p'),(19200,22400,'p'),(22400,25600,'p'),(25600,28800,'p'),(28800,32000,'p'),(32000,35200,'p'),(35200,38400,'p'),(38400,41600,'p'),(41600,44800,'p'),(44800,48000,'p')]"
67,/Users/ssankey/PycharmProjects/AdvReverb/data/VoxCeleb1/test/id10271/gO805KoL2RM/00002.wav,1,"[(0,3200,'p'),(3200,6400,'p'),(6400,9600,'p'),(9600,12800,'p'),(12800,16000,'p'),(16000,19200,'p'),(19200,22400,'p'),(22400,25600,'p'),(25600,28800,'p'),(28800,32000,'p'),(32000,35200,'p'),(35200,38400,'p'),(38400,41600,'p'),(41600,44800,'p'),(44800,48000,'p')]"
68,/Users/ssankey/PycharmProjects/AdvReverb/data/VoxCeleb1/test/id10271/gO805KoL2RM/00003.wav,1,"[(0,3200,'p'),(3200,6400,'p'),(6400,9600,'p'),(9600,12800,'p'),(12800,16000,'p'),(16000,19200,'p'),(19200,22400,'p'),(22400,25600,'p'),(25600,28800,'p'),(28800,32000,'p'),(32000,35200,'p'),(35200,38400,'p'),(38400,41600,'p'),(41600,44800,'p'),(44800,48000,'p')]"
69,/Users/ssankey/PycharmProjects/AdvReverb/data/VoxCeleb1/test/id10271/gO805KoL2RM/00004.wav,1,"[(0,3200,'p'),(3200,6400,'p'),(6400,9600,'p'),(9600,12800,'p'),(12800,16000,'p'),(16000,19200,'p'),(19200,22400,'p'),(22400,25600,'p'),(25600,28800,'p'),(28800,32000,'p'),(32000,35200,'p'),(35200,38400,'p'),(38400,41600,'p'),(41600,44800,'p'),(44800,48000,'p')]"
70,/Users/ssankey/PycharmProjects/AdvReverb/data/VoxCeleb1/test/id10271/gO805KoL2RM/00005.wav,1,"[(0,3200,'p'),(3200,6400,'p'),(6400,9600,'p'),(9600,12800,'p'),(12800,16000,'p'),(16000,19200,'p'),(19200,22400,'p'),(22400,25600,'p'),(25600,28800,'p'),(28800,32000,'p'),(32000,35200,'p'),(35200,38400,'p'),(38400,41600,'p'),(41600,44800,'p'),(44800,48000,'p')]"
71,/Users/ssankey/PycharmProjects/AdvReverb/data/VoxCeleb1/test/id10271/gO805KoL2RM/00006.wav,1,"[(0,3200,'p'),(3200,6400,'p'),(6400,9600,'p'),(9600,12800,'p'),(12800,16000,'p'),(16000,19200,'p'),(19200,22400,'p'),(22400,25600,'p'),(25600,28800,'p'),(28800,32000,'p'),(32000,35200,'p'),(35200,38400,'p'),(38400,41600,'p'),(41600,44800,'p'),(44800,48000,'p')]"
72,/Users/ssankey/PycharmProjects/AdvReverb/data/VoxCeleb1/test/id10271/gO805KoL2RM/00007.wav,1,"[(0,3200,'p'),(3200,6400,'p'),(6400,9600,'p'),(9600,12800,'p'),(12800,16000,'p'),(16000,19200,'p'),(19200,22400,'p'),(22400,25600,'p'),(25600,28800,'p'),(28800,32000,'p'),(32000,35200,'p'),(35200,38400,'p'),(38400,41600,'p'),(41600,44800,'p'),(44800,48000,'p')]"
73,/Users/ssankey/PycharmProjects/AdvReverb/data/VoxCeleb1/test/id10271/LjLjQkfhd2o/00001.wav,1,"[(0,3200,'p'),(3200,6400,'p'),(6400,9600,'p'),(9600,12800,'p'),(12800,16000,'p'),(16000,19200,'p'),(19200,22400,'p'),(22400,25600,'p'),(25600,28800,'p'),(28800,32000,'p'),(32000,35200,'p'),(35200,38400,'p'),(38400,41600,'p'),(41600,44800,'p'),(44800,48000,'p')]"
74,/Users/ssankey/PycharmProjects/AdvReverb/data/VoxCeleb1/test/id10271/LjLjQkfhd2o/00002.wav,1,"[(0,3200,'p'),(3200,6400,'p'),(6400,9600,'p'),(9600,12800,'p'),(12800,16000,'p'),(16000,19200,'p'),(19200,22400,'p'),(22400,25600,'p'),(25600,28800,'p'),(28800,32000,'p'),(32000,35200,'p'),(35200,38400,'p'),(38400,41600,'p'),(41600,44800,'p'),(44800,48000,'p')]"
75,/Users/ssankey/PycharmProjects/AdvReverb/data/VoxCeleb1/test/id10271/LjLjQkfhd2o/00003.wav,1,"[(0,3200,'p'),(3200,6400,'p'),(6400,9600,'p'),(9600,12800,'p'),(12800,16000,'p'),(16000,19200,'p'),(19200,22400,'p'),(22400,25600,'p'),(25600,28800,'p'),(28800,32000,'p'),(32000,35200,'p'),(35200,38400,'p'),(38400,41600,'p'),(41600,44800,'p'),(44800,48000,'p')]"
76,/Users/ssankey/PycharmProjects/AdvReverb/data/VoxCeleb1/test/id10271/LjLjQkfhd2o/00004.wav,1,"[(0,3200,'p'),(3200,6400,'p'),(6400,9600,'p'),(9600,12800,'p'),(12800,16000,'p'),(16000,19200,'p'),(19200,22400,'p'),(22400,25600,'p'),(25600,28800,'p'),(28800,32000,'p'),(32000,35200,'p'),(35200,38400,'p'),(38400,41600,'p'),(41600,44800,'p'),(44800,48000,'p')]"
77,/Users/ssankey/PycharmProjects/AdvReverb/data/VoxCeleb1/test/id10271/LjLjQkfhd2o/00005.wav,1,"[(0,3200,'p'),(3200,6400,'p'),(6400,9600,'p'),(9600,12800,'p'),(12800,16000,'p'),(16000,19200,'p'),(19200,22400,'p'),(22400,25600,'p'),(25600,28800,'p'),(28800,32000,'p'),(32000,35200,'p'),(35200,38400,'p'),(38400,41600,'p'),(41600,44800,'p'),(44800,48000,'p')]"
78,/Users/ssankey/PycharmProjects/AdvReverb/data/VoxCeleb1/test/id10271/LjLjQkfhd2o/00006.wav,1,"[(0,3200,'p'),(3200,6400,'p'),(6400,9600,'p'),(9600,12800,'p'),(12800,16000,'p'),(16000,19200,'p'),(19200,22400,'p'),(22400,25600,'p'),(25600,28800,'p'),(28800,32000,'p'),(32000,35200,'p'),(35200,38400,'p'),(38400,41600,'p'),(41600,44800,'p'),(44800,48000,'p')]"
79,/Users/ssankey/PycharmProjects/AdvReverb/data/VoxCeleb1/test/id10271/LjLjQkfhd2o/00007.wav,1,"[(0,3200,'p'),(3200,6400,'p'),(6400,9600,'p'),(9600,12800,'p'),(12800,16000,'p'),(16000,19200,'p'),(19200,22400,'p'),(22400,25600,'p'),(25600,28800,'p'),(28800,32000,'p'),(32000,35200,'p'),(35200,38400,'p'),(38400,41600,'p'),(41600,44800,'p'),(44800,48000,'p')]"
80,/Users/ssankey/PycharmProjects/AdvReverb/data/VoxCeleb1/test/id10272/0qqQJVFKpbA/00004.wav,2,"[(0,3200,'p'),(3200,6400,'p'),(6400,9600,'p'),(9600,12800,'p'),(12800,16000,'p'),(16000,19200,'p'),(19200,22400,'p'),(22400,25600,'p'),(25600,28800,'p'),(28800,32000,'p'),(32000,35200,'p'),(35200,38400,'p'),(38400,41600,'p'),(41600,44800,'p'),(44800,48000,'p')]"
81,/Users/ssankey/PycharmProjects/AdvReverb/data/VoxCeleb1/test/id10272/0qqQJVFKpbA/00005.wav,2,"[(0,3200,'p'),(3200,6400,'p'),(6400,9600,'p'),(9600,12800,'p'),(12800,16000,'p'),(16000,19200,'p'),(19200,22400,'p'),(22400,25600,'p'),(25600,28800,'p'),(28800,32000,'p'),(32000,35200,'p'),(35200,38400,'p'),(38400,41600,'p'),(41600,44800,'p'),(44800,48000,'p')]"
82,/Users/ssankey/PycharmProjects/AdvReverb/data/VoxCeleb1/test/id10272/0qqQJVFKpbA/00006.wav,2,"[(0,3200,'p'),(3200,6400,'p'),(6400,9600,'p'),(9600,12800,'p'),(12800,16000,'p'),(16000,19200,'p'),(19200,22400,'p'),(22400,25600,'p'),(25600,28800,'p'),(28800,32000,'p'),(32000,35200,'p'),(35200,38400,'p'),(38400,41600,'p'),(41600,44800,'p'),(44800,48000,'p')]"
83,/Users/ssankey/PycharmProjects/AdvReverb/data/VoxCeleb1/test/id10272/BlqlndM-quU/00001.wav,2,"[(0,3200,'p'),(3200,6400,'p'),(6400,9600,'p'),(9600,12800,'p'),(12800,16000,'p'),(16000,19200,'p'),(19200,22400,'p'),(22400,25600,'p'),(25600,28800,'p'),(28800,32000,'p'),(32000,35200,'p'),(35200,38400,'p'),(38400,41600,'p'),(41600,44800,'p'),(44800,48000,'p')]"
84,/Users/ssankey/PycharmProjects/AdvReverb/data/VoxCeleb1/test/id10272/dkN2DIBrXqQ/00001.wav,2,"[(0,3200,'p'),(3200,6400,'p'),(6400,9600,'p'),(9600,12800,'p'),(12800,16000,'p'),(16000,19200,'p'),(19200,22400,'p'),(22400,25600,'p'),(25600,28800,'p'),(28800,32000,'p'),(32000,35200,'p'),(35200,38400,'p'),(38400,41600,'p'),(41600,44800,'p'),(44800,48000,'p')]"
85,/Users/ssankey/PycharmProjects/AdvReverb/data/VoxCeleb1/test/id10272/dkN2DIBrXqQ/00002.wav,2,"[(0,3200,'p'),(3200,6400,'p'),(6400,9600,'p'),(9600,12800,'p'),(12800,16000,'p'),(16000,19200,'p'),(19200,22400,'p'),(22400,25600,'p'),(25600,28800,'p'),(28800,32000,'p'),(32000,35200,'p'),(35200,38400,'p'),(38400,41600,'p'),(41600,44800,'p'),(44800,48000,'p')]"
86,/Users/ssankey/PycharmProjects/AdvReverb/data/VoxCeleb1/test/id10272/dkN2DIBrXqQ/00004.wav,2,"[(0,3200,'p'),(3200,6400,'p'),(6400,9600,'p'),(9600,12800,'p'),(12800,16000,'p'),(16000,19200,'p'),(19200,22400,'p'),(22400,25600,'p'),(25600,28800,'p'),(28800,32000,'p'),(32000,35200,'p'),(35200,38400,'p'),(38400,41600,'p'),(41600,44800,'p'),(44800,48000,'p')]"
87,/Users/ssankey/PycharmProjects/AdvReverb/data/VoxCeleb1/test/id10272/dkN2DIBrXqQ/00003.wav,2,"[(0,3200,'p'),(3200,6400,'p'),(6400,9600,'p'),(9600,12800,'p'),(12800,16000,'p'),(16000,19200,'p'),(19200,22400,'p'),(22400,25600,'p'),(25600,28800,'p'),(28800,32000,'p'),(32000,35200,'p'),(35200,38400,'p'),(38400,41600,'p'),(41600,44800,'p'),(44800,48000,'p')]"
88,/Users/ssankey/PycharmProjects/AdvReverb/data/VoxCeleb1/test/id10272/dkN2DIBrXqQ/00005.wav,2,"[(0,3200,'p'),(3200,6400,'p'),(6400,9600,'p'),(9600,12800,'p'),(12800,16000,'p'),(16000,19200,'p'),(19200,22400,'p'),(22400,25600,'p'),(25600,28800,'p'),(28800,32000,'p'),(32000,35200,'p'),(35200,38400,'p'),(38400,41600,'p'),(41600,44800,'p'),(44800,48000,'p')]"
89,/Users/ssankey/PycharmProjects/AdvReverb/data/VoxCeleb1/test/id10272/dkN2DIBrXqQ/00006.wav,2,"[(0,3200,'p'),(3200,6400,'p'),(6400,9600,'p'),(9600,12800,'p'),(12800,16000,'p'),(16000,19200,'p'),(19200,22400,'p'),(22400,25600,'p'),(25600,28800,'p'),(28800,32000,'p'),(32000,35200,'p'),(35200,38400,'p'),(38400,41600,'p'),(41600,44800,'p'),(44800,48000,'p')]"
90,/Users/ssankey/PycharmProjects/AdvReverb/data/VoxCeleb1/test/id10272/dkN2DIBrXqQ/00008.wav,2,"[(0,3200,'p'),(3200,6400,'p'),(6400,9600,'p'),(9600,12800,'p'),(12800,16000,'p'),(16000,19200,'p'),(19200,22400,'p'),(22400,25600,'p'),(25600,28800,'p'),(28800,32000,'p'),(32000,35200,'p'),(35200,38400,'p'),(38400,41600,'p'),(41600,44800,'p'),(44800,48000,'p')]"
91,/Users/ssankey/PycharmProjects/AdvReverb/data/VoxCeleb1/test/id10272/dkN2DIBrXqQ/00007.wav,2,"[(0,3200,'p'),(3200,6400,'p'),(6400,9600,'p'),(9600,12800,'p'),(12800,16000,'p'),(16000,19200,'p'),(19200,22400,'p'),(22400,25600,'p'),(25600,28800,'p'),(28800,32000,'p'),(32000,35200,'p'),(35200,38400,'p'),(38400,41600,'p'),(41600,44800,'p'),(44800,48000,'p')]"
92,/Users/ssankey/PycharmProjects/AdvReverb/data/VoxCeleb1/test/id10272/ho_r24dlPTQ/00001.wav,2,"[(0,3200,'p'),(3200,6400,'p'),(6400,9600,'p'),(9600,12800,'p'),(12800,16000,'p'),(16000,19200,'p'),(19200,22400,'p'),(22400,25600,'p'),(25600,28800,'p'),(28800,32000,'p'),(32000,35200,'p'),(35200,38400,'p'),(38400,41600,'p'),(41600,44800,'p'),(44800,48000,'p')]"
93,/Users/ssankey/PycharmProjects/AdvReverb/data/VoxCeleb1/test/id10272/ho_r24dlPTQ/00002.wav,2,"[(0,3200,'p'),(3200,6400,'p'),(6400,9600,'p'),(9600,12800,'p'),(12800,16000,'p'),(16000,19200,'p'),(19200,22400,'p'),(22400,25600,'p'),(25600,28800,'p'),(28800,32000,'p'),(32000,35200,'p'),(35200,38400,'p'),(38400,41600,'p'),(41600,44800,'p'),(44800,48000,'p')]"
94,/Users/ssankey/PycharmProjects/AdvReverb/data/VoxCeleb1/test/id10272/ho_r24dlPTQ/00003.wav,2,"[(0,3200,'p'),(3200,6400,'p'),(6400,9600,'p'),(9600,12800,'p'),(12800,16000,'p'),(16000,19200,'p'),(19200,22400,'p'),(22400,25600,'p'),(25600,28800,'p'),(28800,32000,'p'),(32000,35200,'p'),(35200,38400,'p'),(38400,41600,'p'),(41600,44800,'p'),(44800,48000,'p')]"
95,/Users/ssankey/PycharmProjects/AdvReverb/data/VoxCeleb1/test/id10272/ho_r24dlPTQ/00004.wav,2,"[(0,3200,'p'),(3200,6400,'p'),(6400,9600,'p'),(9600,12800,'p'),(12800,16000,'p'),(16000,19200,'p'),(19200,22400,'p'),(22400,25600,'p'),(25600,28800,'p'),(28800,32000,'p'),(32000,35200,'p'),(35200,38400,'p'),(38400,41600,'p'),(41600,44800,'p'),(44800,48000,'p')]"
96,/Users/ssankey/PycharmProjects/AdvReverb/data/VoxCeleb1/test/id10272/ho_r24dlPTQ/00005.wav,2,"[(0,3200,'p'),(3200,6400,'p'),(6400,9600,'p'),(9600,12800,'p'),(12800,16000,'p'),(16000,19200,'p'),(19200,22400,'p'),(22400,25600,'p'),(25600,28800,'p'),(28800,32000,'p'),(32000,35200,'p'),(35200,38400,'p'),(38400,41600,'p'),(41600,44800,'p'),(44800,48000,'p')]"
97,/Users/ssankey/PycharmProjects/AdvReverb/data/VoxCeleb1/test/id10272/olePnztkm6U/00001.wav,2,"[(0,3200,'p'),(3200,6400,'p'),(6400,9600,'p'),(9600,12800,'p'),(12800,16000,'p'),(16000,19200,'p'),(19200,22400,'p'),(22400,25600,'p'),(25600,28800,'p'),(28800,32000,'p'),(32000,35200,'p'),(35200,38400,'p'),(38400,41600,'p'),(41600,44800,'p'),(44800,48000,'p')]"
98,/Users/ssankey/PycharmProjects/AdvReverb/data/VoxCeleb1/test/id10272/olePnztkm6U/00002.wav,2,"[(0,3200,'p'),(3200,6400,'p'),(6400,9600,'p'),(9600,12800,'p'),(12800,16000,'p'),(16000,19200,'p'),(19200,22400,'p'),(22400,25600,'p'),(25600,28800,'p'),(28800,32000,'p'),(32000,35200,'p'),(35200,38400,'p'),(38400,41600,'p'),(41600,44800,'p'),(44800,48000,'p')]"
99,/Users/ssankey/PycharmProjects/AdvReverb/data/VoxCeleb1/test/id10272/olePnztkm6U/00003.wav,2,"[(0,3200,'p'),(3200,6400,'p'),(6400,9600,'p'),(9600,12800,'p'),(12800,16000,'p'),(16000,19200,'p'),(19200,22400,'p'),(22400,25600,'p'),(25600,28800,'p'),(28800,32000,'p'),(32000,35200,'p'),(35200,38400,'p'),(38400,41600,'p'),(41600,44800,'p'),(44800,48000,'p')]"
100,/Users/ssankey/PycharmProjects/AdvReverb/data/VoxCeleb1/test/id10272/olePnztkm6U/00004.wav,2,"[(0,3200,'p'),(3200,6400,'p'),(6400,9600,'p'),(9600,12800,'p'),(12800,16000,'p'),(16000,19200,'p'),(19200,22400,'p'),(22400,25600,'p'),(25600,28800,'p'),(28800,32000,'p'),(32000,35200,'p'),(35200,38400,'p'),(38400,41600,'p'),(41600,44800,'p'),(44800,48000,'p')]"
101,/Users/ssankey/PycharmProjects/AdvReverb/data/VoxCeleb1/test/id10272/olePnztkm6U/00005.wav,2,"[(0,3200,'p'),(3200,6400,'p'),(6400,9600,'p'),(9600,12800,'p'),(12800,16000,'p'),(16000,19200,'p'),(19200,22400,'p'),(22400,25600,'p'),(25600,28800,'p'),(28800,32000,'p'),(32000,35200,'p'),(35200,38400,'p'),(38400,41600,'p'),(41600,44800,'p'),(44800,48000,'p')]"
102,/Users/ssankey/PycharmProjects/AdvReverb/data/VoxCeleb1/test/id10272/olePnztkm6U/00006.wav,2,"[(0,3200,'p'),(3200,6400,'p'),(6400,9600,'p'),(9600,12800,'p'),(12800,16000,'p'),(16000,19200,'p'),(19200,22400,'p'),(22400,25600,'p'),(25600,28800,'p'),(28800,32000,'p'),(32000,35200,'p'),(35200,38400,'p'),(38400,41600,'p'),(41600,44800,'p'),(44800,48000,'p')]"
103,/Users/ssankey/PycharmProjects/AdvReverb/data/VoxCeleb1/test/id10272/olePnztkm6U/00007.wav,2,"[(0,3200,'p'),(3200,6400,'p'),(6400,9600,'p'),(9600,12800,'p'),(12800,16000,'p'),(16000,19200,'p'),(19200,22400,'p'),(22400,25600,'p'),(25600,28800,'p'),(28800,32000,'p'),(32000,35200,'p'),(35200,38400,'p'),(38400,41600,'p'),(41600,44800,'p'),(44800,48000,'p')]"
104,/Users/ssankey/PycharmProjects/AdvReverb/data/VoxCeleb1/test/id10272/olePnztkm6U/00008.wav,2,"[(0,3200,'p'),(3200,6400,'p'),(6400,9600,'p'),(9600,12800,'p'),(12800,16000,'p'),(16000,19200,'p'),(19200,22400,'p'),(22400,25600,'p'),(25600,28800,'p'),(28800,32000,'p'),(32000,35200,'p'),(35200,38400,'p'),(38400,41600,'p'),(41600,44800,'p'),(44800,48000,'p')]"
105,/Users/ssankey/PycharmProjects/AdvReverb/data/VoxCeleb1/test/id10272/olePnztkm6U/00009.wav,2,"[(0,3200,'p'),(3200,6400,'p'),(6400,9600,'p'),(9600,12800,'p'),(12800,16000,'p'),(16000,19200,'p'),(19200,22400,'p'),(22400,25600,'p'),(25600,28800,'p'),(28800,32000,'p'),(32000,35200,'p'),(35200,38400,'p'),(38400,41600,'p'),(41600,44800,'p'),(44800,48000,'p')]"
106,/Users/ssankey/PycharmProjects/AdvReverb/data/VoxCeleb1/test/id10272/olePnztkm6U/00010.wav,2,"[(0,3200,'p'),(3200,6400,'p'),(6400,9600,'p'),(9600,12800,'p'),(12800,16000,'p'),(16000,19200,'p'),(19200,22400,'p'),(22400,25600,'p'),(25600,28800,'p'),(28800,32000,'p'),(32000,35200,'p'),(35200,38400,'p'),(38400,41600,'p'),(41600,44800,'p'),(44800,48000,'p')]"
107,/Users/ssankey/PycharmProjects/AdvReverb/data/VoxCeleb1/test/id10272/olePnztkm6U/00011.wav,2,"[(0,3200,'p'),(3200,6400,'p'),(6400,9600,'p'),(9600,12800,'p'),(12800,16000,'p'),(16000,19200,'p'),(19200,22400,'p'),(22400,25600,'p'),(25600,28800,'p'),(28800,32000,'p'),(32000,35200,'p'),(35200,38400,'p'),(38400,41600,'p'),(41600,44800,'p'),(44800,48000,'p')]"
108,/Users/ssankey/PycharmProjects/AdvReverb/data/VoxCeleb1/test/id10272/olePnztkm6U/00012.wav,2,"[(0,3200,'p'),(3200,6400,'p'),(6400,9600,'p'),(9600,12800,'p'),(12800,16000,'p'),(16000,19200,'p'),(19200,22400,'p'),(22400,25600,'p'),(25600,28800,'p'),(28800,32000,'p'),(32000,35200,'p'),(35200,38400,'p'),(38400,41600,'p'),(41600,44800,'p'),(44800,48000,'p')]"
109,/Users/ssankey/PycharmProjects/AdvReverb/data/VoxCeleb1/test/id10272/olePnztkm6U/00013.wav,2,"[(0,3200,'p'),(3200,6400,'p'),(6400,9600,'p'),(9600,12800,'p'),(12800,16000,'p'),(16000,19200,'p'),(19200,22400,'p'),(22400,25600,'p'),(25600,28800,'p'),(28800,32000,'p'),(32000,35200,'p'),(35200,38400,'p'),(38400,41600,'p'),(41600,44800,'p'),(44800,48000,'p')]"
110,/Users/ssankey/PycharmProjects/AdvReverb/data/VoxCeleb1/test/id10272/olePnztkm6U/00014.wav,2,"[(0,3200,'p'),(3200,6400,'p'),(6400,9600,'p'),(9600,12800,'p'),(12800,16000,'p'),(16000,19200,'p'),(19200,22400,'p'),(22400,25600,'p'),(25600,28800,'p'),(28800,32000,'p'),(32000,35200,'p'),(35200,38400,'p'),(38400,41600,'p'),(41600,44800,'p'),(44800,48000,'p')]"
111,/Users/ssankey/PycharmProjects/AdvReverb/data/VoxCeleb1/test/id10272/U-K8tabeDcI/00001.wav,2,"[(0,3200,'p'),(3200,6400,'p'),(6400,9600,'p'),(9600,12800,'p'),(12800,16000,'p'),(16000,19200,'p'),(19200,22400,'p'),(22400,25600,'p'),(25600,28800,'p'),(28800,32000,'p'),(32000,35200,'p'),(35200,38400,'p'),(38400,41600,'p'),(41600,44800,'p'),(44800,48000,'p')]"
112,/Users/ssankey/PycharmProjects/AdvReverb/data/VoxCeleb1/test/id10272/U-K8tabeDcI/00002.wav,2,"[(0,3200,'p'),(3200,6400,'p'),(6400,9600,'p'),(9600,12800,'p'),(12800,16000,'p'),(16000,19200,'p'),(19200,22400,'p'),(22400,25600,'p'),(25600,28800,'p'),(28800,32000,'p'),(32000,35200,'p'),(35200,38400,'p'),(38400,41600,'p'),(41600,44800,'p'),(44800,48000,'p')]"
113,/Users/ssankey/PycharmProjects/AdvReverb/data/VoxCeleb1/test/id10272/U-K8tabeDcI/00003.wav,2,"[(0,3200,'p'),(3200,6400,'p'),(6400,9600,'p'),(9600,12800,'p'),(12800,16000,'p'),(16000,19200,'p'),(19200,22400,'p'),(22400,25600,'p'),(25600,28800,'p'),(28800,32000,'p'),(32000,35200,'p'),(35200,38400,'p'),(38400,41600,'p'),(41600,44800,'p'),(44800,48000,'p')]"
114,/Users/ssankey/PycharmProjects/AdvReverb/data/VoxCeleb1/test/id10272/uuEXZLyyWN8/00001.wav,2,"[(0,3200,'p'),(3200,6400,'p'),(6400,9600,'p'),(9600,12800,'p'),(12800,16000,'p'),(16000,19200,'p'),(19200,22400,'p'),(22400,25600,'p'),(25600,28800,'p'),(28800,32000,'p'),(32000,35200,'p'),(35200,38400,'p'),(38400,41600,'p'),(41600,44800,'p'),(44800,48000,'p')]"
115,/Users/ssankey/PycharmProjects/AdvReverb/data/VoxCeleb1/test/id10272/V10d_shmAaY/00001.wav,2,"[(0,3200,'p'),(3200,6400,'p'),(6400,9600,'p'),(9600,12800,'p'),(12800,16000,'p'),(16000,19200,'p'),(19200,22400,'p'),(22400,25600,'p'),(25600,28800,'p'),(28800,32000,'p'),(32000,35200,'p'),(35200,38400,'p'),(38400,41600,'p'),(41600,44800,'p'),(44800,48000,'p')]"
116,/Users/ssankey/PycharmProjects/AdvReverb/data/VoxCeleb1/test/id10272/vCjjhpaMr4A/00001.wav,2,"[(0,3200,'p'),(3200,6400,'p'),(6400,9600,'p'),(9600,12800,'p'),(12800,16000,'p'),(16000,19200,'p'),(19200,22400,'p'),(22400,25600,'p'),(25600,28800,'p'),(28800,32000,'p'),(32000,35200,'p'),(35200,38400,'p'),(38400,41600,'p'),(41600,44800,'p'),(44800,48000,'p')]"
117,/Users/ssankey/PycharmProjects/AdvReverb/data/VoxCeleb1/test/id10272/wb6ligRbbZ4/00001.wav,2,"[(0,3200,'p'),(3200,6400,'p'),(6400,9600,'p'),(9600,12800,'p'),(12800,16000,'p'),(16000,19200,'p'),(19200,22400,'p'),(22400,25600,'p'),(25600,28800,'p'),(28800,32000,'p'),(32000,35200,'p'),(35200,38400,'p'),(38400,41600,'p'),(41600,44800,'p'),(44800,48000,'p')]"
118,/Users/ssankey/PycharmProjects/AdvReverb/data/VoxCeleb1/test/id10272/wb6ligRbbZ4/00002.wav,2,"[(0,3200,'p'),(3200,6400,'p'),(6400,9600,'p'),(9600,12800,'p'),(12800,16000,'p'),(16000,19200,'p'),(19200,22400,'p'),(22400,25600,'p'),(25600,28800,'p'),(28800,32000,'p'),(32000,35200,'p'),(35200,38400,'p'),(38400,41600,'p'),(41600,44800,'p'),(44800,48000,'p')]"
119,/Users/ssankey/PycharmProjects/AdvReverb/data/VoxCeleb1/test/id10272/wb6ligRbbZ4/00003.wav,2,"[(0,3200,'p'),(3200,6400,'p'),(6400,9600,'p'),(9600,12800,'p'),(12800,16000,'p'),(16000,19200,'p'),(19200,22400,'p'),(22400,25600,'p'),(25600,28800,'p'),(28800,32000,'p'),(32000,35200,'p'),(35200,38400,'p'),(38400,41600,'p'),(41600,44800,'p'),(44800,48000,'p')]"
120,/Users/ssankey/PycharmProjects/AdvReverb/data/VoxCeleb1/test/id10273/0LbtndiXJC0/00004.wav,3,"[(0,3200,'p'),(3200,6400,'p'),(6400,9600,'p'),(9600,12800,'p'),(12800,16000,'p'),(16000,19200,'p'),(19200,22400,'p'),(22400,25600,'p'),(25600,28800,'p'),(28800,32000,'p'),(32000,35200,'p'),(35200,38400,'p'),(38400,41600,'p'),(41600,44800,'p'),(44800,48000,'p')]"
121,/Users/ssankey/PycharmProjects/AdvReverb/data/VoxCeleb1/test/id10273/0LbtndiXJC0/00005.wav,3,"[(0,3200,'p'),(3200,6400,'p'),(6400,9600,'p'),(9600,12800,'p'),(12800,16000,'p'),(16000,19200,'p'),(19200,22400,'p'),(22400,25600,'p'),(25600,28800,'p'),(28800,32000,'p'),(32000,35200,'p'),(35200,38400,'p'),(38400,41600,'p'),(41600,44800,'p'),(44800,48000,'p')]"
122,/Users/ssankey/PycharmProjects/AdvReverb/data/VoxCeleb1/test/id10273/0LbtndiXJC0/00007.wav,3,"[(0,3200,'p'),(3200,6400,'p'),(6400,9600,'p'),(9600,12800,'p'),(12800,16000,'p'),(16000,19200,'p'),(19200,22400,'p'),(22400,25600,'p'),(25600,28800,'p'),(28800,32000,'p'),(32000,35200,'p'),(35200,38400,'p'),(38400,41600,'p'),(41600,44800,'p'),(44800,48000,'p')]"
123,/Users/ssankey/PycharmProjects/AdvReverb/data/VoxCeleb1/test/id10273/0LbtndiXJC0/00006.wav,3,"[(0,3200,'p'),(3200,6400,'p'),(6400,9600,'p'),(9600,12800,'p'),(12800,16000,'p'),(16000,19200,'p'),(19200,22400,'p'),(22400,25600,'p'),(25600,28800,'p'),(28800,32000,'p'),(32000,35200,'p'),(35200,38400,'p'),(38400,41600,'p'),(41600,44800,'p'),(44800,48000,'p')]"
124,/Users/ssankey/PycharmProjects/AdvReverb/data/VoxCeleb1/test/id10273/0LbtndiXJC0/00008.wav,3,"[(0,3200,'p'),(3200,6400,'p'),(6400,9600,'p'),(9600,12800,'p'),(12800,16000,'p'),(16000,19200,'p'),(19200,22400,'p'),(22400,25600,'p'),(25600,28800,'p'),(28800,32000,'p'),(32000,35200,'p'),(35200,38400,'p'),(38400,41600,'p'),(41600,44800,'p'),(44800,48000,'p')]"
125,/Users/ssankey/PycharmProjects/AdvReverb/data/VoxCeleb1/test/id10273/0LbtndiXJC0/00009.wav,3,"[(0,3200,'p'),(3200,6400,'p'),(6400,9600,'p'),(9600,12800,'p'),(12800,16000,'p'),(16000,19200,'p'),(19200,22400,'p'),(22400,25600,'p'),(25600,28800,'p'),(28800,32000,'p'),(32000,35200,'p'),(35200,38400,'p'),(38400,41600,'p'),(41600,44800,'p'),(44800,48000,'p')]"
126,/Users/ssankey/PycharmProjects/AdvReverb/data/VoxCeleb1/test/id10273/0LbtndiXJC0/00010.wav,3,"[(0,3200,'p'),(3200,6400,'p'),(6400,9600,'p'),(9600,12800,'p'),(12800,16000,'p'),(16000,19200,'p'),(19200,22400,'p'),(22400,25600,'p'),(25600,28800,'p'),(28800,32000,'p'),(32000,35200,'p'),(35200,38400,'p'),(38400,41600,'p'),(41600,44800,'p'),(44800,48000,'p')]"
127,/Users/ssankey/PycharmProjects/AdvReverb/data/VoxCeleb1/test/id10273/0LbtndiXJC0/00011.wav,3,"[(0,3200,'p'),(3200,6400,'p'),(6400,9600,'p'),(9600,12800,'p'),(12800,16000,'p'),(16000,19200,'p'),(19200,22400,'p'),(22400,25600,'p'),(25600,28800,'p'),(28800,32000,'p'),(32000,35200,'p'),(35200,38400,'p'),(38400,41600,'p'),(41600,44800,'p'),(44800,48000,'p')]"
128,/Users/ssankey/PycharmProjects/AdvReverb/data/VoxCeleb1/test/id10273/0LbtndiXJC0/00012.wav,3,"[(0,3200,'p'),(3200,6400,'p'),(6400,9600,'p'),(9600,12800,'p'),(12800,16000,'p'),(16000,19200,'p'),(19200,22400,'p'),(22400,25600,'p'),(25600,28800,'p'),(28800,32000,'p'),(32000,35200,'p'),(35200,38400,'p'),(38400,41600,'p'),(41600,44800,'p'),(44800,48000,'p')]"
129,/Users/ssankey/PycharmProjects/AdvReverb/data/VoxCeleb1/test/id10273/0OCW1HUxZyg/00001.wav,3,"[(0,3200,'p'),(3200,6400,'p'),(6400,9600,'p'),(9600,12800,'p'),(12800,16000,'p'),(16000,19200,'p'),(19200,22400,'p'),(22400,25600,'p'),(25600,28800,'p'),(28800,32000,'p'),(32000,35200,'p'),(35200,38400,'p'),(38400,41600,'p'),(41600,44800,'p'),(44800,48000,'p')]"
130,/Users/ssankey/PycharmProjects/AdvReverb/data/VoxCeleb1/test/id10273/0OCW1HUxZyg/00002.wav,3,"[(0,3200,'p'),(3200,6400,'p'),(6400,9600,'p'),(9600,12800,'p'),(12800,16000,'p'),(16000,19200,'p'),(19200,22400,'p'),(22400,25600,'p'),(25600,28800,'p'),(28800,32000,'p'),(32000,35200,'p'),(35200,38400,'p'),(38400,41600,'p'),(41600,44800,'p'),(44800,48000,'p')]"
131,/Users/ssankey/PycharmProjects/AdvReverb/data/VoxCeleb1/test/id10273/0OCW1HUxZyg/00003.wav,3,"[(0,3200,'p'),(3200,6400,'p'),(6400,9600,'p'),(9600,12800,'p'),(12800,16000,'p'),(16000,19200,'p'),(19200,22400,'p'),(22400,25600,'p'),(25600,28800,'p'),(28800,32000,'p'),(32000,35200,'p'),(35200,38400,'p'),(38400,41600,'p'),(41600,44800,'p'),(44800,48000,'p')]"
132,/Users/ssankey/PycharmProjects/AdvReverb/data/VoxCeleb1/test/id10273/0OCW1HUxZyg/00004.wav,3,"[(0,3200,'p'),(3200,6400,'p'),(6400,9600,'p'),(9600,12800,'p'),(12800,16000,'p'),(16000,19200,'p'),(19200,22400,'p'),(22400,25600,'p'),(25600,28800,'p'),(28800,32000,'p'),(32000,35200,'p'),(35200,38400,'p'),(38400,41600,'p'),(41600,44800,'p'),(44800,48000,'p')]"
133,/Users/ssankey/PycharmProjects/AdvReverb/data/VoxCeleb1/test/id10273/3i_6peYQarY/00001.wav,3,"[(0,3200,'p'),(3200,6400,'p'),(6400,9600,'p'),(9600,12800,'p'),(12800,16000,'p'),(16000,19200,'p'),(19200,22400,'p'),(22400,25600,'p'),(25600,28800,'p'),(28800,32000,'p'),(32000,35200,'p'),(35200,38400,'p'),(38400,41600,'p'),(41600,44800,'p'),(44800,48000,'p')]"
134,/Users/ssankey/PycharmProjects/AdvReverb/data/VoxCeleb1/test/id10273/58VB-LYIoRM/00001.wav,3,"[(0,3200,'p'),(3200,6400,'p'),(6400,9600,'p'),(9600,12800,'p'),(12800,16000,'p'),(16000,19200,'p'),(19200,22400,'p'),(22400,25600,'p'),(25600,28800,'p'),(28800,32000,'p'),(32000,35200,'p'),(35200,38400,'p'),(38400,41600,'p'),(41600,44800,'p'),(44800,48000,'p')]"
135,/Users/ssankey/PycharmProjects/AdvReverb/data/VoxCeleb1/test/id10273/58VB-LYIoRM/00002.wav,3,"[(0,3200,'p'),(3200,6400,'p'),(6400,9600,'p'),(9600,12800,'p'),(12800,16000,'p'),(16000,19200,'p'),(19200,22400,'p'),(22400,25600,'p'),(25600,28800,'p'),(28800,32000,'p'),(32000,35200,'p'),(35200,38400,'p'),(38400,41600,'p'),(41600,44800,'p'),(44800,48000,'p')]"
136,/Users/ssankey/PycharmProjects/AdvReverb/data/VoxCeleb1/test/id10273/58VB-LYIoRM/00003.wav,3,"[(0,3200,'p'),(3200,6400,'p'),(6400,9600,'p'),(9600,12800,'p'),(12800,16000,'p'),(16000,19200,'p'),(19200,22400,'p'),(22400,25600,'p'),(25600,28800,'p'),(28800,32000,'p'),(32000,35200,'p'),(35200,38400,'p'),(38400,41600,'p'),(41600,44800,'p'),(44800,48000,'p')]"
137,/Users/ssankey/PycharmProjects/AdvReverb/data/VoxCeleb1/test/id10273/58VB-LYIoRM/00004.wav,3,"[(0,3200,'p'),(3200,6400,'p'),(6400,9600,'p'),(9600,12800,'p'),(12800,16000,'p'),(16000,19200,'p'),(19200,22400,'p'),(22400,25600,'p'),(25600,28800,'p'),(28800,32000,'p'),(32000,35200,'p'),(35200,38400,'p'),(38400,41600,'p'),(41600,44800,'p'),(44800,48000,'p')]"
138,/Users/ssankey/PycharmProjects/AdvReverb/data/VoxCeleb1/test/id10273/58VB-LYIoRM/00005.wav,3,"[(0,3200,'p'),(3200,6400,'p'),(6400,9600,'p'),(9600,12800,'p'),(12800,16000,'p'),(16000,19200,'p'),(19200,22400,'p'),(22400,25600,'p'),(25600,28800,'p'),(28800,32000,'p'),(32000,35200,'p'),(35200,38400,'p'),(38400,41600,'p'),(41600,44800,'p'),(44800,48000,'p')]"
139,/Users/ssankey/PycharmProjects/AdvReverb/data/VoxCeleb1/test/id10273/5TWpQYtboq0/00001.wav,3,"[(0,3200,'p'),(3200,6400,'p'),(6400,9600,'p'),(9600,12800,'p'),(12800,16000,'p'),(16000,19200,'p'),(19200,22400,'p'),(22400,25600,'p'),(25600,28800,'p'),(28800,32000,'p'),(32000,35200,'p'),(35200,38400,'p'),(38400,41600,'p'),(41600,44800,'p'),(44800,48000,'p')]"
140,/Users/ssankey/PycharmProjects/AdvReverb/data/VoxCeleb1/test/id10273/5TWpQYtboq0/00002.wav,3,"[(0,3200,'p'),(3200,6400,'p'),(6400,9600,'p'),(9600,12800,'p'),(12800,16000,'p'),(16000,19200,'p'),(19200,22400,'p'),(22400,25600,'p'),(25600,28800,'p'),(28800,32000,'p'),(32000,35200,'p'),(35200,38400,'p'),(38400,41600,'p'),(41600,44800,'p'),(44800,48000,'p')]"
141,/Users/ssankey/PycharmProjects/AdvReverb/data/VoxCeleb1/test/id10273/5TWpQYtboq0/00003.wav,3,"[(0,3200,'p'),(3200,6400,'p'),(6400,9600,'p'),(9600,12800,'p'),(12800,16000,'p'),(16000,19200,'p'),(19200,22400,'p'),(22400,25600,'p'),(25600,28800,'p'),(28800,32000,'p'),(32000,35200,'p'),(35200,38400,'p'),(38400,41600,'p'),(41600,44800,'p'),(44800,48000,'p')]"
142,/Users/ssankey/PycharmProjects/AdvReverb/data/VoxCeleb1/test/id10273/5TWpQYtboq0/00004.wav,3,"[(0,3200,'p'),(3200,6400,'p'),(6400,9600,'p'),(9600,12800,'p'),(12800,16000,'p'),(16000,19200,'p'),(19200,22400,'p'),(22400,25600,'p'),(25600,28800,'p'),(28800,32000,'p'),(32000,35200,'p'),(35200,38400,'p'),(38400,41600,'p'),(41600,44800,'p'),(44800,48000,'p')]"
143,/Users/ssankey/PycharmProjects/AdvReverb/data/VoxCeleb1/test/id10273/5TWpQYtboq0/00005.wav,3,"[(0,3200,'p'),(3200,6400,'p'),(6400,9600,'p'),(9600,12800,'p'),(12800,16000,'p'),(16000,19200,'p'),(19200,22400,'p'),(22400,25600,'p'),(25600,28800,'p'),(28800,32000,'p'),(32000,35200,'p'),(35200,38400,'p'),(38400,41600,'p'),(41600,44800,'p'),(44800,48000,'p')]"
144,/Users/ssankey/PycharmProjects/AdvReverb/data/VoxCeleb1/test/id10273/5TWpQYtboq0/00006.wav,3,"[(0,3200,'p'),(3200,6400,'p'),(6400,9600,'p'),(9600,12800,'p'),(12800,16000,'p'),(16000,19200,'p'),(19200,22400,'p'),(22400,25600,'p'),(25600,28800,'p'),(28800,32000,'p'),(32000,35200,'p'),(35200,38400,'p'),(38400,41600,'p'),(41600,44800,'p'),(44800,48000,'p')]"
145,/Users/ssankey/PycharmProjects/AdvReverb/data/VoxCeleb1/test/id10273/5TWpQYtboq0/00007.wav,3,"[(0,3200,'p'),(3200,6400,'p'),(6400,9600,'p'),(9600,12800,'p'),(12800,16000,'p'),(16000,19200,'p'),(19200,22400,'p'),(22400,25600,'p'),(25600,28800,'p'),(28800,32000,'p'),(32000,35200,'p'),(35200,38400,'p'),(38400,41600,'p'),(41600,44800,'p'),(44800,48000,'p')]"
146,/Users/ssankey/PycharmProjects/AdvReverb/data/VoxCeleb1/test/id10273/5TWpQYtboq0/00008.wav,3,"[(0,3200,'p'),(3200,6400,'p'),(6400,9600,'p'),(9600,12800,'p'),(12800,16000,'p'),(16000,19200,'p'),(19200,22400,'p'),(22400,25600,'p'),(25600,28800,'p'),(28800,32000,'p'),(32000,35200,'p'),(35200,38400,'p'),(38400,41600,'p'),(41600,44800,'p'),(44800,48000,'p')]"
147,/Users/ssankey/PycharmProjects/AdvReverb/data/VoxCeleb1/test/id10273/5TWpQYtboq0/00009.wav,3,"[(0,3200,'p'),(3200,6400,'p'),(6400,9600,'p'),(9600,12800,'p'),(12800,16000,'p'),(16000,19200,'p'),(19200,22400,'p'),(22400,25600,'p'),(25600,28800,'p'),(28800,32000,'p'),(32000,35200,'p'),(35200,38400,'p'),(38400,41600,'p'),(41600,44800,'p'),(44800,48000,'p')]"
148,/Users/ssankey/PycharmProjects/AdvReverb/data/VoxCeleb1/test/id10273/5TWpQYtboq0/00010.wav,3,"[(0,3200,'p'),(3200,6400,'p'),(6400,9600,'p'),(9600,12800,'p'),(12800,16000,'p'),(16000,19200,'p'),(19200,22400,'p'),(22400,25600,'p'),(25600,28800,'p'),(28800,32000,'p'),(32000,35200,'p'),(35200,38400,'p'),(38400,41600,'p'),(41600,44800,'p'),(44800,48000,'p')]"
149,/Users/ssankey/PycharmProjects/AdvReverb/data/VoxCeleb1/test/id10273/5TWpQYtboq0/00011.wav,3,"[(0,3200,'p'),(3200,6400,'p'),(6400,9600,'p'),(9600,12800,'p'),(12800,16000,'p'),(16000,19200,'p'),(19200,22400,'p'),(22400,25600,'p'),(25600,28800,'p'),(28800,32000,'p'),(32000,35200,'p'),(35200,38400,'p'),(38400,41600,'p'),(41600,44800,'p'),(44800,48000,'p')]"
150,/Users/ssankey/PycharmProjects/AdvReverb/data/VoxCeleb1/test/id10273/5TWpQYtboq0/00012.wav,3,"[(0,3200,'p'),(3200,6400,'p'),(6400,9600,'p'),(9600,12800,'p'),(12800,16000,'p'),(16000,19200,'p'),(19200,22400,'p'),(22400,25600,'p'),(25600,28800,'p'),(28800,32000,'p'),(32000,35200,'p'),(35200,38400,'p'),(38400,41600,'p'),(41600,44800,'p'),(44800,48000,'p')]"
151,/Users/ssankey/PycharmProjects/AdvReverb/data/VoxCeleb1/test/id10273/8cfyJEV7hP8/00001.wav,3,"[(0,3200,'p'),(3200,6400,'p'),(6400,9600,'p'),(9600,12800,'p'),(12800,16000,'p'),(16000,19200,'p'),(19200,22400,'p'),(22400,25600,'p'),(25600,28800,'p'),(28800,32000,'p'),(32000,35200,'p'),(35200,38400,'p'),(38400,41600,'p'),(41600,44800,'p'),(44800,48000,'p')]"
152,/Users/ssankey/PycharmProjects/AdvReverb/data/VoxCeleb1/test/id10273/8cfyJEV7hP8/00002.wav,3,"[(0,3200,'p'),(3200,6400,'p'),(6400,9600,'p'),(9600,12800,'p'),(12800,16000,'p'),(16000,19200,'p'),(19200,22400,'p'),(22400,25600,'p'),(25600,28800,'p'),(28800,32000,'p'),(32000,35200,'p'),(35200,38400,'p'),(38400,41600,'p'),(41600,44800,'p'),(44800,48000,'p')]"
153,/Users/ssankey/PycharmProjects/AdvReverb/data/VoxCeleb1/test/id10273/8cfyJEV7hP8/00003.wav,3,"[(0,3200,'p'),(3200,6400,'p'),(6400,9600,'p'),(9600,12800,'p'),(12800,16000,'p'),(16000,19200,'p'),(19200,22400,'p'),(22400,25600,'p'),(25600,28800,'p'),(28800,32000,'p'),(32000,35200,'p'),(35200,38400,'p'),(38400,41600,'p'),(41600,44800,'p'),(44800,48000,'p')]"
154,/Users/ssankey/PycharmProjects/AdvReverb/data/VoxCeleb1/test/id10273/8cfyJEV7hP8/00004.wav,3,"[(0,3200,'p'),(3200,6400,'p'),(6400,9600,'p'),(9600,12800,'p'),(12800,16000,'p'),(16000,19200,'p'),(19200,22400,'p'),(22400,25600,'p'),(25600,28800,'p'),(28800,32000,'p'),(32000,35200,'p'),(35200,38400,'p'),(38400,41600,'p'),(41600,44800,'p'),(44800,48000,'p')]"
155,/Users/ssankey/PycharmProjects/AdvReverb/data/VoxCeleb1/test/id10273/8cfyJEV7hP8/00005.wav,3,"[(0,3200,'p'),(3200,6400,'p'),(6400,9600,'p'),(9600,12800,'p'),(12800,16000,'p'),(16000,19200,'p'),(19200,22400,'p'),(22400,25600,'p'),(25600,28800,'p'),(28800,32000,'p'),(32000,35200,'p'),(35200,38400,'p'),(38400,41600,'p'),(41600,44800,'p'),(44800,48000,'p')]"
156,/Users/ssankey/PycharmProjects/AdvReverb/data/VoxCeleb1/test/id10273/8cfyJEV7hP8/00006.wav,3,"[(0,3200,'p'),(3200,6400,'p'),(6400,9600,'p'),(9600,12800,'p'),(12800,16000,'p'),(16000,19200,'p'),(19200,22400,'p'),(22400,25600,'p'),(25600,28800,'p'),(28800,32000,'p'),(32000,35200,'p'),(35200,38400,'p'),(38400,41600,'p'),(41600,44800,'p'),(44800,48000,'p')]"
157,/Users/ssankey/PycharmProjects/AdvReverb/data/VoxCeleb1/test/id10273/8cfyJEV7hP8/00007.wav,3,"[(0,3200,'p'),(3200,6400,'p'),(6400,9600,'p'),(9600,12800,'p'),(12800,16000,'p'),(16000,19200,'p'),(19200,22400,'p'),(22400,25600,'p'),(25600,28800,'p'),(28800,32000,'p'),(32000,35200,'p'),(35200,38400,'p'),(38400,41600,'p'),(41600,44800,'p'),(44800,48000,'p')]"
158,/Users/ssankey/PycharmProjects/AdvReverb/data/VoxCeleb1/test/id10273/8cfyJEV7hP8/00008.wav,3,"[(0,3200,'p'),(3200,6400,'p'),(6400,9600,'p'),(9600,12800,'p'),(12800,16000,'p'),(16000,19200,'p'),(19200,22400,'p'),(22400,25600,'p'),(25600,28800,'p'),(28800,32000,'p'),(32000,35200,'p'),(35200,38400,'p'),(38400,41600,'p'),(41600,44800,'p'),(44800,48000,'p')]"
159,/Users/ssankey/PycharmProjects/AdvReverb/data/VoxCeleb1/test/id10273/8cfyJEV7hP8/00009.wav,3,"[(0,3200,'p'),(3200,6400,'p'),(6400,9600,'p'),(9600,12800,'p'),(12800,16000,'p'),(16000,19200,'p'),(19200,22400,'p'),(22400,25600,'p'),(25600,28800,'p'),(28800,32000,'p'),(32000,35200,'p'),(35200,38400,'p'),(38400,41600,'p'),(41600,44800,'p'),(44800,48000,'p')]"
160,/Users/ssankey/PycharmProjects/AdvReverb/data/VoxCeleb1/test/id10274/89UnsytX6Y8/00001.wav,4,"[(0,3200,'p'),(3200,6400,'p'),(6400,9600,'p'),(9600,12800,'p'),(12800,16000,'p'),(16000,19200,'p'),(19200,22400,'p'),(22400,25600,'p'),(25600,28800,'p'),(28800,32000,'p'),(32000,35200,'p'),(35200,38400,'p'),(38400,41600,'p'),(41600,44800,'p'),(44800,48000,'p')]"
161,/Users/ssankey/PycharmProjects/AdvReverb/data/VoxCeleb1/test/id10274/89UnsytX6Y8/00002.wav,4,"[(0,3200,'p'),(3200,6400,'p'),(6400,9600,'p'),(9600,12800,'p'),(12800,16000,'p'),(16000,19200,'p'),(19200,22400,'p'),(22400,25600,'p'),(25600,28800,'p'),(28800,32000,'p'),(32000,35200,'p'),(35200,38400,'p'),(38400,41600,'p'),(41600,44800,'p'),(44800,48000,'p')]"
162,/Users/ssankey/PycharmProjects/AdvReverb/data/VoxCeleb1/test/id10274/89UnsytX6Y8/00003.wav,4,"[(0,3200,'p'),(3200,6400,'p'),(6400,9600,'p'),(9600,12800,'p'),(12800,16000,'p'),(16000,19200,'p'),(19200,22400,'p'),(22400,25600,'p'),(25600,28800,'p'),(28800,32000,'p'),(32000,35200,'p'),(35200,38400,'p'),(38400,41600,'p'),(41600,44800,'p'),(44800,48000,'p')]"
163,/Users/ssankey/PycharmProjects/AdvReverb/data/VoxCeleb1/test/id10274/89UnsytX6Y8/00004.wav,4,"[(0,3200,'p'),(3200,6400,'p'),(6400,9600,'p'),(9600,12800,'p'),(12800,16000,'p'),(16000,19200,'p'),(19200,22400,'p'),(22400,25600,'p'),(25600,28800,'p'),(28800,32000,'p'),(32000,35200,'p'),(35200,38400,'p'),(38400,41600,'p'),(41600,44800,'p'),(44800,48000,'p')]"
164,/Users/ssankey/PycharmProjects/AdvReverb/data/VoxCeleb1/test/id10274/89UnsytX6Y8/00005.wav,4,"[(0,3200,'p'),(3200,6400,'p'),(6400,9600,'p'),(9600,12800,'p'),(12800,16000,'p'),(16000,19200,'p'),(19200,22400,'p'),(22400,25600,'p'),(25600,28800,'p'),(28800,32000,'p'),(32000,35200,'p'),(35200,38400,'p'),(38400,41600,'p'),(41600,44800,'p'),(44800,48000,'p')]"
165,/Users/ssankey/PycharmProjects/AdvReverb/data/VoxCeleb1/test/id10274/89UnsytX6Y8/00006.wav,4,"[(0,3200,'p'),(3200,6400,'p'),(6400,9600,'p'),(9600,12800,'p'),(12800,16000,'p'),(16000,19200,'p'),(19200,22400,'p'),(22400,25600,'p'),(25600,28800,'p'),(28800,32000,'p'),(32000,35200,'p'),(35200,38400,'p'),(38400,41600,'p'),(41600,44800,'p'),(44800,48000,'p')]"
166,/Users/ssankey/PycharmProjects/AdvReverb/data/VoxCeleb1/test/id10274/89UnsytX6Y8/00007.wav,4,"[(0,3200,'p'),(3200,6400,'p'),(6400,9600,'p'),(9600,12800,'p'),(12800,16000,'p'),(16000,19200,'p'),(19200,22400,'p'),(22400,25600,'p'),(25600,28800,'p'),(28800,32000,'p'),(32000,35200,'p'),(35200,38400,'p'),(38400,41600,'p'),(41600,44800,'p'),(44800,48000,'p')]"
167,/Users/ssankey/PycharmProjects/AdvReverb/data/VoxCeleb1/test/id10274/89UnsytX6Y8/00008.wav,4,"[(0,3200,'p'),(3200,6400,'p'),(6400,9600,'p'),(9600,12800,'p'),(12800,16000,'p'),(16000,19200,'p'),(19200,22400,'p'),(22400,25600,'p'),(25600,28800,'p'),(28800,32000,'p'),(32000,35200,'p'),(35200,38400,'p'),(38400,41600,'p'),(41600,44800,'p'),(44800,48000,'p')]"
168,/Users/ssankey/PycharmProjects/AdvReverb/data/VoxCeleb1/test/id10274/89UnsytX6Y8/00009.wav,4,"[(0,3200,'p'),(3200,6400,'p'),(6400,9600,'p'),(9600,12800,'p'),(12800,16000,'p'),(16000,19200,'p'),(19200,22400,'p'),(22400,25600,'p'),(25600,28800,'p'),(28800,32000,'p'),(32000,35200,'p'),(35200,38400,'p'),(38400,41600,'p'),(41600,44800,'p'),(44800,48000,'p')]"
169,/Users/ssankey/PycharmProjects/AdvReverb/data/VoxCeleb1/test/id10274/89UnsytX6Y8/00010.wav,4,"[(0,3200,'p'),(3200,6400,'p'),(6400,9600,'p'),(9600,12800,'p'),(12800,16000,'p'),(16000,19200,'p'),(19200,22400,'p'),(22400,25600,'p'),(25600,28800,'p'),(28800,32000,'p'),(32000,35200,'p'),(35200,38400,'p'),(38400,41600,'p'),(41600,44800,'p'),(44800,48000,'p')]"
170,/Users/ssankey/PycharmProjects/AdvReverb/data/VoxCeleb1/test/id10274/89UnsytX6Y8/00011.wav,4,"[(0,3200,'p'),(3200,6400,'p'),(6400,9600,'p'),(9600,12800,'p'),(12800,16000,'p'),(16000,19200,'p'),(19200,22400,'p'),(22400,25600,'p'),(25600,28800,'p'),(28800,32000,'p'),(32000,35200,'p'),(35200,38400,'p'),(38400,41600,'p'),(41600,44800,'p'),(44800,48000,'p')]"
171,/Users/ssankey/PycharmProjects/AdvReverb/data/VoxCeleb1/test/id10274/L9q6XabEpEI/00001.wav,4,"[(0,3200,'p'),(3200,6400,'p'),(6400,9600,'p'),(9600,12800,'p'),(12800,16000,'p'),(16000,19200,'p'),(19200,22400,'p'),(22400,25600,'p'),(25600,28800,'p'),(28800,32000,'p'),(32000,35200,'p'),(35200,38400,'p'),(38400,41600,'p'),(41600,44800,'p'),(44800,48000,'p')]"
172,/Users/ssankey/PycharmProjects/AdvReverb/data/VoxCeleb1/test/id10274/L9q6XabEpEI/00002.wav,4,"[(0,3200,'p'),(3200,6400,'p'),(6400,9600,'p'),(9600,12800,'p'),(12800,16000,'p'),(16000,19200,'p'),(19200,22400,'p'),(22400,25600,'p'),(25600,28800,'p'),(28800,32000,'p'),(32000,35200,'p'),(35200,38400,'p'),(38400,41600,'p'),(41600,44800,'p'),(44800,48000,'p')]"
173,/Users/ssankey/PycharmProjects/AdvReverb/data/VoxCeleb1/test/id10274/L9q6XabEpEI/00003.wav,4,"[(0,3200,'p'),(3200,6400,'p'),(6400,9600,'p'),(9600,12800,'p'),(12800,16000,'p'),(16000,19200,'p'),(19200,22400,'p'),(22400,25600,'p'),(25600,28800,'p'),(28800,32000,'p'),(32000,35200,'p'),(35200,38400,'p'),(38400,41600,'p'),(41600,44800,'p'),(44800,48000,'p')]"
174,/Users/ssankey/PycharmProjects/AdvReverb/data/VoxCeleb1/test/id10274/L9q6XabEpEI/00004.wav,4,"[(0,3200,'p'),(3200,6400,'p'),(6400,9600,'p'),(9600,12800,'p'),(12800,16000,'p'),(16000,19200,'p'),(19200,22400,'p'),(22400,25600,'p'),(25600,28800,'p'),(28800,32000,'p'),(32000,35200,'p'),(35200,38400,'p'),(38400,41600,'p'),(41600,44800,'p'),(44800,48000,'p')]"
175,/Users/ssankey/PycharmProjects/AdvReverb/data/VoxCeleb1/test/id10274/L9q6XabEpEI/00005.wav,4,"[(0,3200,'p'),(3200,6400,'p'),(6400,9600,'p'),(9600,12800,'p'),(12800,16000,'p'),(16000,19200,'p'),(19200,22400,'p'),(22400,25600,'p'),(25600,28800,'p'),(28800,32000,'p'),(32000,35200,'p'),(35200,38400,'p'),(38400,41600,'p'),(41600,44800,'p'),(44800,48000,'p')]"
176,/Users/ssankey/PycharmProjects/AdvReverb/data/VoxCeleb1/test/id10274/L9q6XabEpEI/00006.wav,4,"[(0,3200,'p'),(3200,6400,'p'),(6400,9600,'p'),(9600,12800,'p'),(12800,16000,'p'),(16000,19200,'p'),(19200,22400,'p'),(22400,25600,'p'),(25600,28800,'p'),(28800,32000,'p'),(32000,35200,'p'),(35200,38400,'p'),(38400,41600,'p'),(41600,44800,'p'),(44800,48000,'p')]"
177,/Users/ssankey/PycharmProjects/AdvReverb/data/VoxCeleb1/test/id10274/L9q6XabEpEI/00007.wav,4,"[(0,3200,'p'),(3200,6400,'p'),(6400,9600,'p'),(9600,12800,'p'),(12800,16000,'p'),(16000,19200,'p'),(19200,22400,'p'),(22400,25600,'p'),(25600,28800,'p'),(28800,32000,'p'),(32000,35200,'p'),(35200,38400,'p'),(38400,41600,'p'),(41600,44800,'p'),(44800,48000,'p')]"
178,/Users/ssankey/PycharmProjects/AdvReverb/data/VoxCeleb1/test/id10274/L9q6XabEpEI/00008.wav,4,"[(0,3200,'p'),(3200,6400,'p'),(6400,9600,'p'),(9600,12800,'p'),(12800,16000,'p'),(16000,19200,'p'),(19200,22400,'p'),(22400,25600,'p'),(25600,28800,'p'),(28800,32000,'p'),(32000,35200,'p'),(35200,38400,'p'),(38400,41600,'p'),(41600,44800,'p'),(44800,48000,'p')]"
179,/Users/ssankey/PycharmProjects/AdvReverb/data/VoxCeleb1/test/id10274/L9q6XabEpEI/00009.wav,4,"[(0,3200,'p'),(3200,6400,'p'),(6400,9600,'p'),(9600,12800,'p'),(12800,16000,'p'),(16000,19200,'p'),(19200,22400,'p'),(22400,25600,'p'),(25600,28800,'p'),(28800,32000,'p'),(32000,35200,'p'),(35200,38400,'p'),(38400,41600,'p'),(41600,44800,'p'),(44800,48000,'p')]"
180,/Users/ssankey/PycharmProjects/AdvReverb/data/VoxCeleb1/test/id10274/L9q6XabEpEI/00010.wav,4,"[(0,3200,'p'),(3200,6400,'p'),(6400,9600,'p'),(9600,12800,'p'),(12800,16000,'p'),(16000,19200,'p'),(19200,22400,'p'),(22400,25600,'p'),(25600,28800,'p'),(28800,32000,'p'),(32000,35200,'p'),(35200,38400,'p'),(38400,41600,'p'),(41600,44800,'p'),(44800,48000,'p')]"
181,/Users/ssankey/PycharmProjects/AdvReverb/data/VoxCeleb1/test/id10274/L9q6XabEpEI/00011.wav,4,"[(0,3200,'p'),(3200,6400,'p'),(6400,9600,'p'),(9600,12800,'p'),(12800,16000,'p'),(16000,19200,'p'),(19200,22400,'p'),(22400,25600,'p'),(25600,28800,'p'),(28800,32000,'p'),(32000,35200,'p'),(35200,38400,'p'),(38400,41600,'p'),(41600,44800,'p'),(44800,48000,'p')]"
182,/Users/ssankey/PycharmProjects/AdvReverb/data/VoxCeleb1/test/id10274/O9xLIdaUG-k/00001.wav,4,"[(0,3200,'p'),(3200,6400,'p'),(6400,9600,'p'),(9600,12800,'p'),(12800,16000,'p'),(16000,19200,'p'),(19200,22400,'p'),(22400,25600,'p'),(25600,28800,'p'),(28800,32000,'p'),(32000,35200,'p'),(35200,38400,'p'),(38400,41600,'p'),(41600,44800,'p'),(44800,48000,'p')]"
183,/Users/ssankey/PycharmProjects/AdvReverb/data/VoxCeleb1/test/id10274/O9xLIdaUG-k/00002.wav,4,"[(0,3200,'p'),(3200,6400,'p'),(6400,9600,'p'),(9600,12800,'p'),(12800,16000,'p'),(16000,19200,'p'),(19200,22400,'p'),(22400,25600,'p'),(25600,28800,'p'),(28800,32000,'p'),(32000,35200,'p'),(35200,38400,'p'),(38400,41600,'p'),(41600,44800,'p'),(44800,48000,'p')]"
184,/Users/ssankey/PycharmProjects/AdvReverb/data/VoxCeleb1/test/id10274/O9xLIdaUG-k/00003.wav,4,"[(0,3200,'p'),(3200,6400,'p'),(6400,9600,'p'),(9600,12800,'p'),(12800,16000,'p'),(16000,19200,'p'),(19200,22400,'p'),(22400,25600,'p'),(25600,28800,'p'),(28800,32000,'p'),(32000,35200,'p'),(35200,38400,'p'),(38400,41600,'p'),(41600,44800,'p'),(44800,48000,'p')]"
185,/Users/ssankey/PycharmProjects/AdvReverb/data/VoxCeleb1/test/id10274/O9xLIdaUG-k/00004.wav,4,"[(0,3200,'p'),(3200,6400,'p'),(6400,9600,'p'),(9600,12800,'p'),(12800,16000,'p'),(16000,19200,'p'),(19200,22400,'p'),(22400,25600,'p'),(25600,28800,'p'),(28800,32000,'p'),(32000,35200,'p'),(35200,38400,'p'),(38400,41600,'p'),(41600,44800,'p'),(44800,48000,'p')]"
186,/Users/ssankey/PycharmProjects/AdvReverb/data/VoxCeleb1/test/id10274/O9xLIdaUG-k/00005.wav,4,"[(0,3200,'p'),(3200,6400,'p'),(6400,9600,'p'),(9600,12800,'p'),(12800,16000,'p'),(16000,19200,'p'),(19200,22400,'p'),(22400,25600,'p'),(25600,28800,'p'),(28800,32000,'p'),(32000,35200,'p'),(35200,38400,'p'),(38400,41600,'p'),(41600,44800,'p'),(44800,48000,'p')]"
187,/Users/ssankey/PycharmProjects/AdvReverb/data/VoxCeleb1/test/id10274/s7vZT3_8Smo/00001.wav,4,"[(0,3200,'p'),(3200,6400,'p'),(6400,9600,'p'),(9600,12800,'p'),(12800,16000,'p'),(16000,19200,'p'),(19200,22400,'p'),(22400,25600,'p'),(25600,28800,'p'),(28800,32000,'p'),(32000,35200,'p'),(35200,38400,'p'),(38400,41600,'p'),(41600,44800,'p'),(44800,48000,'p')]"
188,/Users/ssankey/PycharmProjects/AdvReverb/data/VoxCeleb1/test/id10274/s7vZT3_8Smo/00002.wav,4,"[(0,3200,'p'),(3200,6400,'p'),(6400,9600,'p'),(9600,12800,'p'),(12800,16000,'p'),(16000,19200,'p'),(19200,22400,'p'),(22400,25600,'p'),(25600,28800,'p'),(28800,32000,'p'),(32000,35200,'p'),(35200,38400,'p'),(38400,41600,'p'),(41600,44800,'p'),(44800,48000,'p')]"
189,/Users/ssankey/PycharmProjects/AdvReverb/data/VoxCeleb1/test/id10274/s7vZT3_8Smo/00003.wav,4,"[(0,3200,'p'),(3200,6400,'p'),(6400,9600,'p'),(9600,12800,'p'),(12800,16000,'p'),(16000,19200,'p'),(19200,22400,'p'),(22400,25600,'p'),(25600,28800,'p'),(28800,32000,'p'),(32000,35200,'p'),(35200,38400,'p'),(38400,41600,'p'),(41600,44800,'p'),(44800,48000,'p')]"
190,/Users/ssankey/PycharmProjects/AdvReverb/data/VoxCeleb1/test/id10274/s7vZT3_8Smo/00004.wav,4,"[(0,3200,'p'),(3200,6400,'p'),(6400,9600,'p'),(9600,12800,'p'),(12800,16000,'p'),(16000,19200,'p'),(19200,22400,'p'),(22400,25600,'p'),(25600,28800,'p'),(28800,32000,'p'),(32000,35200,'p'),(35200,38400,'p'),(38400,41600,'p'),(41600,44800,'p'),(44800,48000,'p')]"
191,/Users/ssankey/PycharmProjects/AdvReverb/data/VoxCeleb1/test/id10274/s7vZT3_8Smo/00005.wav,4,"[(0,3200,'p'),(3200,6400,'p'),(6400,9600,'p'),(9600,12800,'p'),(12800,16000,'p'),(16000,19200,'p'),(19200,22400,'p'),(22400,25600,'p'),(25600,28800,'p'),(28800,32000,'p'),(32000,35200,'p'),(35200,38400,'p'),(38400,41600,'p'),(41600,44800,'p'),(44800,48000,'p')]"
192,/Users/ssankey/PycharmProjects/AdvReverb/data/VoxCeleb1/test/id10274/s7vZT3_8Smo/00006.wav,4,"[(0,3200,'p'),(3200,6400,'p'),(6400,9600,'p'),(9600,12800,'p'),(12800,16000,'p'),(16000,19200,'p'),(19200,22400,'p'),(22400,25600,'p'),(25600,28800,'p'),(28800,32000,'p'),(32000,35200,'p'),(35200,38400,'p'),(38400,41600,'p'),(41600,44800,'p'),(44800,48000,'p')]"
193,/Users/ssankey/PycharmProjects/AdvReverb/data/VoxCeleb1/test/id10274/s7vZT3_8Smo/00007.wav,4,"[(0,3200,'p'),(3200,6400,'p'),(6400,9600,'p'),(9600,12800,'p'),(12800,16000,'p'),(16000,19200,'p'),(19200,22400,'p'),(22400,25600,'p'),(25600,28800,'p'),(28800,32000,'p'),(32000,35200,'p'),(35200,38400,'p'),(38400,41600,'p'),(41600,44800,'p'),(44800,48000,'p')]"
194,/Users/ssankey/PycharmProjects/AdvReverb/data/VoxCeleb1/test/id10274/s7vZT3_8Smo/00008.wav,4,"[(0,3200,'p'),(3200,6400,'p'),(6400,9600,'p'),(9600,12800,'p'),(12800,16000,'p'),(16000,19200,'p'),(19200,22400,'p'),(22400,25600,'p'),(25600,28800,'p'),(28800,32000,'p'),(32000,35200,'p'),(35200,38400,'p'),(38400,41600,'p'),(41600,44800,'p'),(44800,48000,'p')]"
195,/Users/ssankey/PycharmProjects/AdvReverb/data/VoxCeleb1/test/id10274/s7vZT3_8Smo/00009.wav,4,"[(0,3200,'p'),(3200,6400,'p'),(6400,9600,'p'),(9600,12800,'p'),(12800,16000,'p'),(16000,19200,'p'),(19200,22400,'p'),(22400,25600,'p'),(25600,28800,'p'),(28800,32000,'p'),(32000,35200,'p'),(35200,38400,'p'),(38400,41600,'p'),(41600,44800,'p'),(44800,48000,'p')]"
196,/Users/ssankey/PycharmProjects/AdvReverb/data/VoxCeleb1/test/id10274/s7vZT3_8Smo/00010.wav,4,"[(0,3200,'p'),(3200,6400,'p'),(6400,9600,'p'),(9600,12800,'p'),(12800,16000,'p'),(16000,19200,'p'),(19200,22400,'p'),(22400,25600,'p'),(25600,28800,'p'),(28800,32000,'p'),(32000,35200,'p'),(35200,38400,'p'),(38400,41600,'p'),(41600,44800,'p'),(44800,48000,'p')]"
197,/Users/ssankey/PycharmProjects/AdvReverb/data/VoxCeleb1/test/id10274/wH6ebv-K8AA/00001.wav,4,"[(0,3200,'p'),(3200,6400,'p'),(6400,9600,'p'),(9600,12800,'p'),(12800,16000,'p'),(16000,19200,'p'),(19200,22400,'p'),(22400,25600,'p'),(25600,28800,'p'),(28800,32000,'p'),(32000,35200,'p'),(35200,38400,'p'),(38400,41600,'p'),(41600,44800,'p'),(44800,48000,'p')]"
198,/Users/ssankey/PycharmProjects/AdvReverb/data/VoxCeleb1/test/id10274/wH6ebv-K8AA/00002.wav,4,"[(0,3200,'p'),(3200,6400,'p'),(6400,9600,'p'),(9600,12800,'p'),(12800,16000,'p'),(16000,19200,'p'),(19200,22400,'p'),(22400,25600,'p'),(25600,28800,'p'),(28800,32000,'p'),(32000,35200,'p'),(35200,38400,'p'),(38400,41600,'p'),(41600,44800,'p'),(44800,48000,'p')]"
199,/Users/ssankey/PycharmProjects/AdvReverb/data/VoxCeleb1/test/id10274/wH6ebv-K8AA/00003.wav,4,"[(0,3200,'p'),(3200,6400,'p'),(6400,9600,'p'),(9600,12800,'p'),(12800,16000,'p'),(16000,19200,'p'),(19200,22400,'p'),(22400,25600,'p'),(25600,28800,'p'),(28800,32000,'p'),(32000,35200,'p'),(35200,38400,'p'),(38400,41600,'p'),(41600,44800,'p'),(44800,48000,'p')]"
200,/Users/ssankey/PycharmProjects/AdvReverb/data/VoxCeleb1/test/id10275/CVUXDNZzcmA/00002.wav,5,"[(0,3200,'p'),(3200,6400,'p'),(6400,9600,'p'),(9600,12800,'p'),(12800,16000,'p'),(16000,19200,'p'),(19200,22400,'p'),(22400,25600,'p'),(25600,28800,'p'),(28800,32000,'p'),(32000,35200,'p'),(35200,38400,'p'),(38400,41600,'p'),(41600,44800,'p'),(44800,48000,'p')]"
201,/Users/ssankey/PycharmProjects/AdvReverb/data/VoxCeleb1/test/id10275/CVUXDNZzcmA/00003.wav,5,"[(0,3200,'p'),(3200,6400,'p'),(6400,9600,'p'),(9600,12800,'p'),(12800,16000,'p'),(16000,19200,'p'),(19200,22400,'p'),(22400,25600,'p'),(25600,28800,'p'),(28800,32000,'p'),(32000,35200,'p'),(35200,38400,'p'),(38400,41600,'p'),(41600,44800,'p'),(44800,48000,'p')]"
202,/Users/ssankey/PycharmProjects/AdvReverb/data/VoxCeleb1/test/id10275/CVUXDNZzcmA/00004.wav,5,"[(0,3200,'p'),(3200,6400,'p'),(6400,9600,'p'),(9600,12800,'p'),(12800,16000,'p'),(16000,19200,'p'),(19200,22400,'p'),(22400,25600,'p'),(25600,28800,'p'),(28800,32000,'p'),(32000,35200,'p'),(35200,38400,'p'),(38400,41600,'p'),(41600,44800,'p'),(44800,48000,'p')]"
203,/Users/ssankey/PycharmProjects/AdvReverb/data/VoxCeleb1/test/id10275/CVUXDNZzcmA/00005.wav,5,"[(0,3200,'p'),(3200,6400,'p'),(6400,9600,'p'),(9600,12800,'p'),(12800,16000,'p'),(16000,19200,'p'),(19200,22400,'p'),(22400,25600,'p'),(25600,28800,'p'),(28800,32000,'p'),(32000,35200,'p'),(35200,38400,'p'),(38400,41600,'p'),(41600,44800,'p'),(44800,48000,'p')]"
204,/Users/ssankey/PycharmProjects/AdvReverb/data/VoxCeleb1/test/id10275/CVUXDNZzcmA/00006.wav,5,"[(0,3200,'p'),(3200,6400,'p'),(6400,9600,'p'),(9600,12800,'p'),(12800,16000,'p'),(16000,19200,'p'),(19200,22400,'p'),(22400,25600,'p'),(25600,28800,'p'),(28800,32000,'p'),(32000,35200,'p'),(35200,38400,'p'),(38400,41600,'p'),(41600,44800,'p'),(44800,48000,'p')]"
205,/Users/ssankey/PycharmProjects/AdvReverb/data/VoxCeleb1/test/id10275/CVUXDNZzcmA/00007.wav,5,"[(0,3200,'p'),(3200,6400,'p'),(6400,9600,'p'),(9600,12800,'p'),(12800,16000,'p'),(16000,19200,'p'),(19200,22400,'p'),(22400,25600,'p'),(25600,28800,'p'),(28800,32000,'p'),(32000,35200,'p'),(35200,38400,'p'),(38400,41600,'p'),(41600,44800,'p'),(44800,48000,'p')]"
206,/Users/ssankey/PycharmProjects/AdvReverb/data/VoxCeleb1/test/id10275/CVUXDNZzcmA/00008.wav,5,"[(0,3200,'p'),(3200,6400,'p'),(6400,9600,'p'),(9600,12800,'p'),(12800,16000,'p'),(16000,19200,'p'),(19200,22400,'p'),(22400,25600,'p'),(25600,28800,'p'),(28800,32000,'p'),(32000,35200,'p'),(35200,38400,'p'),(38400,41600,'p'),(41600,44800,'p'),(44800,48000,'p')]"
207,/Users/ssankey/PycharmProjects/AdvReverb/data/VoxCeleb1/test/id10275/CVUXDNZzcmA/00009.wav,5,"[(0,3200,'p'),(3200,6400,'p'),(6400,9600,'p'),(9600,12800,'p'),(12800,16000,'p'),(16000,19200,'p'),(19200,22400,'p'),(22400,25600,'p'),(25600,28800,'p'),(28800,32000,'p'),(32000,35200,'p'),(35200,38400,'p'),(38400,41600,'p'),(41600,44800,'p'),(44800,48000,'p')]"
208,/Users/ssankey/PycharmProjects/AdvReverb/data/VoxCeleb1/test/id10275/CVUXDNZzcmA/00010.wav,5,"[(0,3200,'p'),(3200,6400,'p'),(6400,9600,'p'),(9600,12800,'p'),(12800,16000,'p'),(16000,19200,'p'),(19200,22400,'p'),(22400,25600,'p'),(25600,28800,'p'),(28800,32000,'p'),(32000,35200,'p'),(35200,38400,'p'),(38400,41600,'p'),(41600,44800,'p'),(44800,48000,'p')]"
209,/Users/ssankey/PycharmProjects/AdvReverb/data/VoxCeleb1/test/id10275/CVUXDNZzcmA/00011.wav,5,"[(0,3200,'p'),(3200,6400,'p'),(6400,9600,'p'),(9600,12800,'p'),(12800,16000,'p'),(16000,19200,'p'),(19200,22400,'p'),(22400,25600,'p'),(25600,28800,'p'),(28800,32000,'p'),(32000,35200,'p'),(35200,38400,'p'),(38400,41600,'p'),(41600,44800,'p'),(44800,48000,'p')]"
210,/Users/ssankey/PycharmProjects/AdvReverb/data/VoxCeleb1/test/id10275/CVUXDNZzcmA/00012.wav,5,"[(0,3200,'p'),(3200,6400,'p'),(6400,9600,'p'),(9600,12800,'p'),(12800,16000,'p'),(16000,19200,'p'),(19200,22400,'p'),(22400,25600,'p'),(25600,28800,'p'),(28800,32000,'p'),(32000,35200,'p'),(35200,38400,'p'),(38400,41600,'p'),(41600,44800,'p'),(44800,48000,'p')]"
211,/Users/ssankey/PycharmProjects/AdvReverb/data/VoxCeleb1/test/id10275/HK20g60KlTI/00001.wav,5,"[(0,3200,'p'),(3200,6400,'p'),(6400,9600,'p'),(9600,12800,'p'),(12800,16000,'p'),(16000,19200,'p'),(19200,22400,'p'),(22400,25600,'p'),(25600,28800,'p'),(28800,32000,'p'),(32000,35200,'p'),(35200,38400,'p'),(38400,41600,'p'),(41600,44800,'p'),(44800,48000,'p')]"
212,/Users/ssankey/PycharmProjects/AdvReverb/data/VoxCeleb1/test/id10275/HK20g60KlTI/00002.wav,5,"[(0,3200,'p'),(3200,6400,'p'),(6400,9600,'p'),(9600,12800,'p'),(12800,16000,'p'),(16000,19200,'p'),(19200,22400,'p'),(22400,25600,'p'),(25600,28800,'p'),(28800,32000,'p'),(32000,35200,'p'),(35200,38400,'p'),(38400,41600,'p'),(41600,44800,'p'),(44800,48000,'p')]"
213,/Users/ssankey/PycharmProjects/AdvReverb/data/VoxCeleb1/test/id10275/HK20g60KlTI/00003.wav,5,"[(0,3200,'p'),(3200,6400,'p'),(6400,9600,'p'),(9600,12800,'p'),(12800,16000,'p'),(16000,19200,'p'),(19200,22400,'p'),(22400,25600,'p'),(25600,28800,'p'),(28800,32000,'p'),(32000,35200,'p'),(35200,38400,'p'),(38400,41600,'p'),(41600,44800,'p'),(44800,48000,'p')]"
214,/Users/ssankey/PycharmProjects/AdvReverb/data/VoxCeleb1/test/id10275/ICEJz3WX2n0/00001.wav,5,"[(0,3200,'p'),(3200,6400,'p'),(6400,9600,'p'),(9600,12800,'p'),(12800,16000,'p'),(16000,19200,'p'),(19200,22400,'p'),(22400,25600,'p'),(25600,28800,'p'),(28800,32000,'p'),(32000,35200,'p'),(35200,38400,'p'),(38400,41600,'p'),(41600,44800,'p'),(44800,48000,'p')]"
215,/Users/ssankey/PycharmProjects/AdvReverb/data/VoxCeleb1/test/id10275/ICEJz3WX2n0/00002.wav,5,"[(0,3200,'p'),(3200,6400,'p'),(6400,9600,'p'),(9600,12800,'p'),(12800,16000,'p'),(16000,19200,'p'),(19200,22400,'p'),(22400,25600,'p'),(25600,28800,'p'),(28800,32000,'p'),(32000,35200,'p'),(35200,38400,'p'),(38400,41600,'p'),(41600,44800,'p'),(44800,48000,'p')]"
216,/Users/ssankey/PycharmProjects/AdvReverb/data/VoxCeleb1/test/id10275/JbpXWB1V8cA/00001.wav,5,"[(0,3200,'p'),(3200,6400,'p'),(6400,9600,'p'),(9600,12800,'p'),(12800,16000,'p'),(16000,19200,'p'),(19200,22400,'p'),(22400,25600,'p'),(25600,28800,'p'),(28800,32000,'p'),(32000,35200,'p'),(35200,38400,'p'),(38400,41600,'p'),(41600,44800,'p'),(44800,48000,'p')]"
217,/Users/ssankey/PycharmProjects/AdvReverb/data/VoxCeleb1/test/id10275/LqcUAxrtYOk/00001.wav,5,"[(0,3200,'p'),(3200,6400,'p'),(6400,9600,'p'),(9600,12800,'p'),(12800,16000,'p'),(16000,19200,'p'),(19200,22400,'p'),(22400,25600,'p'),(25600,28800,'p'),(28800,32000,'p'),(32000,35200,'p'),(35200,38400,'p'),(38400,41600,'p'),(41600,44800,'p'),(44800,48000,'p')]"
218,/Users/ssankey/PycharmProjects/AdvReverb/data/VoxCeleb1/test/id10275/LqcUAxrtYOk/00002.wav,5,"[(0,3200,'p'),(3200,6400,'p'),(6400,9600,'p'),(9600,12800,'p'),(12800,16000,'p'),(16000,19200,'p'),(19200,22400,'p'),(22400,25600,'p'),(25600,28800,'p'),(28800,32000,'p'),(32000,35200,'p'),(35200,38400,'p'),(38400,41600,'p'),(41600,44800,'p'),(44800,48000,'p')]"
219,/Users/ssankey/PycharmProjects/AdvReverb/data/VoxCeleb1/test/id10275/LqcUAxrtYOk/00003.wav,5,"[(0,3200,'p'),(3200,6400,'p'),(6400,9600,'p'),(9600,12800,'p'),(12800,16000,'p'),(16000,19200,'p'),(19200,22400,'p'),(22400,25600,'p'),(25600,28800,'p'),(28800,32000,'p'),(32000,35200,'p'),(35200,38400,'p'),(38400,41600,'p'),(41600,44800,'p'),(44800,48000,'p')]"
220,/Users/ssankey/PycharmProjects/AdvReverb/data/VoxCeleb1/test/id10275/LqcUAxrtYOk/00004.wav,5,"[(0,3200,'p'),(3200,6400,'p'),(6400,9600,'p'),(9600,12800,'p'),(12800,16000,'p'),(16000,19200,'p'),(19200,22400,'p'),(22400,25600,'p'),(25600,28800,'p'),(28800,32000,'p'),(32000,35200,'p'),(35200,38400,'p'),(38400,41600,'p'),(41600,44800,'p'),(44800,48000,'p')]"
221,/Users/ssankey/PycharmProjects/AdvReverb/data/VoxCeleb1/test/id10275/LqcUAxrtYOk/00005.wav,5,"[(0,3200,'p'),(3200,6400,'p'),(6400,9600,'p'),(9600,12800,'p'),(12800,16000,'p'),(16000,19200,'p'),(19200,22400,'p'),(22400,25600,'p'),(25600,28800,'p'),(28800,32000,'p'),(32000,35200,'p'),(35200,38400,'p'),(38400,41600,'p'),(41600,44800,'p'),(44800,48000,'p')]"
222,/Users/ssankey/PycharmProjects/AdvReverb/data/VoxCeleb1/test/id10275/LqcUAxrtYOk/00006.wav,5,"[(0,3200,'p'),(3200,6400,'p'),(6400,9600,'p'),(9600,12800,'p'),(12800,16000,'p'),(16000,19200,'p'),(19200,22400,'p'),(22400,25600,'p'),(25600,28800,'p'),(28800,32000,'p'),(32000,35200,'p'),(35200,38400,'p'),(38400,41600,'p'),(41600,44800,'p'),(44800,48000,'p')]"
223,/Users/ssankey/PycharmProjects/AdvReverb/data/VoxCeleb1/test/id10275/LqcUAxrtYOk/00007.wav,5,"[(0,3200,'p'),(3200,6400,'p'),(6400,9600,'p'),(9600,12800,'p'),(12800,16000,'p'),(16000,19200,'p'),(19200,22400,'p'),(22400,25600,'p'),(25600,28800,'p'),(28800,32000,'p'),(32000,35200,'p'),(35200,38400,'p'),(38400,41600,'p'),(41600,44800,'p'),(44800,48000,'p')]"
224,/Users/ssankey/PycharmProjects/AdvReverb/data/VoxCeleb1/test/id10275/LqcUAxrtYOk/00008.wav,5,"[(0,3200,'p'),(3200,6400,'p'),(6400,9600,'p'),(9600,12800,'p'),(12800,16000,'p'),(16000,19200,'p'),(19200,22400,'p'),(22400,25600,'p'),(25600,28800,'p'),(28800,32000,'p'),(32000,35200,'p'),(35200,38400,'p'),(38400,41600,'p'),(41600,44800,'p'),(44800,48000,'p')]"
225,/Users/ssankey/PycharmProjects/AdvReverb/data/VoxCeleb1/test/id10275/LqcUAxrtYOk/00009.wav,5,"[(0,3200,'p'),(3200,6400,'p'),(6400,9600,'p'),(9600,12800,'p'),(12800,16000,'p'),(16000,19200,'p'),(19200,22400,'p'),(22400,25600,'p'),(25600,28800,'p'),(28800,32000,'p'),(32000,35200,'p'),(35200,38400,'p'),(38400,41600,'p'),(41600,44800,'p'),(44800,48000,'p')]"
226,/Users/ssankey/PycharmProjects/AdvReverb/data/VoxCeleb1/test/id10275/Mdk1SXywHck/00001.wav,5,"[(0,3200,'p'),(3200,6400,'p'),(6400,9600,'p'),(9600,12800,'p'),(12800,16000,'p'),(16000,19200,'p'),(19200,22400,'p'),(22400,25600,'p'),(25600,28800,'p'),(28800,32000,'p'),(32000,35200,'p'),(35200,38400,'p'),(38400,41600,'p'),(41600,44800,'p'),(44800,48000,'p')]"
227,/Users/ssankey/PycharmProjects/AdvReverb/data/VoxCeleb1/test/id10275/Mdk1SXywHck/00002.wav,5,"[(0,3200,'p'),(3200,6400,'p'),(6400,9600,'p'),(9600,12800,'p'),(12800,16000,'p'),(16000,19200,'p'),(19200,22400,'p'),(22400,25600,'p'),(25600,28800,'p'),(28800,32000,'p'),(32000,35200,'p'),(35200,38400,'p'),(38400,41600,'p'),(41600,44800,'p'),(44800,48000,'p')]"
228,/Users/ssankey/PycharmProjects/AdvReverb/data/VoxCeleb1/test/id10275/Mdk1SXywHck/00003.wav,5,"[(0,3200,'p'),(3200,6400,'p'),(6400,9600,'p'),(9600,12800,'p'),(12800,16000,'p'),(16000,19200,'p'),(19200,22400,'p'),(22400,25600,'p'),(25600,28800,'p'),(28800,32000,'p'),(32000,35200,'p'),(35200,38400,'p'),(38400,41600,'p'),(41600,44800,'p'),(44800,48000,'p')]"
229,/Users/ssankey/PycharmProjects/AdvReverb/data/VoxCeleb1/test/id10275/Mdk1SXywHck/00004.wav,5,"[(0,3200,'p'),(3200,6400,'p'),(6400,9600,'p'),(9600,12800,'p'),(12800,16000,'p'),(16000,19200,'p'),(19200,22400,'p'),(22400,25600,'p'),(25600,28800,'p'),(28800,32000,'p'),(32000,35200,'p'),(35200,38400,'p'),(38400,41600,'p'),(41600,44800,'p'),(44800,48000,'p')]"
230,/Users/ssankey/PycharmProjects/AdvReverb/data/VoxCeleb1/test/id10275/Mdk1SXywHck/00005.wav,5,"[(0,3200,'p'),(3200,6400,'p'),(6400,9600,'p'),(9600,12800,'p'),(12800,16000,'p'),(16000,19200,'p'),(19200,22400,'p'),(22400,25600,'p'),(25600,28800,'p'),(28800,32000,'p'),(32000,35200,'p'),(35200,38400,'p'),(38400,41600,'p'),(41600,44800,'p'),(44800,48000,'p')]"
231,/Users/ssankey/PycharmProjects/AdvReverb/data/VoxCeleb1/test/id10275/Mdk1SXywHck/00006.wav,5,"[(0,3200,'p'),(3200,6400,'p'),(6400,9600,'p'),(9600,12800,'p'),(12800,16000,'p'),(16000,19200,'p'),(19200,22400,'p'),(22400,25600,'p'),(25600,28800,'p'),(28800,32000,'p'),(32000,35200,'p'),(35200,38400,'p'),(38400,41600,'p'),(41600,44800,'p'),(44800,48000,'p')]"
232,/Users/ssankey/PycharmProjects/AdvReverb/data/VoxCeleb1/test/id10275/Mdk1SXywHck/00007.wav,5,"[(0,3200,'p'),(3200,6400,'p'),(6400,9600,'p'),(9600,12800,'p'),(12800,16000,'p'),(16000,19200,'p'),(19200,22400,'p'),(22400,25600,'p'),(25600,28800,'p'),(28800,32000,'p'),(32000,35200,'p'),(35200,38400,'p'),(38400,41600,'p'),(41600,44800,'p'),(44800,48000,'p')]"
233,/Users/ssankey/PycharmProjects/AdvReverb/data/VoxCeleb1/test/id10275/Mdk1SXywHck/00008.wav,5,"[(0,3200,'p'),(3200,6400,'p'),(6400,9600,'p'),(9600,12800,'p'),(12800,16000,'p'),(16000,19200,'p'),(19200,22400,'p'),(22400,25600,'p'),(25600,28800,'p'),(28800,32000,'p'),(32000,35200,'p'),(35200,38400,'p'),(38400,41600,'p'),(41600,44800,'p'),(44800,48000,'p')]"
234,/Users/ssankey/PycharmProjects/AdvReverb/data/VoxCeleb1/test/id10275/Mdk1SXywHck/00009.wav,5,"[(0,3200,'p'),(3200,6400,'p'),(6400,9600,'p'),(9600,12800,'p'),(12800,16000,'p'),(16000,19200,'p'),(19200,22400,'p'),(22400,25600,'p'),(25600,28800,'p'),(28800,32000,'p'),(32000,35200,'p'),(35200,38400,'p'),(38400,41600,'p'),(41600,44800,'p'),(44800,48000,'p')]"
235,/Users/ssankey/PycharmProjects/AdvReverb/data/VoxCeleb1/test/id10275/Mdk1SXywHck/00010.wav,5,"[(0,3200,'p'),(3200,6400,'p'),(6400,9600,'p'),(9600,12800,'p'),(12800,16000,'p'),(16000,19200,'p'),(19200,22400,'p'),(22400,25600,'p'),(25600,28800,'p'),(28800,32000,'p'),(32000,35200,'p'),(35200,38400,'p'),(38400,41600,'p'),(41600,44800,'p'),(44800,48000,'p')]"
236,/Users/ssankey/PycharmProjects/AdvReverb/data/VoxCeleb1/test/id10275/Mdk1SXywHck/00011.wav,5,"[(0,3200,'p'),(3200,6400,'p'),(6400,9600,'p'),(9600,12800,'p'),(12800,16000,'p'),(16000,19200,'p'),(19200,22400,'p'),(22400,25600,'p'),(25600,28800,'p'),(28800,32000,'p'),(32000,35200,'p'),(35200,38400,'p'),(38400,41600,'p'),(41600,44800,'p'),(44800,48000,'p')]"
237,/Users/ssankey/PycharmProjects/AdvReverb/data/VoxCeleb1/test/id10275/Mdk1SXywHck/00012.wav,5,"[(0,3200,'p'),(3200,6400,'p'),(6400,9600,'p'),(9600,12800,'p'),(12800,16000,'p'),(16000,19200,'p'),(19200,22400,'p'),(22400,25600,'p'),(25600,28800,'p'),(28800,32000,'p'),(32000,35200,'p'),(35200,38400,'p'),(38400,41600,'p'),(41600,44800,'p'),(44800,48000,'p')]"
238,/Users/ssankey/PycharmProjects/AdvReverb/data/VoxCeleb1/test/id10275/Mdk1SXywHck/00013.wav,5,"[(0,3200,'p'),(3200,6400,'p'),(6400,9600,'p'),(9600,12800,'p'),(12800,16000,'p'),(16000,19200,'p'),(19200,22400,'p'),(22400,25600,'p'),(25600,28800,'p'),(28800,32000,'p'),(32000,35200,'p'),(35200,38400,'p'),(38400,41600,'p'),(41600,44800,'p'),(44800,48000,'p')]"
239,/Users/ssankey/PycharmProjects/AdvReverb/data/VoxCeleb1/test/id10275/Mdk1SXywHck/00014.wav,5,"[(0,3200,'p'),(3200,6400,'p'),(6400,9600,'p'),(9600,12800,'p'),(12800,16000,'p'),(16000,19200,'p'),(19200,22400,'p'),(22400,25600,'p'),(25600,28800,'p'),(28800,32000,'p'),(32000,35200,'p'),(35200,38400,'p'),(38400,41600,'p'),(41600,44800,'p'),(44800,48000,'p')]"
240,/Users/ssankey/PycharmProjects/AdvReverb/data/VoxCeleb1/test/id10276/3vWez3baO60/00004.wav,6,"[(0,3200,'p'),(3200,6400,'p'),(6400,9600,'p'),(9600,12800,'p'),(12800,16000,'p'),(16000,19200,'p'),(19200,22400,'p'),(22400,25600,'p'),(25600,28800,'p'),(28800,32000,'p'),(32000,35200,'p'),(35200,38400,'p'),(38400,41600,'p'),(41600,44800,'p'),(44800,48000,'p')]"
241,/Users/ssankey/PycharmProjects/AdvReverb/data/VoxCeleb1/test/id10276/3vWez3baO60/00005.wav,6,"[(0,3200,'p'),(3200,6400,'p'),(6400,9600,'p'),(9600,12800,'p'),(12800,16000,'p'),(16000,19200,'p'),(19200,22400,'p'),(22400,25600,'p'),(25600,28800,'p'),(28800,32000,'p'),(32000,35200,'p'),(35200,38400,'p'),(38400,41600,'p'),(41600,44800,'p'),(44800,48000,'p')]"
242,/Users/ssankey/PycharmProjects/AdvReverb/data/VoxCeleb1/test/id10276/3vWez3baO60/00006.wav,6,"[(0,3200,'p'),(3200,6400,'p'),(6400,9600,'p'),(9600,12800,'p'),(12800,16000,'p'),(16000,19200,'p'),(19200,22400,'p'),(22400,25600,'p'),(25600,28800,'p'),(28800,32000,'p'),(32000,35200,'p'),(35200,38400,'p'),(38400,41600,'p'),(41600,44800,'p'),(44800,48000,'p')]"
243,/Users/ssankey/PycharmProjects/AdvReverb/data/VoxCeleb1/test/id10276/3vWez3baO60/00007.wav,6,"[(0,3200,'p'),(3200,6400,'p'),(6400,9600,'p'),(9600,12800,'p'),(12800,16000,'p'),(16000,19200,'p'),(19200,22400,'p'),(22400,25600,'p'),(25600,28800,'p'),(28800,32000,'p'),(32000,35200,'p'),(35200,38400,'p'),(38400,41600,'p'),(41600,44800,'p'),(44800,48000,'p')]"
244,/Users/ssankey/PycharmProjects/AdvReverb/data/VoxCeleb1/test/id10276/3vWez3baO60/00008.wav,6,"[(0,3200,'p'),(3200,6400,'p'),(6400,9600,'p'),(9600,12800,'p'),(12800,16000,'p'),(16000,19200,'p'),(19200,22400,'p'),(22400,25600,'p'),(25600,28800,'p'),(28800,32000,'p'),(32000,35200,'p'),(35200,38400,'p'),(38400,41600,'p'),(41600,44800,'p'),(44800,48000,'p')]"
245,/Users/ssankey/PycharmProjects/AdvReverb/data/VoxCeleb1/test/id10276/3vWez3baO60/00009.wav,6,"[(0,3200,'p'),(3200,6400,'p'),(6400,9600,'p'),(9600,12800,'p'),(12800,16000,'p'),(16000,19200,'p'),(19200,22400,'p'),(22400,25600,'p'),(25600,28800,'p'),(28800,32000,'p'),(32000,35200,'p'),(35200,38400,'p'),(38400,41600,'p'),(41600,44800,'p'),(44800,48000,'p')]"
246,/Users/ssankey/PycharmProjects/AdvReverb/data/VoxCeleb1/test/id10276/3vWez3baO60/00010.wav,6,"[(0,3200,'p'),(3200,6400,'p'),(6400,9600,'p'),(9600,12800,'p'),(12800,16000,'p'),(16000,19200,'p'),(19200,22400,'p'),(22400,25600,'p'),(25600,28800,'p'),(28800,32000,'p'),(32000,35200,'p'),(35200,38400,'p'),(38400,41600,'p'),(41600,44800,'p'),(44800,48000,'p')]"
247,/Users/ssankey/PycharmProjects/AdvReverb/data/VoxCeleb1/test/id10276/3vWez3baO60/00011.wav,6,"[(0,3200,'p'),(3200,6400,'p'),(6400,9600,'p'),(9600,12800,'p'),(12800,16000,'p'),(16000,19200,'p'),(19200,22400,'p'),(22400,25600,'p'),(25600,28800,'p'),(28800,32000,'p'),(32000,35200,'p'),(35200,38400,'p'),(38400,41600,'p'),(41600,44800,'p'),(44800,48000,'p')]"
248,/Users/ssankey/PycharmProjects/AdvReverb/data/VoxCeleb1/test/id10276/3vWez3baO60/00012.wav,6,"[(0,3200,'p'),(3200,6400,'p'),(6400,9600,'p'),(9600,12800,'p'),(12800,16000,'p'),(16000,19200,'p'),(19200,22400,'p'),(22400,25600,'p'),(25600,28800,'p'),(28800,32000,'p'),(32000,35200,'p'),(35200,38400,'p'),(38400,41600,'p'),(41600,44800,'p'),(44800,48000,'p')]"
249,/Users/ssankey/PycharmProjects/AdvReverb/data/VoxCeleb1/test/id10276/3vWez3baO60/00013.wav,6,"[(0,3200,'p'),(3200,6400,'p'),(6400,9600,'p'),(9600,12800,'p'),(12800,16000,'p'),(16000,19200,'p'),(19200,22400,'p'),(22400,25600,'p'),(25600,28800,'p'),(28800,32000,'p'),(32000,35200,'p'),(35200,38400,'p'),(38400,41600,'p'),(41600,44800,'p'),(44800,48000,'p')]"
250,/Users/ssankey/PycharmProjects/AdvReverb/data/VoxCeleb1/test/id10276/3vWez3baO60/00014.wav,6,"[(0,3200,'p'),(3200,6400,'p'),(6400,9600,'p'),(9600,12800,'p'),(12800,16000,'p'),(16000,19200,'p'),(19200,22400,'p'),(22400,25600,'p'),(25600,28800,'p'),(28800,32000,'p'),(32000,35200,'p'),(35200,38400,'p'),(38400,41600,'p'),(41600,44800,'p'),(44800,48000,'p')]"
251,/Users/ssankey/PycharmProjects/AdvReverb/data/VoxCeleb1/test/id10276/5WOZXLMujwY/00001.wav,6,"[(0,3200,'p'),(3200,6400,'p'),(6400,9600,'p'),(9600,12800,'p'),(12800,16000,'p'),(16000,19200,'p'),(19200,22400,'p'),(22400,25600,'p'),(25600,28800,'p'),(28800,32000,'p'),(32000,35200,'p'),(35200,38400,'p'),(38400,41600,'p'),(41600,44800,'p'),(44800,48000,'p')]"
252,/Users/ssankey/PycharmProjects/AdvReverb/data/VoxCeleb1/test/id10276/5WOZXLMujwY/00002.wav,6,"[(0,3200,'p'),(3200,6400,'p'),(6400,9600,'p'),(9600,12800,'p'),(12800,16000,'p'),(16000,19200,'p'),(19200,22400,'p'),(22400,25600,'p'),(25600,28800,'p'),(28800,32000,'p'),(32000,35200,'p'),(35200,38400,'p'),(38400,41600,'p'),(41600,44800,'p'),(44800,48000,'p')]"
253,/Users/ssankey/PycharmProjects/AdvReverb/data/VoxCeleb1/test/id10276/5WOZXLMujwY/00003.wav,6,"[(0,3200,'p'),(3200,6400,'p'),(6400,9600,'p'),(9600,12800,'p'),(12800,16000,'p'),(16000,19200,'p'),(19200,22400,'p'),(22400,25600,'p'),(25600,28800,'p'),(28800,32000,'p'),(32000,35200,'p'),(35200,38400,'p'),(38400,41600,'p'),(41600,44800,'p'),(44800,48000,'p')]"
254,/Users/ssankey/PycharmProjects/AdvReverb/data/VoxCeleb1/test/id10276/5WOZXLMujwY/00004.wav,6,"[(0,3200,'p'),(3200,6400,'p'),(6400,9600,'p'),(9600,12800,'p'),(12800,16000,'p'),(16000,19200,'p'),(19200,22400,'p'),(22400,25600,'p'),(25600,28800,'p'),(28800,32000,'p'),(32000,35200,'p'),(35200,38400,'p'),(38400,41600,'p'),(41600,44800,'p'),(44800,48000,'p')]"
255,/Users/ssankey/PycharmProjects/AdvReverb/data/VoxCeleb1/test/id10276/5WOZXLMujwY/00005.wav,6,"[(0,3200,'p'),(3200,6400,'p'),(6400,9600,'p'),(9600,12800,'p'),(12800,16000,'p'),(16000,19200,'p'),(19200,22400,'p'),(22400,25600,'p'),(25600,28800,'p'),(28800,32000,'p'),(32000,35200,'p'),(35200,38400,'p'),(38400,41600,'p'),(41600,44800,'p'),(44800,48000,'p')]"
256,/Users/ssankey/PycharmProjects/AdvReverb/data/VoxCeleb1/test/id10276/5WOZXLMujwY/00006.wav,6,"[(0,3200,'p'),(3200,6400,'p'),(6400,9600,'p'),(9600,12800,'p'),(12800,16000,'p'),(16000,19200,'p'),(19200,22400,'p'),(22400,25600,'p'),(25600,28800,'p'),(28800,32000,'p'),(32000,35200,'p'),(35200,38400,'p'),(38400,41600,'p'),(41600,44800,'p'),(44800,48000,'p')]"
257,/Users/ssankey/PycharmProjects/AdvReverb/data/VoxCeleb1/test/id10276/5YncBThNd5E/00001.wav,6,"[(0,3200,'p'),(3200,6400,'p'),(6400,9600,'p'),(9600,12800,'p'),(12800,16000,'p'),(16000,19200,'p'),(19200,22400,'p'),(22400,25600,'p'),(25600,28800,'p'),(28800,32000,'p'),(32000,35200,'p'),(35200,38400,'p'),(38400,41600,'p'),(41600,44800,'p'),(44800,48000,'p')]"
258,/Users/ssankey/PycharmProjects/AdvReverb/data/VoxCeleb1/test/id10276/5YncBThNd5E/00002.wav,6,"[(0,3200,'p'),(3200,6400,'p'),(6400,9600,'p'),(9600,12800,'p'),(12800,16000,'p'),(16000,19200,'p'),(19200,22400,'p'),(22400,25600,'p'),(25600,28800,'p'),(28800,32000,'p'),(32000,35200,'p'),(35200,38400,'p'),(38400,41600,'p'),(41600,44800,'p'),(44800,48000,'p')]"
259,/Users/ssankey/PycharmProjects/AdvReverb/data/VoxCeleb1/test/id10276/5YncBThNd5E/00003.wav,6,"[(0,3200,'p'),(3200,6400,'p'),(6400,9600,'p'),(9600,12800,'p'),(12800,16000,'p'),(16000,19200,'p'),(19200,22400,'p'),(22400,25600,'p'),(25600,28800,'p'),(28800,32000,'p'),(32000,35200,'p'),(35200,38400,'p'),(38400,41600,'p'),(41600,44800,'p'),(44800,48000,'p')]"
260,/Users/ssankey/PycharmProjects/AdvReverb/data/VoxCeleb1/test/id10276/5YncBThNd5E/00004.wav,6,"[(0,3200,'p'),(3200,6400,'p'),(6400,9600,'p'),(9600,12800,'p'),(12800,16000,'p'),(16000,19200,'p'),(19200,22400,'p'),(22400,25600,'p'),(25600,28800,'p'),(28800,32000,'p'),(32000,35200,'p'),(35200,38400,'p'),(38400,41600,'p'),(41600,44800,'p'),(44800,48000,'p')]"
261,/Users/ssankey/PycharmProjects/AdvReverb/data/VoxCeleb1/test/id10276/5YncBThNd5E/00005.wav,6,"[(0,3200,'p'),(3200,6400,'p'),(6400,9600,'p'),(9600,12800,'p'),(12800,16000,'p'),(16000,19200,'p'),(19200,22400,'p'),(22400,25600,'p'),(25600,28800,'p'),(28800,32000,'p'),(32000,35200,'p'),(35200,38400,'p'),(38400,41600,'p'),(41600,44800,'p'),(44800,48000,'p')]"
262,/Users/ssankey/PycharmProjects/AdvReverb/data/VoxCeleb1/test/id10276/5YncBThNd5E/00006.wav,6,"[(0,3200,'p'),(3200,6400,'p'),(6400,9600,'p'),(9600,12800,'p'),(12800,16000,'p'),(16000,19200,'p'),(19200,22400,'p'),(22400,25600,'p'),(25600,28800,'p'),(28800,32000,'p'),(32000,35200,'p'),(35200,38400,'p'),(38400,41600,'p'),(41600,44800,'p'),(44800,48000,'p')]"
263,/Users/ssankey/PycharmProjects/AdvReverb/data/VoxCeleb1/test/id10276/5YncBThNd5E/00007.wav,6,"[(0,3200,'p'),(3200,6400,'p'),(6400,9600,'p'),(9600,12800,'p'),(12800,16000,'p'),(16000,19200,'p'),(19200,22400,'p'),(22400,25600,'p'),(25600,28800,'p'),(28800,32000,'p'),(32000,35200,'p'),(35200,38400,'p'),(38400,41600,'p'),(41600,44800,'p'),(44800,48000,'p')]"
264,/Users/ssankey/PycharmProjects/AdvReverb/data/VoxCeleb1/test/id10276/5YncBThNd5E/00008.wav,6,"[(0,3200,'p'),(3200,6400,'p'),(6400,9600,'p'),(9600,12800,'p'),(12800,16000,'p'),(16000,19200,'p'),(19200,22400,'p'),(22400,25600,'p'),(25600,28800,'p'),(28800,32000,'p'),(32000,35200,'p'),(35200,38400,'p'),(38400,41600,'p'),(41600,44800,'p'),(44800,48000,'p')]"
265,/Users/ssankey/PycharmProjects/AdvReverb/data/VoxCeleb1/test/id10276/5YncBThNd5E/00009.wav,6,"[(0,3200,'p'),(3200,6400,'p'),(6400,9600,'p'),(9600,12800,'p'),(12800,16000,'p'),(16000,19200,'p'),(19200,22400,'p'),(22400,25600,'p'),(25600,28800,'p'),(28800,32000,'p'),(32000,35200,'p'),(35200,38400,'p'),(38400,41600,'p'),(41600,44800,'p'),(44800,48000,'p')]"
266,/Users/ssankey/PycharmProjects/AdvReverb/data/VoxCeleb1/test/id10276/5YncBThNd5E/00010.wav,6,"[(0,3200,'p'),(3200,6400,'p'),(6400,9600,'p'),(9600,12800,'p'),(12800,16000,'p'),(16000,19200,'p'),(19200,22400,'p'),(22400,25600,'p'),(25600,28800,'p'),(28800,32000,'p'),(32000,35200,'p'),(35200,38400,'p'),(38400,41600,'p'),(41600,44800,'p'),(44800,48000,'p')]"
267,/Users/ssankey/PycharmProjects/AdvReverb/data/VoxCeleb1/test/id10276/5YncBThNd5E/00011.wav,6,"[(0,3200,'p'),(3200,6400,'p'),(6400,9600,'p'),(9600,12800,'p'),(12800,16000,'p'),(16000,19200,'p'),(19200,22400,'p'),(22400,25600,'p'),(25600,28800,'p'),(28800,32000,'p'),(32000,35200,'p'),(35200,38400,'p'),(38400,41600,'p'),(41600,44800,'p'),(44800,48000,'p')]"
268,/Users/ssankey/PycharmProjects/AdvReverb/data/VoxCeleb1/test/id10276/5YncBThNd5E/00012.wav,6,"[(0,3200,'p'),(3200,6400,'p'),(6400,9600,'p'),(9600,12800,'p'),(12800,16000,'p'),(16000,19200,'p'),(19200,22400,'p'),(22400,25600,'p'),(25600,28800,'p'),(28800,32000,'p'),(32000,35200,'p'),(35200,38400,'p'),(38400,41600,'p'),(41600,44800,'p'),(44800,48000,'p')]"
269,/Users/ssankey/PycharmProjects/AdvReverb/data/VoxCeleb1/test/id10276/5YncBThNd5E/00013.wav,6,"[(0,3200,'p'),(3200,6400,'p'),(6400,9600,'p'),(9600,12800,'p'),(12800,16000,'p'),(16000,19200,'p'),(19200,22400,'p'),(22400,25600,'p'),(25600,28800,'p'),(28800,32000,'p'),(32000,35200,'p'),(35200,38400,'p'),(38400,41600,'p'),(41600,44800,'p'),(44800,48000,'p')]"
270,/Users/ssankey/PycharmProjects/AdvReverb/data/VoxCeleb1/test/id10276/5YncBThNd5E/00014.wav,6,"[(0,3200,'p'),(3200,6400,'p'),(6400,9600,'p'),(9600,12800,'p'),(12800,16000,'p'),(16000,19200,'p'),(19200,22400,'p'),(22400,25600,'p'),(25600,28800,'p'),(28800,32000,'p'),(32000,35200,'p'),(35200,38400,'p'),(38400,41600,'p'),(41600,44800,'p'),(44800,48000,'p')]"
271,/Users/ssankey/PycharmProjects/AdvReverb/data/VoxCeleb1/test/id10276/5YncBThNd5E/00015.wav,6,"[(0,3200,'p'),(3200,6400,'p'),(6400,9600,'p'),(9600,12800,'p'),(12800,16000,'p'),(16000,19200,'p'),(19200,22400,'p'),(22400,25600,'p'),(25600,28800,'p'),(28800,32000,'p'),(32000,35200,'p'),(35200,38400,'p'),(38400,41600,'p'),(41600,44800,'p'),(44800,48000,'p')]"
272,/Users/ssankey/PycharmProjects/AdvReverb/data/VoxCeleb1/test/id10276/5YncBThNd5E/00016.wav,6,"[(0,3200,'p'),(3200,6400,'p'),(6400,9600,'p'),(9600,12800,'p'),(12800,16000,'p'),(16000,19200,'p'),(19200,22400,'p'),(22400,25600,'p'),(25600,28800,'p'),(28800,32000,'p'),(32000,35200,'p'),(35200,38400,'p'),(38400,41600,'p'),(41600,44800,'p'),(44800,48000,'p')]"
273,/Users/ssankey/PycharmProjects/AdvReverb/data/VoxCeleb1/test/id10276/5YncBThNd5E/00017.wav,6,"[(0,3200,'p'),(3200,6400,'p'),(6400,9600,'p'),(9600,12800,'p'),(12800,16000,'p'),(16000,19200,'p'),(19200,22400,'p'),(22400,25600,'p'),(25600,28800,'p'),(28800,32000,'p'),(32000,35200,'p'),(35200,38400,'p'),(38400,41600,'p'),(41600,44800,'p'),(44800,48000,'p')]"
274,/Users/ssankey/PycharmProjects/AdvReverb/data/VoxCeleb1/test/id10276/5YncBThNd5E/00018.wav,6,"[(0,3200,'p'),(3200,6400,'p'),(6400,9600,'p'),(9600,12800,'p'),(12800,16000,'p'),(16000,19200,'p'),(19200,22400,'p'),(22400,25600,'p'),(25600,28800,'p'),(28800,32000,'p'),(32000,35200,'p'),(35200,38400,'p'),(38400,41600,'p'),(41600,44800,'p'),(44800,48000,'p')]"
275,/Users/ssankey/PycharmProjects/AdvReverb/data/VoxCeleb1/test/id10276/5YncBThNd5E/00019.wav,6,"[(0,3200,'p'),(3200,6400,'p'),(6400,9600,'p'),(9600,12800,'p'),(12800,16000,'p'),(16000,19200,'p'),(19200,22400,'p'),(22400,25600,'p'),(25600,28800,'p'),(28800,32000,'p'),(32000,35200,'p'),(35200,38400,'p'),(38400,41600,'p'),(41600,44800,'p'),(44800,48000,'p')]"
276,/Users/ssankey/PycharmProjects/AdvReverb/data/VoxCeleb1/test/id10276/5YncBThNd5E/00020.wav,6,"[(0,3200,'p'),(3200,6400,'p'),(6400,9600,'p'),(9600,12800,'p'),(12800,16000,'p'),(16000,19200,'p'),(19200,22400,'p'),(22400,25600,'p'),(25600,28800,'p'),(28800,32000,'p'),(32000,35200,'p'),(35200,38400,'p'),(38400,41600,'p'),(41600,44800,'p'),(44800,48000,'p')]"
277,/Users/ssankey/PycharmProjects/AdvReverb/data/VoxCeleb1/test/id10276/5YncBThNd5E/00021.wav,6,"[(0,3200,'p'),(3200,6400,'p'),(6400,9600,'p'),(9600,12800,'p'),(12800,16000,'p'),(16000,19200,'p'),(19200,22400,'p'),(22400,25600,'p'),(25600,28800,'p'),(28800,32000,'p'),(32000,35200,'p'),(35200,38400,'p'),(38400,41600,'p'),(41600,44800,'p'),(44800,48000,'p')]"
278,/Users/ssankey/PycharmProjects/AdvReverb/data/VoxCeleb1/test/id10276/5YncBThNd5E/00022.wav,6,"[(0,3200,'p'),(3200,6400,'p'),(6400,9600,'p'),(9600,12800,'p'),(12800,16000,'p'),(16000,19200,'p'),(19200,22400,'p'),(22400,25600,'p'),(25600,28800,'p'),(28800,32000,'p'),(32000,35200,'p'),(35200,38400,'p'),(38400,41600,'p'),(41600,44800,'p'),(44800,48000,'p')]"
279,/Users/ssankey/PycharmProjects/AdvReverb/data/VoxCeleb1/test/id10276/5YncBThNd5E/00023.wav,6,"[(0,3200,'p'),(3200,6400,'p'),(6400,9600,'p'),(9600,12800,'p'),(12800,16000,'p'),(16000,19200,'p'),(19200,22400,'p'),(22400,25600,'p'),(25600,28800,'p'),(28800,32000,'p'),(32000,35200,'p'),(35200,38400,'p'),(38400,41600,'p'),(41600,44800,'p'),(44800,48000,'p')]"
280,/Users/ssankey/PycharmProjects/AdvReverb/data/VoxCeleb1/test/id10277/0rpfN7wThsg/00004.wav,7,"[(0,3200,'p'),(3200,6400,'p'),(6400,9600,'p'),(9600,12800,'p'),(12800,16000,'p'),(16000,19200,'p'),(19200,22400,'p'),(22400,25600,'p'),(25600,28800,'p'),(28800,32000,'p'),(32000,35200,'p'),(35200,38400,'p'),(38400,41600,'p'),(41600,44800,'p'),(44800,48000,'p')]"
281,/Users/ssankey/PycharmProjects/AdvReverb/data/VoxCeleb1/test/id10277/0rpfN7wThsg/00005.wav,7,"[(0,3200,'p'),(3200,6400,'p'),(6400,9600,'p'),(9600,12800,'p'),(12800,16000,'p'),(16000,19200,'p'),(19200,22400,'p'),(22400,25600,'p'),(25600,28800,'p'),(28800,32000,'p'),(32000,35200,'p'),(35200,38400,'p'),(38400,41600,'p'),(41600,44800,'p'),(44800,48000,'p')]"
282,/Users/ssankey/PycharmProjects/AdvReverb/data/VoxCeleb1/test/id10277/0rpfN7wThsg/00006.wav,7,"[(0,3200,'p'),(3200,6400,'p'),(6400,9600,'p'),(9600,12800,'p'),(12800,16000,'p'),(16000,19200,'p'),(19200,22400,'p'),(22400,25600,'p'),(25600,28800,'p'),(28800,32000,'p'),(32000,35200,'p'),(35200,38400,'p'),(38400,41600,'p'),(41600,44800,'p'),(44800,48000,'p')]"
283,/Users/ssankey/PycharmProjects/AdvReverb/data/VoxCeleb1/test/id10277/8k8XnF__uKc/00001.wav,7,"[(0,3200,'p'),(3200,6400,'p'),(6400,9600,'p'),(9600,12800,'p'),(12800,16000,'p'),(16000,19200,'p'),(19200,22400,'p'),(22400,25600,'p'),(25600,28800,'p'),(28800,32000,'p'),(32000,35200,'p'),(35200,38400,'p'),(38400,41600,'p'),(41600,44800,'p'),(44800,48000,'p')]"
284,/Users/ssankey/PycharmProjects/AdvReverb/data/VoxCeleb1/test/id10277/8rby6ETXo8Q/00001.wav,7,"[(0,3200,'p'),(3200,6400,'p'),(6400,9600,'p'),(9600,12800,'p'),(12800,16000,'p'),(16000,19200,'p'),(19200,22400,'p'),(22400,25600,'p'),(25600,28800,'p'),(28800,32000,'p'),(32000,35200,'p'),(35200,38400,'p'),(38400,41600,'p'),(41600,44800,'p'),(44800,48000,'p')]"
285,/Users/ssankey/PycharmProjects/AdvReverb/data/VoxCeleb1/test/id10277/8rby6ETXo8Q/00002.wav,7,"[(0,3200,'p'),(3200,6400,'p'),(6400,9600,'p'),(9600,12800,'p'),(12800,16000,'p'),(16000,19200,'p'),(19200,22400,'p'),(22400,25600,'p'),(25600,28800,'p'),(28800,32000,'p'),(32000,35200,'p'),(35200,38400,'p'),(38400,41600,'p'),(41600,44800,'p'),(44800,48000,'p')]"
286,/Users/ssankey/PycharmProjects/AdvReverb/data/VoxCeleb1/test/id10277/cELY3LdIo-0/00001.wav,7,"[(0,3200,'p'),(3200,6400,'p'),(6400,9600,'p'),(9600,12800,'p'),(12800,16000,'p'),(16000,19200,'p'),(19200,22400,'p'),(22400,25600,'p'),(25600,28800,'p'),(28800,32000,'p'),(32000,35200,'p'),(35200,38400,'p'),(38400,41600,'p'),(41600,44800,'p'),(44800,48000,'p')]"
287,/Users/ssankey/PycharmProjects/AdvReverb/data/VoxCeleb1/test/id10277/cELY3LdIo-0/00002.wav,7,"[(0,3200,'p'),(3200,6400,'p'),(6400,9600,'p'),(9600,12800,'p'),(12800,16000,'p'),(16000,19200,'p'),(19200,22400,'p'),(22400,25600,'p'),(25600,28800,'p'),(28800,32000,'p'),(32000,35200,'p'),(35200,38400,'p'),(38400,41600,'p'),(41600,44800,'p'),(44800,48000,'p')]"
288,/Users/ssankey/PycharmProjects/AdvReverb/data/VoxCeleb1/test/id10277/cELY3LdIo-0/00003.wav,7,"[(0,3200,'p'),(3200,6400,'p'),(6400,9600,'p'),(9600,12800,'p'),(12800,16000,'p'),(16000,19200,'p'),(19200,22400,'p'),(22400,25600,'p'),(25600,28800,'p'),(28800,32000,'p'),(32000,35200,'p'),(35200,38400,'p'),(38400,41600,'p'),(41600,44800,'p'),(44800,48000,'p')]"
289,/Users/ssankey/PycharmProjects/AdvReverb/data/VoxCeleb1/test/id10277/SeXsHJ3fW1c/00001.wav,7,"[(0,3200,'p'),(3200,6400,'p'),(6400,9600,'p'),(9600,12800,'p'),(12800,16000,'p'),(16000,19200,'p'),(19200,22400,'p'),(22400,25600,'p'),(25600,28800,'p'),(28800,32000,'p'),(32000,35200,'p'),(35200,38400,'p'),(38400,41600,'p'),(41600,44800,'p'),(44800,48000,'p')]"
290,/Users/ssankey/PycharmProjects/AdvReverb/data/VoxCeleb1/test/id10277/SeXsHJ3fW1c/00002.wav,7,"[(0,3200,'p'),(3200,6400,'p'),(6400,9600,'p'),(9600,12800,'p'),(12800,16000,'p'),(16000,19200,'p'),(19200,22400,'p'),(22400,25600,'p'),(25600,28800,'p'),(28800,32000,'p'),(32000,35200,'p'),(35200,38400,'p'),(38400,41600,'p'),(41600,44800,'p'),(44800,48000,'p')]"
291,/Users/ssankey/PycharmProjects/AdvReverb/data/VoxCeleb1/test/id10277/SeXsHJ3fW1c/00003.wav,7,"[(0,3200,'p'),(3200,6400,'p'),(6400,9600,'p'),(9600,12800,'p'),(12800,16000,'p'),(16000,19200,'p'),(19200,22400,'p'),(22400,25600,'p'),(25600,28800,'p'),(28800,32000,'p'),(32000,35200,'p'),(35200,38400,'p'),(38400,41600,'p'),(41600,44800,'p'),(44800,48000,'p')]"
292,/Users/ssankey/PycharmProjects/AdvReverb/data/VoxCeleb1/test/id10277/SeXsHJ3fW1c/00004.wav,7,"[(0,3200,'p'),(3200,6400,'p'),(6400,9600,'p'),(9600,12800,'p'),(12800,16000,'p'),(16000,19200,'p'),(19200,22400,'p'),(22400,25600,'p'),(25600,28800,'p'),(28800,32000,'p'),(32000,35200,'p'),(35200,38400,'p'),(38400,41600,'p'),(41600,44800,'p'),(44800,48000,'p')]"
293,/Users/ssankey/PycharmProjects/AdvReverb/data/VoxCeleb1/test/id10277/SeXsHJ3fW1c/00005.wav,7,"[(0,3200,'p'),(3200,6400,'p'),(6400,9600,'p'),(9600,12800,'p'),(12800,16000,'p'),(16000,19200,'p'),(19200,22400,'p'),(22400,25600,'p'),(25600,28800,'p'),(28800,32000,'p'),(32000,35200,'p'),(35200,38400,'p'),(38400,41600,'p'),(41600,44800,'p'),(44800,48000,'p')]"
294,/Users/ssankey/PycharmProjects/AdvReverb/data/VoxCeleb1/test/id10277/SeXsHJ3fW1c/00006.wav,7,"[(0,3200,'p'),(3200,6400,'p'),(6400,9600,'p'),(9600,12800,'p'),(12800,16000,'p'),(16000,19200,'p'),(19200,22400,'p'),(22400,25600,'p'),(25600,28800,'p'),(28800,32000,'p'),(32000,35200,'p'),(35200,38400,'p'),(38400,41600,'p'),(41600,44800,'p'),(44800,48000,'p')]"
295,/Users/ssankey/PycharmProjects/AdvReverb/data/VoxCeleb1/test/id10277/SeXsHJ3fW1c/00007.wav,7,"[(0,3200,'p'),(3200,6400,'p'),(6400,9600,'p'),(9600,12800,'p'),(12800,16000,'p'),(16000,19200,'p'),(19200,22400,'p'),(22400,25600,'p'),(25600,28800,'p'),(28800,32000,'p'),(32000,35200,'p'),(35200,38400,'p'),(38400,41600,'p'),(41600,44800,'p'),(44800,48000,'p')]"
296,/Users/ssankey/PycharmProjects/AdvReverb/data/VoxCeleb1/test/id10277/tbh20gz_KRA/00001.wav,7,"[(0,3200,'p'),(3200,6400,'p'),(6400,9600,'p'),(9600,12800,'p'),(12800,16000,'p'),(16000,19200,'p'),(19200,22400,'p'),(22400,25600,'p'),(25600,28800,'p'),(28800,32000,'p'),(32000,35200,'p'),(35200,38400,'p'),(38400,41600,'p'),(41600,44800,'p'),(44800,48000,'p')]"
297,/Users/ssankey/PycharmProjects/AdvReverb/data/VoxCeleb1/test/id10277/tbh20gz_KRA/00002.wav,7,"[(0,3200,'p'),(3200,6400,'p'),(6400,9600,'p'),(9600,12800,'p'),(12800,16000,'p'),(16000,19200,'p'),(19200,22400,'p'),(22400,25600,'p'),(25600,28800,'p'),(28800,32000,'p'),(32000,35200,'p'),(35200,38400,'p'),(38400,41600,'p'),(41600,44800,'p'),(44800,48000,'p')]"
298,/Users/ssankey/PycharmProjects/AdvReverb/data/VoxCeleb1/test/id10277/tbh20gz_KRA/00003.wav,7,"[(0,3200,'p'),(3200,6400,'p'),(6400,9600,'p'),(9600,12800,'p'),(12800,16000,'p'),(16000,19200,'p'),(19200,22400,'p'),(22400,25600,'p'),(25600,28800,'p'),(28800,32000,'p'),(32000,35200,'p'),(35200,38400,'p'),(38400,41600,'p'),(41600,44800,'p'),(44800,48000,'p')]"
299,/Users/ssankey/PycharmProjects/AdvReverb/data/VoxCeleb1/test/id10277/tbh20gz_KRA/00004.wav,7,"[(0,3200,'p'),(3200,6400,'p'),(6400,9600,'p'),(9600,12800,'p'),(12800,16000,'p'),(16000,19200,'p'),(19200,22400,'p'),(22400,25600,'p'),(25600,28800,'p'),(28800,32000,'p'),(32000,35200,'p'),(35200,38400,'p'),(38400,41600,'p'),(41600,44800,'p'),(44800,48000,'p')]"
300,/Users/ssankey/PycharmProjects/AdvReverb/data/VoxCeleb1/test/id10277/tbh20gz_KRA/00005.wav,7,"[(0,3200,'p'),(3200,6400,'p'),(6400,9600,'p'),(9600,12800,'p'),(12800,16000,'p'),(16000,19200,'p'),(19200,22400,'p'),(22400,25600,'p'),(25600,28800,'p'),(28800,32000,'p'),(32000,35200,'p'),(35200,38400,'p'),(38400,41600,'p'),(41600,44800,'p'),(44800,48000,'p')]"
301,/Users/ssankey/PycharmProjects/AdvReverb/data/VoxCeleb1/test/id10277/tbh20gz_KRA/00006.wav,7,"[(0,3200,'p'),(3200,6400,'p'),(6400,9600,'p'),(9600,12800,'p'),(12800,16000,'p'),(16000,19200,'p'),(19200,22400,'p'),(22400,25600,'p'),(25600,28800,'p'),(28800,32000,'p'),(32000,35200,'p'),(35200,38400,'p'),(38400,41600,'p'),(41600,44800,'p'),(44800,48000,'p')]"
302,/Users/ssankey/PycharmProjects/AdvReverb/data/VoxCeleb1/test/id10277/tbh20gz_KRA/00007.wav,7,"[(0,3200,'p'),(3200,6400,'p'),(6400,9600,'p'),(9600,12800,'p'),(12800,16000,'p'),(16000,19200,'p'),(19200,22400,'p'),(22400,25600,'p'),(25600,28800,'p'),(28800,32000,'p'),(32000,35200,'p'),(35200,38400,'p'),(38400,41600,'p'),(41600,44800,'p'),(44800,48000,'p')]"
303,/Users/ssankey/PycharmProjects/AdvReverb/data/VoxCeleb1/test/id10277/tbh20gz_KRA/00008.wav,7,"[(0,3200,'p'),(3200,6400,'p'),(6400,9600,'p'),(9600,12800,'p'),(12800,16000,'p'),(16000,19200,'p'),(19200,22400,'p'),(22400,25600,'p'),(25600,28800,'p'),(28800,32000,'p'),(32000,35200,'p'),(35200,38400,'p'),(38400,41600,'p'),(41600,44800,'p'),(44800,48000,'p')]"
304,/Users/ssankey/PycharmProjects/AdvReverb/data/VoxCeleb1/test/id10277/tbh20gz_KRA/00009.wav,7,"[(0,3200,'p'),(3200,6400,'p'),(6400,9600,'p'),(9600,12800,'p'),(12800,16000,'p'),(16000,19200,'p'),(19200,22400,'p'),(22400,25600,'p'),(25600,28800,'p'),(28800,32000,'p'),(32000,35200,'p'),(35200,38400,'p'),(38400,41600,'p'),(41600,44800,'p'),(44800,48000,'p')]"
305,/Users/ssankey/PycharmProjects/AdvReverb/data/VoxCeleb1/test/id10277/tbh20gz_KRA/00010.wav,7,"[(0,3200,'p'),(3200,6400,'p'),(6400,9600,'p'),(9600,12800,'p'),(12800,16000,'p'),(16000,19200,'p'),(19200,22400,'p'),(22400,25600,'p'),(25600,28800,'p'),(28800,32000,'p'),(32000,35200,'p'),(35200,38400,'p'),(38400,41600,'p'),(41600,44800,'p'),(44800,48000,'p')]"
306,/Users/ssankey/PycharmProjects/AdvReverb/data/VoxCeleb1/test/id10277/tbh20gz_KRA/00011.wav,7,"[(0,3200,'p'),(3200,6400,'p'),(6400,9600,'p'),(9600,12800,'p'),(12800,16000,'p'),(16000,19200,'p'),(19200,22400,'p'),(22400,25600,'p'),(25600,28800,'p'),(28800,32000,'p'),(32000,35200,'p'),(35200,38400,'p'),(38400,41600,'p'),(41600,44800,'p'),(44800,48000,'p')]"
307,/Users/ssankey/PycharmProjects/AdvReverb/data/VoxCeleb1/test/id10277/tbh20gz_KRA/00012.wav,7,"[(0,3200,'p'),(3200,6400,'p'),(6400,9600,'p'),(9600,12800,'p'),(12800,16000,'p'),(16000,19200,'p'),(19200,22400,'p'),(22400,25600,'p'),(25600,28800,'p'),(28800,32000,'p'),(32000,35200,'p'),(35200,38400,'p'),(38400,41600,'p'),(41600,44800,'p'),(44800,48000,'p')]"
308,/Users/ssankey/PycharmProjects/AdvReverb/data/VoxCeleb1/test/id10277/tbh20gz_KRA/00013.wav,7,"[(0,3200,'p'),(3200,6400,'p'),(6400,9600,'p'),(9600,12800,'p'),(12800,16000,'p'),(16000,19200,'p'),(19200,22400,'p'),(22400,25600,'p'),(25600,28800,'p'),(28800,32000,'p'),(32000,35200,'p'),(35200,38400,'p'),(38400,41600,'p'),(41600,44800,'p'),(44800,48000,'p')]"
309,/Users/ssankey/PycharmProjects/AdvReverb/data/VoxCeleb1/test/id10277/tbh20gz_KRA/00014.wav,7,"[(0,3200,'p'),(3200,6400,'p'),(6400,9600,'p'),(9600,12800,'p'),(12800,16000,'p'),(16000,19200,'p'),(19200,22400,'p'),(22400,25600,'p'),(25600,28800,'p'),(28800,32000,'p'),(32000,35200,'p'),(35200,38400,'p'),(38400,41600,'p'),(41600,44800,'p'),(44800,48000,'p')]"
310,/Users/ssankey/PycharmProjects/AdvReverb/data/VoxCeleb1/test/id10277/tbh20gz_KRA/00015.wav,7,"[(0,3200,'p'),(3200,6400,'p'),(6400,9600,'p'),(9600,12800,'p'),(12800,16000,'p'),(16000,19200,'p'),(19200,22400,'p'),(22400,25600,'p'),(25600,28800,'p'),(28800,32000,'p'),(32000,35200,'p'),(35200,38400,'p'),(38400,41600,'p'),(41600,44800,'p'),(44800,48000,'p')]"
311,/Users/ssankey/PycharmProjects/AdvReverb/data/VoxCeleb1/test/id10277/tbh20gz_KRA/00016.wav,7,"[(0,3200,'p'),(3200,6400,'p'),(6400,9600,'p'),(9600,12800,'p'),(12800,16000,'p'),(16000,19200,'p'),(19200,22400,'p'),(22400,25600,'p'),(25600,28800,'p'),(28800,32000,'p'),(32000,35200,'p'),(35200,38400,'p'),(38400,41600,'p'),(41600,44800,'p'),(44800,48000,'p')]"
312,/Users/ssankey/PycharmProjects/AdvReverb/data/VoxCeleb1/test/id10277/tbh20gz_KRA/00017.wav,7,"[(0,3200,'p'),(3200,6400,'p'),(6400,9600,'p'),(9600,12800,'p'),(12800,16000,'p'),(16000,19200,'p'),(19200,22400,'p'),(22400,25600,'p'),(25600,28800,'p'),(28800,32000,'p'),(32000,35200,'p'),(35200,38400,'p'),(38400,41600,'p'),(41600,44800,'p'),(44800,48000,'p')]"
313,/Users/ssankey/PycharmProjects/AdvReverb/data/VoxCeleb1/test/id10277/tbh20gz_KRA/00018.wav,7,"[(0,3200,'p'),(3200,6400,'p'),(6400,9600,'p'),(9600,12800,'p'),(12800,16000,'p'),(16000,19200,'p'),(19200,22400,'p'),(22400,25600,'p'),(25600,28800,'p'),(28800,32000,'p'),(32000,35200,'p'),(35200,38400,'p'),(38400,41600,'p'),(41600,44800,'p'),(44800,48000,'p')]"
314,/Users/ssankey/PycharmProjects/AdvReverb/data/VoxCeleb1/test/id10277/tbh20gz_KRA/00019.wav,7,"[(0,3200,'p'),(3200,6400,'p'),(6400,9600,'p'),(9600,12800,'p'),(12800,16000,'p'),(16000,19200,'p'),(19200,22400,'p'),(22400,25600,'p'),(25600,28800,'p'),(28800,32000,'p'),(32000,35200,'p'),(35200,38400,'p'),(38400,41600,'p'),(41600,44800,'p'),(44800,48000,'p')]"
315,/Users/ssankey/PycharmProjects/AdvReverb/data/VoxCeleb1/test/id10277/tbh20gz_KRA/00020.wav,7,"[(0,3200,'p'),(3200,6400,'p'),(6400,9600,'p'),(9600,12800,'p'),(12800,16000,'p'),(16000,19200,'p'),(19200,22400,'p'),(22400,25600,'p'),(25600,28800,'p'),(28800,32000,'p'),(32000,35200,'p'),(35200,38400,'p'),(38400,41600,'p'),(41600,44800,'p'),(44800,48000,'p')]"
316,/Users/ssankey/PycharmProjects/AdvReverb/data/VoxCeleb1/test/id10277/tbh20gz_KRA/00021.wav,7,"[(0,3200,'p'),(3200,6400,'p'),(6400,9600,'p'),(9600,12800,'p'),(12800,16000,'p'),(16000,19200,'p'),(19200,22400,'p'),(22400,25600,'p'),(25600,28800,'p'),(28800,32000,'p'),(32000,35200,'p'),(35200,38400,'p'),(38400,41600,'p'),(41600,44800,'p'),(44800,48000,'p')]"
317,/Users/ssankey/PycharmProjects/AdvReverb/data/VoxCeleb1/test/id10277/tbh20gz_KRA/00022.wav,7,"[(0,3200,'p'),(3200,6400,'p'),(6400,9600,'p'),(9600,12800,'p'),(12800,16000,'p'),(16000,19200,'p'),(19200,22400,'p'),(22400,25600,'p'),(25600,28800,'p'),(28800,32000,'p'),(32000,35200,'p'),(35200,38400,'p'),(38400,41600,'p'),(41600,44800,'p'),(44800,48000,'p')]"
318,/Users/ssankey/PycharmProjects/AdvReverb/data/VoxCeleb1/test/id10277/tbh20gz_KRA/00023.wav,7,"[(0,3200,'p'),(3200,6400,'p'),(6400,9600,'p'),(9600,12800,'p'),(12800,16000,'p'),(16000,19200,'p'),(19200,22400,'p'),(22400,25600,'p'),(25600,28800,'p'),(28800,32000,'p'),(32000,35200,'p'),(35200,38400,'p'),(38400,41600,'p'),(41600,44800,'p'),(44800,48000,'p')]"
319,/Users/ssankey/PycharmProjects/AdvReverb/data/VoxCeleb1/test/id10277/tbh20gz_KRA/00024.wav,7,"[(0,3200,'p'),(3200,6400,'p'),(6400,9600,'p'),(9600,12800,'p'),(12800,16000,'p'),(16000,19200,'p'),(19200,22400,'p'),(22400,25600,'p'),(25600,28800,'p'),(28800,32000,'p'),(32000,35200,'p'),(35200,38400,'p'),(38400,41600,'p'),(41600,44800,'p'),(44800,48000,'p')]"
320,/Users/ssankey/PycharmProjects/AdvReverb/data/VoxCeleb1/test/id10278/d3By4475krs/00004.wav,8,"[(0,3200,'p'),(3200,6400,'p'),(6400,9600,'p'),(9600,12800,'p'),(12800,16000,'p'),(16000,19200,'p'),(19200,22400,'p'),(22400,25600,'p'),(25600,28800,'p'),(28800,32000,'p'),(32000,35200,'p'),(35200,38400,'p'),(38400,41600,'p'),(41600,44800,'p'),(44800,48000,'p')]"
321,/Users/ssankey/PycharmProjects/AdvReverb/data/VoxCeleb1/test/id10278/d3By4475krs/00005.wav,8,"[(0,3200,'p'),(3200,6400,'p'),(6400,9600,'p'),(9600,12800,'p'),(12800,16000,'p'),(16000,19200,'p'),(19200,22400,'p'),(22400,25600,'p'),(25600,28800,'p'),(28800,32000,'p'),(32000,35200,'p'),(35200,38400,'p'),(38400,41600,'p'),(41600,44800,'p'),(44800,48000,'p')]"
322,/Users/ssankey/PycharmProjects/AdvReverb/data/VoxCeleb1/test/id10278/d3By4475krs/00006.wav,8,"[(0,3200,'p'),(3200,6400,'p'),(6400,9600,'p'),(9600,12800,'p'),(12800,16000,'p'),(16000,19200,'p'),(19200,22400,'p'),(22400,25600,'p'),(25600,28800,'p'),(28800,32000,'p'),(32000,35200,'p'),(35200,38400,'p'),(38400,41600,'p'),(41600,44800,'p'),(44800,48000,'p')]"
323,/Users/ssankey/PycharmProjects/AdvReverb/data/VoxCeleb1/test/id10278/d6WJf6TOoIQ/00001.wav,8,"[(0,3200,'p'),(3200,6400,'p'),(6400,9600,'p'),(9600,12800,'p'),(12800,16000,'p'),(16000,19200,'p'),(19200,22400,'p'),(22400,25600,'p'),(25600,28800,'p'),(28800,32000,'p'),(32000,35200,'p'),(35200,38400,'p'),(38400,41600,'p'),(41600,44800,'p'),(44800,48000,'p')]"
324,/Users/ssankey/PycharmProjects/AdvReverb/data/VoxCeleb1/test/id10278/d6WJf6TOoIQ/00002.wav,8,"[(0,3200,'p'),(3200,6400,'p'),(6400,9600,'p'),(9600,12800,'p'),(12800,16000,'p'),(16000,19200,'p'),(19200,22400,'p'),(22400,25600,'p'),(25600,28800,'p'),(28800,32000,'p'),(32000,35200,'p'),(35200,38400,'p'),(38400,41600,'p'),(41600,44800,'p'),(44800,48000,'p')]"
325,/Users/ssankey/PycharmProjects/AdvReverb/data/VoxCeleb1/test/id10278/d6WJf6TOoIQ/00003.wav,8,"[(0,3200,'p'),(3200,6400,'p'),(6400,9600,'p'),(9600,12800,'p'),(12800,16000,'p'),(16000,19200,'p'),(19200,22400,'p'),(22400,25600,'p'),(25600,28800,'p'),(28800,32000,'p'),(32000,35200,'p'),(35200,38400,'p'),(38400,41600,'p'),(41600,44800,'p'),(44800,48000,'p')]"
326,/Users/ssankey/PycharmProjects/AdvReverb/data/VoxCeleb1/test/id10278/d6WJf6TOoIQ/00004.wav,8,"[(0,3200,'p'),(3200,6400,'p'),(6400,9600,'p'),(9600,12800,'p'),(12800,16000,'p'),(16000,19200,'p'),(19200,22400,'p'),(22400,25600,'p'),(25600,28800,'p'),(28800,32000,'p'),(32000,35200,'p'),(35200,38400,'p'),(38400,41600,'p'),(41600,44800,'p'),(44800,48000,'p')]"
327,/Users/ssankey/PycharmProjects/AdvReverb/data/VoxCeleb1/test/id10278/d6WJf6TOoIQ/00005.wav,8,"[(0,3200,'p'),(3200,6400,'p'),(6400,9600,'p'),(9600,12800,'p'),(12800,16000,'p'),(16000,19200,'p'),(19200,22400,'p'),(22400,25600,'p'),(25600,28800,'p'),(28800,32000,'p'),(32000,35200,'p'),(35200,38400,'p'),(38400,41600,'p'),(41600,44800,'p'),(44800,48000,'p')]"
328,/Users/ssankey/PycharmProjects/AdvReverb/data/VoxCeleb1/test/id10278/d6WJf6TOoIQ/00006.wav,8,"[(0,3200,'p'),(3200,6400,'p'),(6400,9600,'p'),(9600,12800,'p'),(12800,16000,'p'),(16000,19200,'p'),(19200,22400,'p'),(22400,25600,'p'),(25600,28800,'p'),(28800,32000,'p'),(32000,35200,'p'),(35200,38400,'p'),(38400,41600,'p'),(41600,44800,'p'),(44800,48000,'p')]"
329,/Users/ssankey/PycharmProjects/AdvReverb/data/VoxCeleb1/test/id10278/d6WJf6TOoIQ/00007.wav,8,"[(0,3200,'p'),(3200,6400,'p'),(6400,9600,'p'),(9600,12800,'p'),(12800,16000,'p'),(16000,19200,'p'),(19200,22400,'p'),(22400,25600,'p'),(25600,28800,'p'),(28800,32000,'p'),(32000,35200,'p'),(35200,38400,'p'),(38400,41600,'p'),(41600,44800,'p'),(44800,48000,'p')]"
330,/Users/ssankey/PycharmProjects/AdvReverb/data/VoxCeleb1/test/id10278/d6WJf6TOoIQ/00008.wav,8,"[(0,3200,'p'),(3200,6400,'p'),(6400,9600,'p'),(9600,12800,'p'),(12800,16000,'p'),(16000,19200,'p'),(19200,22400,'p'),(22400,25600,'p'),(25600,28800,'p'),(28800,32000,'p'),(32000,35200,'p'),(35200,38400,'p'),(38400,41600,'p'),(41600,44800,'p'),(44800,48000,'p')]"
331,/Users/ssankey/PycharmProjects/AdvReverb/data/VoxCeleb1/test/id10278/DSGE2F5sTcg/00001.wav,8,"[(0,3200,'p'),(3200,6400,'p'),(6400,9600,'p'),(9600,12800,'p'),(12800,16000,'p'),(16000,19200,'p'),(19200,22400,'p'),(22400,25600,'p'),(25600,28800,'p'),(28800,32000,'p'),(32000,35200,'p'),(35200,38400,'p'),(38400,41600,'p'),(41600,44800,'p'),(44800,48000,'p')]"
332,/Users/ssankey/PycharmProjects/AdvReverb/data/VoxCeleb1/test/id10278/DSGE2F5sTcg/00002.wav,8,"[(0,3200,'p'),(3200,6400,'p'),(6400,9600,'p'),(9600,12800,'p'),(12800,16000,'p'),(16000,19200,'p'),(19200,22400,'p'),(22400,25600,'p'),(25600,28800,'p'),(28800,32000,'p'),(32000,35200,'p'),(35200,38400,'p'),(38400,41600,'p'),(41600,44800,'p'),(44800,48000,'p')]"
333,/Users/ssankey/PycharmProjects/AdvReverb/data/VoxCeleb1/test/id10278/DSGE2F5sTcg/00003.wav,8,"[(0,3200,'p'),(3200,6400,'p'),(6400,9600,'p'),(9600,12800,'p'),(12800,16000,'p'),(16000,19200,'p'),(19200,22400,'p'),(22400,25600,'p'),(25600,28800,'p'),(28800,32000,'p'),(32000,35200,'p'),(35200,38400,'p'),(38400,41600,'p'),(41600,44800,'p'),(44800,48000,'p')]"
334,/Users/ssankey/PycharmProjects/AdvReverb/data/VoxCeleb1/test/id10278/DSGE2F5sTcg/00004.wav,8,"[(0,3200,'p'),(3200,6400,'p'),(6400,9600,'p'),(9600,12800,'p'),(12800,16000,'p'),(16000,19200,'p'),(19200,22400,'p'),(22400,25600,'p'),(25600,28800,'p'),(28800,32000,'p'),(32000,35200,'p'),(35200,38400,'p'),(38400,41600,'p'),(41600,44800,'p'),(44800,48000,'p')]"
335,/Users/ssankey/PycharmProjects/AdvReverb/data/VoxCeleb1/test/id10278/DSGE2F5sTcg/00005.wav,8,"[(0,3200,'p'),(3200,6400,'p'),(6400,9600,'p'),(9600,12800,'p'),(12800,16000,'p'),(16000,19200,'p'),(19200,22400,'p'),(22400,25600,'p'),(25600,28800,'p'),(28800,32000,'p'),(32000,35200,'p'),(35200,38400,'p'),(38400,41600,'p'),(41600,44800,'p'),(44800,48000,'p')]"
336,/Users/ssankey/PycharmProjects/AdvReverb/data/VoxCeleb1/test/id10278/DSGE2F5sTcg/00006.wav,8,"[(0,3200,'p'),(3200,6400,'p'),(6400,9600,'p'),(9600,12800,'p'),(12800,16000,'p'),(16000,19200,'p'),(19200,22400,'p'),(22400,25600,'p'),(25600,28800,'p'),(28800,32000,'p'),(32000,35200,'p'),(35200,38400,'p'),(38400,41600,'p'),(41600,44800,'p'),(44800,48000,'p')]"
337,/Users/ssankey/PycharmProjects/AdvReverb/data/VoxCeleb1/test/id10278/DSGE2F5sTcg/00007.wav,8,"[(0,3200,'p'),(3200,6400,'p'),(6400,9600,'p'),(9600,12800,'p'),(12800,16000,'p'),(16000,19200,'p'),(19200,22400,'p'),(22400,25600,'p'),(25600,28800,'p'),(28800,32000,'p'),(32000,35200,'p'),(35200,38400,'p'),(38400,41600,'p'),(41600,44800,'p'),(44800,48000,'p')]"
338,/Users/ssankey/PycharmProjects/AdvReverb/data/VoxCeleb1/test/id10278/DSGE2F5sTcg/00008.wav,8,"[(0,3200,'p'),(3200,6400,'p'),(6400,9600,'p'),(9600,12800,'p'),(12800,16000,'p'),(16000,19200,'p'),(19200,22400,'p'),(22400,25600,'p'),(25600,28800,'p'),(28800,32000,'p'),(32000,35200,'p'),(35200,38400,'p'),(38400,41600,'p'),(41600,44800,'p'),(44800,48000,'p')]"
339,/Users/ssankey/PycharmProjects/AdvReverb/data/VoxCeleb1/test/id10278/DSGE2F5sTcg/00009.wav,8,"[(0,3200,'p'),(3200,6400,'p'),(6400,9600,'p'),(9600,12800,'p'),(12800,16000,'p'),(16000,19200,'p'),(19200,22400,'p'),(22400,25600,'p'),(25600,28800,'p'),(28800,32000,'p'),(32000,35200,'p'),(35200,38400,'p'),(38400,41600,'p'),(41600,44800,'p'),(44800,48000,'p')]"
340,/Users/ssankey/PycharmProjects/AdvReverb/data/VoxCeleb1/test/id10278/DSGE2F5sTcg/00010.wav,8,"[(0,3200,'p'),(3200,6400,'p'),(6400,9600,'p'),(9600,12800,'p'),(12800,16000,'p'),(16000,19200,'p'),(19200,22400,'p'),(22400,25600,'p'),(25600,28800,'p'),(28800,32000,'p'),(32000,35200,'p'),(35200,38400,'p'),(38400,41600,'p'),(41600,44800,'p'),(44800,48000,'p')]"
341,/Users/ssankey/PycharmProjects/AdvReverb/data/VoxCeleb1/test/id10278/DSGE2F5sTcg/00011.wav,8,"[(0,3200,'p'),(3200,6400,'p'),(6400,9600,'p'),(9600,12800,'p'),(12800,16000,'p'),(16000,19200,'p'),(19200,22400,'p'),(22400,25600,'p'),(25600,28800,'p'),(28800,32000,'p'),(32000,35200,'p'),(35200,38400,'p'),(38400,41600,'p'),(41600,44800,'p'),(44800,48000,'p')]"
342,/Users/ssankey/PycharmProjects/AdvReverb/data/VoxCeleb1/test/id10278/DSGE2F5sTcg/00012.wav,8,"[(0,3200,'p'),(3200,6400,'p'),(6400,9600,'p'),(9600,12800,'p'),(12800,16000,'p'),(16000,19200,'p'),(19200,22400,'p'),(22400,25600,'p'),(25600,28800,'p'),(28800,32000,'p'),(32000,35200,'p'),(35200,38400,'p'),(38400,41600,'p'),(41600,44800,'p'),(44800,48000,'p')]"
343,/Users/ssankey/PycharmProjects/AdvReverb/data/VoxCeleb1/test/id10278/DSGE2F5sTcg/00013.wav,8,"[(0,3200,'p'),(3200,6400,'p'),(6400,9600,'p'),(9600,12800,'p'),(12800,16000,'p'),(16000,19200,'p'),(19200,22400,'p'),(22400,25600,'p'),(25600,28800,'p'),(28800,32000,'p'),(32000,35200,'p'),(35200,38400,'p'),(38400,41600,'p'),(41600,44800,'p'),(44800,48000,'p')]"
344,/Users/ssankey/PycharmProjects/AdvReverb/data/VoxCeleb1/test/id10278/DSGE2F5sTcg/00014.wav,8,"[(0,3200,'p'),(3200,6400,'p'),(6400,9600,'p'),(9600,12800,'p'),(12800,16000,'p'),(16000,19200,'p'),(19200,22400,'p'),(22400,25600,'p'),(25600,28800,'p'),(28800,32000,'p'),(32000,35200,'p'),(35200,38400,'p'),(38400,41600,'p'),(41600,44800,'p'),(44800,48000,'p')]"
345,/Users/ssankey/PycharmProjects/AdvReverb/data/VoxCeleb1/test/id10278/DSGE2F5sTcg/00015.wav,8,"[(0,3200,'p'),(3200,6400,'p'),(6400,9600,'p'),(9600,12800,'p'),(12800,16000,'p'),(16000,19200,'p'),(19200,22400,'p'),(22400,25600,'p'),(25600,28800,'p'),(28800,32000,'p'),(32000,35200,'p'),(35200,38400,'p'),(38400,41600,'p'),(41600,44800,'p'),(44800,48000,'p')]"
346,/Users/ssankey/PycharmProjects/AdvReverb/data/VoxCeleb1/test/id10278/DSGE2F5sTcg/00016.wav,8,"[(0,3200,'p'),(3200,6400,'p'),(6400,9600,'p'),(9600,12800,'p'),(12800,16000,'p'),(16000,19200,'p'),(19200,22400,'p'),(22400,25600,'p'),(25600,28800,'p'),(28800,32000,'p'),(32000,35200,'p'),(35200,38400,'p'),(38400,41600,'p'),(41600,44800,'p'),(44800,48000,'p')]"
347,/Users/ssankey/PycharmProjects/AdvReverb/data/VoxCeleb1/test/id10278/DSGE2F5sTcg/00017.wav,8,"[(0,3200,'p'),(3200,6400,'p'),(6400,9600,'p'),(9600,12800,'p'),(12800,16000,'p'),(16000,19200,'p'),(19200,22400,'p'),(22400,25600,'p'),(25600,28800,'p'),(28800,32000,'p'),(32000,35200,'p'),(35200,38400,'p'),(38400,41600,'p'),(41600,44800,'p'),(44800,48000,'p')]"
348,/Users/ssankey/PycharmProjects/AdvReverb/data/VoxCeleb1/test/id10278/DSGE2F5sTcg/00018.wav,8,"[(0,3200,'p'),(3200,6400,'p'),(6400,9600,'p'),(9600,12800,'p'),(12800,16000,'p'),(16000,19200,'p'),(19200,22400,'p'),(22400,25600,'p'),(25600,28800,'p'),(28800,32000,'p'),(32000,35200,'p'),(35200,38400,'p'),(38400,41600,'p'),(41600,44800,'p'),(44800,48000,'p')]"
349,/Users/ssankey/PycharmProjects/AdvReverb/data/VoxCeleb1/test/id10278/DSGE2F5sTcg/00019.wav,8,"[(0,3200,'p'),(3200,6400,'p'),(6400,9600,'p'),(9600,12800,'p'),(12800,16000,'p'),(16000,19200,'p'),(19200,22400,'p'),(22400,25600,'p'),(25600,28800,'p'),(28800,32000,'p'),(32000,35200,'p'),(35200,38400,'p'),(38400,41600,'p'),(41600,44800,'p'),(44800,48000,'p')]"
350,/Users/ssankey/PycharmProjects/AdvReverb/data/VoxCeleb1/test/id10278/DSGE2F5sTcg/00020.wav,8,"[(0,3200,'p'),(3200,6400,'p'),(6400,9600,'p'),(9600,12800,'p'),(12800,16000,'p'),(16000,19200,'p'),(19200,22400,'p'),(22400,25600,'p'),(25600,28800,'p'),(28800,32000,'p'),(32000,35200,'p'),(35200,38400,'p'),(38400,41600,'p'),(41600,44800,'p'),(44800,48000,'p')]"
351,/Users/ssankey/PycharmProjects/AdvReverb/data/VoxCeleb1/test/id10278/DSGE2F5sTcg/00021.wav,8,"[(0,3200,'p'),(3200,6400,'p'),(6400,9600,'p'),(9600,12800,'p'),(12800,16000,'p'),(16000,19200,'p'),(19200,22400,'p'),(22400,25600,'p'),(25600,28800,'p'),(28800,32000,'p'),(32000,35200,'p'),(35200,38400,'p'),(38400,41600,'p'),(41600,44800,'p'),(44800,48000,'p')]"
352,/Users/ssankey/PycharmProjects/AdvReverb/data/VoxCeleb1/test/id10278/DSGE2F5sTcg/00022.wav,8,"[(0,3200,'p'),(3200,6400,'p'),(6400,9600,'p'),(9600,12800,'p'),(12800,16000,'p'),(16000,19200,'p'),(19200,22400,'p'),(22400,25600,'p'),(25600,28800,'p'),(28800,32000,'p'),(32000,35200,'p'),(35200,38400,'p'),(38400,41600,'p'),(41600,44800,'p'),(44800,48000,'p')]"
353,/Users/ssankey/PycharmProjects/AdvReverb/data/VoxCeleb1/test/id10278/DSGE2F5sTcg/00023.wav,8,"[(0,3200,'p'),(3200,6400,'p'),(6400,9600,'p'),(9600,12800,'p'),(12800,16000,'p'),(16000,19200,'p'),(19200,22400,'p'),(22400,25600,'p'),(25600,28800,'p'),(28800,32000,'p'),(32000,35200,'p'),(35200,38400,'p'),(38400,41600,'p'),(41600,44800,'p'),(44800,48000,'p')]"
354,/Users/ssankey/PycharmProjects/AdvReverb/data/VoxCeleb1/test/id10278/DSGE2F5sTcg/00024.wav,8,"[(0,3200,'p'),(3200,6400,'p'),(6400,9600,'p'),(9600,12800,'p'),(12800,16000,'p'),(16000,19200,'p'),(19200,22400,'p'),(22400,25600,'p'),(25600,28800,'p'),(28800,32000,'p'),(32000,35200,'p'),(35200,38400,'p'),(38400,41600,'p'),(41600,44800,'p'),(44800,48000,'p')]"
355,/Users/ssankey/PycharmProjects/AdvReverb/data/VoxCeleb1/test/id10278/DSGE2F5sTcg/00025.wav,8,"[(0,3200,'p'),(3200,6400,'p'),(6400,9600,'p'),(9600,12800,'p'),(12800,16000,'p'),(16000,19200,'p'),(19200,22400,'p'),(22400,25600,'p'),(25600,28800,'p'),(28800,32000,'p'),(32000,35200,'p'),(35200,38400,'p'),(38400,41600,'p'),(41600,44800,'p'),(44800,48000,'p')]"
356,/Users/ssankey/PycharmProjects/AdvReverb/data/VoxCeleb1/test/id10278/DSGE2F5sTcg/00026.wav,8,"[(0,3200,'p'),(3200,6400,'p'),(6400,9600,'p'),(9600,12800,'p'),(12800,16000,'p'),(16000,19200,'p'),(19200,22400,'p'),(22400,25600,'p'),(25600,28800,'p'),(28800,32000,'p'),(32000,35200,'p'),(35200,38400,'p'),(38400,41600,'p'),(41600,44800,'p'),(44800,48000,'p')]"
357,/Users/ssankey/PycharmProjects/AdvReverb/data/VoxCeleb1/test/id10278/DSGE2F5sTcg/00027.wav,8,"[(0,3200,'p'),(3200,6400,'p'),(6400,9600,'p'),(9600,12800,'p'),(12800,16000,'p'),(16000,19200,'p'),(19200,22400,'p'),(22400,25600,'p'),(25600,28800,'p'),(28800,32000,'p'),(32000,35200,'p'),(35200,38400,'p'),(38400,41600,'p'),(41600,44800,'p'),(44800,48000,'p')]"
358,/Users/ssankey/PycharmProjects/AdvReverb/data/VoxCeleb1/test/id10278/DSGE2F5sTcg/00028.wav,8,"[(0,3200,'p'),(3200,6400,'p'),(6400,9600,'p'),(9600,12800,'p'),(12800,16000,'p'),(16000,19200,'p'),(19200,22400,'p'),(22400,25600,'p'),(25600,28800,'p'),(28800,32000,'p'),(32000,35200,'p'),(35200,38400,'p'),(38400,41600,'p'),(41600,44800,'p'),(44800,48000,'p')]"
359,/Users/ssankey/PycharmProjects/AdvReverb/data/VoxCeleb1/test/id10278/DSGE2F5sTcg/00029.wav,8,"[(0,3200,'p'),(3200,6400,'p'),(6400,9600,'p'),(9600,12800,'p'),(12800,16000,'p'),(16000,19200,'p'),(19200,22400,'p'),(22400,25600,'p'),(25600,28800,'p'),(28800,32000,'p'),(32000,35200,'p'),(35200,38400,'p'),(38400,41600,'p'),(41600,44800,'p'),(44800,48000,'p')]"
360,/Users/ssankey/PycharmProjects/AdvReverb/data/VoxCeleb1/test/id10279/4Q1IvdayPR8/00003.wav,9,"[(0,3200,'p'),(3200,6400,'p'),(6400,9600,'p'),(9600,12800,'p'),(12800,16000,'p'),(16000,19200,'p'),(19200,22400,'p'),(22400,25600,'p'),(25600,28800,'p'),(28800,32000,'p'),(32000,35200,'p'),(35200,38400,'p'),(38400,41600,'p'),(41600,44800,'p'),(44800,48000,'p')]"
361,/Users/ssankey/PycharmProjects/AdvReverb/data/VoxCeleb1/test/id10279/4Q1IvdayPR8/00004.wav,9,"[(0,3200,'p'),(3200,6400,'p'),(6400,9600,'p'),(9600,12800,'p'),(12800,16000,'p'),(16000,19200,'p'),(19200,22400,'p'),(22400,25600,'p'),(25600,28800,'p'),(28800,32000,'p'),(32000,35200,'p'),(35200,38400,'p'),(38400,41600,'p'),(41600,44800,'p'),(44800,48000,'p')]"
362,/Users/ssankey/PycharmProjects/AdvReverb/data/VoxCeleb1/test/id10279/4Q1IvdayPR8/00005.wav,9,"[(0,3200,'p'),(3200,6400,'p'),(6400,9600,'p'),(9600,12800,'p'),(12800,16000,'p'),(16000,19200,'p'),(19200,22400,'p'),(22400,25600,'p'),(25600,28800,'p'),(28800,32000,'p'),(32000,35200,'p'),(35200,38400,'p'),(38400,41600,'p'),(41600,44800,'p'),(44800,48000,'p')]"
363,/Users/ssankey/PycharmProjects/AdvReverb/data/VoxCeleb1/test/id10279/4Q1IvdayPR8/00006.wav,9,"[(0,3200,'p'),(3200,6400,'p'),(6400,9600,'p'),(9600,12800,'p'),(12800,16000,'p'),(16000,19200,'p'),(19200,22400,'p'),(22400,25600,'p'),(25600,28800,'p'),(28800,32000,'p'),(32000,35200,'p'),(35200,38400,'p'),(38400,41600,'p'),(41600,44800,'p'),(44800,48000,'p')]"
364,/Users/ssankey/PycharmProjects/AdvReverb/data/VoxCeleb1/test/id10279/4Q1IvdayPR8/00007.wav,9,"[(0,3200,'p'),(3200,6400,'p'),(6400,9600,'p'),(9600,12800,'p'),(12800,16000,'p'),(16000,19200,'p'),(19200,22400,'p'),(22400,25600,'p'),(25600,28800,'p'),(28800,32000,'p'),(32000,35200,'p'),(35200,38400,'p'),(38400,41600,'p'),(41600,44800,'p'),(44800,48000,'p')]"
365,/Users/ssankey/PycharmProjects/AdvReverb/data/VoxCeleb1/test/id10279/4Q1IvdayPR8/00008.wav,9,"[(0,3200,'p'),(3200,6400,'p'),(6400,9600,'p'),(9600,12800,'p'),(12800,16000,'p'),(16000,19200,'p'),(19200,22400,'p'),(22400,25600,'p'),(25600,28800,'p'),(28800,32000,'p'),(32000,35200,'p'),(35200,38400,'p'),(38400,41600,'p'),(41600,44800,'p'),(44800,48000,'p')]"
366,/Users/ssankey/PycharmProjects/AdvReverb/data/VoxCeleb1/test/id10279/4Q1IvdayPR8/00009.wav,9,"[(0,3200,'p'),(3200,6400,'p'),(6400,9600,'p'),(9600,12800,'p'),(12800,16000,'p'),(16000,19200,'p'),(19200,22400,'p'),(22400,25600,'p'),(25600,28800,'p'),(28800,32000,'p'),(32000,35200,'p'),(35200,38400,'p'),(38400,41600,'p'),(41600,44800,'p'),(44800,48000,'p')]"
367,/Users/ssankey/PycharmProjects/AdvReverb/data/VoxCeleb1/test/id10279/4Q1IvdayPR8/00010.wav,9,"[(0,3200,'p'),(3200,6400,'p'),(6400,9600,'p'),(9600,12800,'p'),(12800,16000,'p'),(16000,19200,'p'),(19200,22400,'p'),(22400,25600,'p'),(25600,28800,'p'),(28800,32000,'p'),(32000,35200,'p'),(35200,38400,'p'),(38400,41600,'p'),(41600,44800,'p'),(44800,48000,'p')]"
368,/Users/ssankey/PycharmProjects/AdvReverb/data/VoxCeleb1/test/id10279/4Q1IvdayPR8/00011.wav,9,"[(0,3200,'p'),(3200,6400,'p'),(6400,9600,'p'),(9600,12800,'p'),(12800,16000,'p'),(16000,19200,'p'),(19200,22400,'p'),(22400,25600,'p'),(25600,28800,'p'),(28800,32000,'p'),(32000,35200,'p'),(35200,38400,'p'),(38400,41600,'p'),(41600,44800,'p'),(44800,48000,'p')]"
369,/Users/ssankey/PycharmProjects/AdvReverb/data/VoxCeleb1/test/id10279/4Q1IvdayPR8/00012.wav,9,"[(0,3200,'p'),(3200,6400,'p'),(6400,9600,'p'),(9600,12800,'p'),(12800,16000,'p'),(16000,19200,'p'),(19200,22400,'p'),(22400,25600,'p'),(25600,28800,'p'),(28800,32000,'p'),(32000,35200,'p'),(35200,38400,'p'),(38400,41600,'p'),(41600,44800,'p'),(44800,48000,'p')]"
370,/Users/ssankey/PycharmProjects/AdvReverb/data/VoxCeleb1/test/id10279/4Q1IvdayPR8/00013.wav,9,"[(0,3200,'p'),(3200,6400,'p'),(6400,9600,'p'),(9600,12800,'p'),(12800,16000,'p'),(16000,19200,'p'),(19200,22400,'p'),(22400,25600,'p'),(25600,28800,'p'),(28800,32000,'p'),(32000,35200,'p'),(35200,38400,'p'),(38400,41600,'p'),(41600,44800,'p'),(44800,48000,'p')]"
371,/Users/ssankey/PycharmProjects/AdvReverb/data/VoxCeleb1/test/id10279/4Q1IvdayPR8/00014.wav,9,"[(0,3200,'p'),(3200,6400,'p'),(6400,9600,'p'),(9600,12800,'p'),(12800,16000,'p'),(16000,19200,'p'),(19200,22400,'p'),(22400,25600,'p'),(25600,28800,'p'),(28800,32000,'p'),(32000,35200,'p'),(35200,38400,'p'),(38400,41600,'p'),(41600,44800,'p'),(44800,48000,'p')]"
372,/Users/ssankey/PycharmProjects/AdvReverb/data/VoxCeleb1/test/id10279/4Q1IvdayPR8/00015.wav,9,"[(0,3200,'p'),(3200,6400,'p'),(6400,9600,'p'),(9600,12800,'p'),(12800,16000,'p'),(16000,19200,'p'),(19200,22400,'p'),(22400,25600,'p'),(25600,28800,'p'),(28800,32000,'p'),(32000,35200,'p'),(35200,38400,'p'),(38400,41600,'p'),(41600,44800,'p'),(44800,48000,'p')]"
373,/Users/ssankey/PycharmProjects/AdvReverb/data/VoxCeleb1/test/id10279/4Q1IvdayPR8/00016.wav,9,"[(0,3200,'p'),(3200,6400,'p'),(6400,9600,'p'),(9600,12800,'p'),(12800,16000,'p'),(16000,19200,'p'),(19200,22400,'p'),(22400,25600,'p'),(25600,28800,'p'),(28800,32000,'p'),(32000,35200,'p'),(35200,38400,'p'),(38400,41600,'p'),(41600,44800,'p'),(44800,48000,'p')]"
374,/Users/ssankey/PycharmProjects/AdvReverb/data/VoxCeleb1/test/id10279/4Q1IvdayPR8/00017.wav,9,"[(0,3200,'p'),(3200,6400,'p'),(6400,9600,'p'),(9600,12800,'p'),(12800,16000,'p'),(16000,19200,'p'),(19200,22400,'p'),(22400,25600,'p'),(25600,28800,'p'),(28800,32000,'p'),(32000,35200,'p'),(35200,38400,'p'),(38400,41600,'p'),(41600,44800,'p'),(44800,48000,'p')]"
375,/Users/ssankey/PycharmProjects/AdvReverb/data/VoxCeleb1/test/id10279/4Q1IvdayPR8/00018.wav,9,"[(0,3200,'p'),(3200,6400,'p'),(6400,9600,'p'),(9600,12800,'p'),(12800,16000,'p'),(16000,19200,'p'),(19200,22400,'p'),(22400,25600,'p'),(25600,28800,'p'),(28800,32000,'p'),(32000,35200,'p'),(35200,38400,'p'),(38400,41600,'p'),(41600,44800,'p'),(44800,48000,'p')]"
376,/Users/ssankey/PycharmProjects/AdvReverb/data/VoxCeleb1/test/id10279/4Q1IvdayPR8/00019.wav,9,"[(0,3200,'p'),(3200,6400,'p'),(6400,9600,'p'),(9600,12800,'p'),(12800,16000,'p'),(16000,19200,'p'),(19200,22400,'p'),(22400,25600,'p'),(25600,28800,'p'),(28800,32000,'p'),(32000,35200,'p'),(35200,38400,'p'),(38400,41600,'p'),(41600,44800,'p'),(44800,48000,'p')]"
377,/Users/ssankey/PycharmProjects/AdvReverb/data/VoxCeleb1/test/id10279/bmoAV7tZziI/00001.wav,9,"[(0,3200,'p'),(3200,6400,'p'),(6400,9600,'p'),(9600,12800,'p'),(12800,16000,'p'),(16000,19200,'p'),(19200,22400,'p'),(22400,25600,'p'),(25600,28800,'p'),(28800,32000,'p'),(32000,35200,'p'),(35200,38400,'p'),(38400,41600,'p'),(41600,44800,'p'),(44800,48000,'p')]"
378,/Users/ssankey/PycharmProjects/AdvReverb/data/VoxCeleb1/test/id10279/bmoAV7tZziI/00002.wav,9,"[(0,3200,'p'),(3200,6400,'p'),(6400,9600,'p'),(9600,12800,'p'),(12800,16000,'p'),(16000,19200,'p'),(19200,22400,'p'),(22400,25600,'p'),(25600,28800,'p'),(28800,32000,'p'),(32000,35200,'p'),(35200,38400,'p'),(38400,41600,'p'),(41600,44800,'p'),(44800,48000,'p')]"
379,/Users/ssankey/PycharmProjects/AdvReverb/data/VoxCeleb1/test/id10279/CmKv2T7ebTQ/00001.wav,9,"[(0,3200,'p'),(3200,6400,'p'),(6400,9600,'p'),(9600,12800,'p'),(12800,16000,'p'),(16000,19200,'p'),(19200,22400,'p'),(22400,25600,'p'),(25600,28800,'p'),(28800,32000,'p'),(32000,35200,'p'),(35200,38400,'p'),(38400,41600,'p'),(41600,44800,'p'),(44800,48000,'p')]"
380,/Users/ssankey/PycharmProjects/AdvReverb/data/VoxCeleb1/test/id10279/DTbpchx4xes/00001.wav,9,"[(0,3200,'p'),(3200,6400,'p'),(6400,9600,'p'),(9600,12800,'p'),(12800,16000,'p'),(16000,19200,'p'),(19200,22400,'p'),(22400,25600,'p'),(25600,28800,'p'),(28800,32000,'p'),(32000,35200,'p'),(35200,38400,'p'),(38400,41600,'p'),(41600,44800,'p'),(44800,48000,'p')]"
381,/Users/ssankey/PycharmProjects/AdvReverb/data/VoxCeleb1/test/id10279/DTbpchx4xes/00002.wav,9,"[(0,3200,'p'),(3200,6400,'p'),(6400,9600,'p'),(9600,12800,'p'),(12800,16000,'p'),(16000,19200,'p'),(19200,22400,'p'),(22400,25600,'p'),(25600,28800,'p'),(28800,32000,'p'),(32000,35200,'p'),(35200,38400,'p'),(38400,41600,'p'),(41600,44800,'p'),(44800,48000,'p')]"
382,/Users/ssankey/PycharmProjects/AdvReverb/data/VoxCeleb1/test/id10279/DTbpchx4xes/00003.wav,9,"[(0,3200,'p'),(3200,6400,'p'),(6400,9600,'p'),(9600,12800,'p'),(12800,16000,'p'),(16000,19200,'p'),(19200,22400,'p'),(22400,25600,'p'),(25600,28800,'p'),(28800,32000,'p'),(32000,35200,'p'),(35200,38400,'p'),(38400,41600,'p'),(41600,44800,'p'),(44800,48000,'p')]"
383,/Users/ssankey/PycharmProjects/AdvReverb/data/VoxCeleb1/test/id10279/DTbpchx4xes/00004.wav,9,"[(0,3200,'p'),(3200,6400,'p'),(6400,9600,'p'),(9600,12800,'p'),(12800,16000,'p'),(16000,19200,'p'),(19200,22400,'p'),(22400,25600,'p'),(25600,28800,'p'),(28800,32000,'p'),(32000,35200,'p'),(35200,38400,'p'),(38400,41600,'p'),(41600,44800,'p'),(44800,48000,'p')]"
384,/Users/ssankey/PycharmProjects/AdvReverb/data/VoxCeleb1/test/id10279/DTbpchx4xes/00005.wav,9,"[(0,3200,'p'),(3200,6400,'p'),(6400,9600,'p'),(9600,12800,'p'),(12800,16000,'p'),(16000,19200,'p'),(19200,22400,'p'),(22400,25600,'p'),(25600,28800,'p'),(28800,32000,'p'),(32000,35200,'p'),(35200,38400,'p'),(38400,41600,'p'),(41600,44800,'p'),(44800,48000,'p')]"
385,/Users/ssankey/PycharmProjects/AdvReverb/data/VoxCeleb1/test/id10279/DTbpchx4xes/00006.wav,9,"[(0,3200,'p'),(3200,6400,'p'),(6400,9600,'p'),(9600,12800,'p'),(12800,16000,'p'),(16000,19200,'p'),(19200,22400,'p'),(22400,25600,'p'),(25600,28800,'p'),(28800,32000,'p'),(32000,35200,'p'),(35200,38400,'p'),(38400,41600,'p'),(41600,44800,'p'),(44800,48000,'p')]"
386,/Users/ssankey/PycharmProjects/AdvReverb/data/VoxCeleb1/test/id10279/DTbpchx4xes/00007.wav,9,"[(0,3200,'p'),(3200,6400,'p'),(6400,9600,'p'),(9600,12800,'p'),(12800,16000,'p'),(16000,19200,'p'),(19200,22400,'p'),(22400,25600,'p'),(25600,28800,'p'),(28800,32000,'p'),(32000,35200,'p'),(35200,38400,'p'),(38400,41600,'p'),(41600,44800,'p'),(44800,48000,'p')]"
387,/Users/ssankey/PycharmProjects/AdvReverb/data/VoxCeleb1/test/id10279/DTbpchx4xes/00008.wav,9,"[(0,3200,'p'),(3200,6400,'p'),(6400,9600,'p'),(9600,12800,'p'),(12800,16000,'p'),(16000,19200,'p'),(19200,22400,'p'),(22400,25600,'p'),(25600,28800,'p'),(28800,32000,'p'),(32000,35200,'p'),(35200,38400,'p'),(38400,41600,'p'),(41600,44800,'p'),(44800,48000,'p')]"
388,/Users/ssankey/PycharmProjects/AdvReverb/data/VoxCeleb1/test/id10279/DTbpchx4xes/00009.wav,9,"[(0,3200,'p'),(3200,6400,'p'),(6400,9600,'p'),(9600,12800,'p'),(12800,16000,'p'),(16000,19200,'p'),(19200,22400,'p'),(22400,25600,'p'),(25600,28800,'p'),(28800,32000,'p'),(32000,35200,'p'),(35200,38400,'p'),(38400,41600,'p'),(41600,44800,'p'),(44800,48000,'p')]"
389,/Users/ssankey/PycharmProjects/AdvReverb/data/VoxCeleb1/test/id10279/DTbpchx4xes/00010.wav,9,"[(0,3200,'p'),(3200,6400,'p'),(6400,9600,'p'),(9600,12800,'p'),(12800,16000,'p'),(16000,19200,'p'),(19200,22400,'p'),(22400,25600,'p'),(25600,28800,'p'),(28800,32000,'p'),(32000,35200,'p'),(35200,38400,'p'),(38400,41600,'p'),(41600,44800,'p'),(44800,48000,'p')]"
390,/Users/ssankey/PycharmProjects/AdvReverb/data/VoxCeleb1/test/id10279/DTbpchx4xes/00011.wav,9,"[(0,3200,'p'),(3200,6400,'p'),(6400,9600,'p'),(9600,12800,'p'),(12800,16000,'p'),(16000,19200,'p'),(19200,22400,'p'),(22400,25600,'p'),(25600,28800,'p'),(28800,32000,'p'),(32000,35200,'p'),(35200,38400,'p'),(38400,41600,'p'),(41600,44800,'p'),(44800,48000,'p')]"
391,/Users/ssankey/PycharmProjects/AdvReverb/data/VoxCeleb1/test/id10279/DTbpchx4xes/00012.wav,9,"[(0,3200,'p'),(3200,6400,'p'),(6400,9600,'p'),(9600,12800,'p'),(12800,16000,'p'),(16000,19200,'p'),(19200,22400,'p'),(22400,25600,'p'),(25600,28800,'p'),(28800,32000,'p'),(32000,35200,'p'),(35200,38400,'p'),(38400,41600,'p'),(41600,44800,'p'),(44800,48000,'p')]"
392,/Users/ssankey/PycharmProjects/AdvReverb/data/VoxCeleb1/test/id10279/DTbpchx4xes/00013.wav,9,"[(0,3200,'p'),(3200,6400,'p'),(6400,9600,'p'),(9600,12800,'p'),(12800,16000,'p'),(16000,19200,'p'),(19200,22400,'p'),(22400,25600,'p'),(25600,28800,'p'),(28800,32000,'p'),(32000,35200,'p'),(35200,38400,'p'),(38400,41600,'p'),(41600,44800,'p'),(44800,48000,'p')]"
393,/Users/ssankey/PycharmProjects/AdvReverb/data/VoxCeleb1/test/id10279/f0I1IC6DJfo/00001.wav,9,"[(0,3200,'p'),(3200,6400,'p'),(6400,9600,'p'),(9600,12800,'p'),(12800,16000,'p'),(16000,19200,'p'),(19200,22400,'p'),(22400,25600,'p'),(25600,28800,'p'),(28800,32000,'p'),(32000,35200,'p'),(35200,38400,'p'),(38400,41600,'p'),(41600,44800,'p'),(44800,48000,'p')]"
394,/Users/ssankey/PycharmProjects/AdvReverb/data/VoxCeleb1/test/id10279/f0I1IC6DJfo/00002.wav,9,"[(0,3200,'p'),(3200,6400,'p'),(6400,9600,'p'),(9600,12800,'p'),(12800,16000,'p'),(16000,19200,'p'),(19200,22400,'p'),(22400,25600,'p'),(25600,28800,'p'),(28800,32000,'p'),(32000,35200,'p'),(35200,38400,'p'),(38400,41600,'p'),(41600,44800,'p'),(44800,48000,'p')]"
395,/Users/ssankey/PycharmProjects/AdvReverb/data/VoxCeleb1/test/id10279/f0I1IC6DJfo/00003.wav,9,"[(0,3200,'p'),(3200,6400,'p'),(6400,9600,'p'),(9600,12800,'p'),(12800,16000,'p'),(16000,19200,'p'),(19200,22400,'p'),(22400,25600,'p'),(25600,28800,'p'),(28800,32000,'p'),(32000,35200,'p'),(35200,38400,'p'),(38400,41600,'p'),(41600,44800,'p'),(44800,48000,'p')]"
396,/Users/ssankey/PycharmProjects/AdvReverb/data/VoxCeleb1/test/id10279/IvOQNamNtF4/00001.wav,9,"[(0,3200,'p'),(3200,6400,'p'),(6400,9600,'p'),(9600,12800,'p'),(12800,16000,'p'),(16000,19200,'p'),(19200,22400,'p'),(22400,25600,'p'),(25600,28800,'p'),(28800,32000,'p'),(32000,35200,'p'),(35200,38400,'p'),(38400,41600,'p'),(41600,44800,'p'),(44800,48000,'p')]"
397,/Users/ssankey/PycharmProjects/AdvReverb/data/VoxCeleb1/test/id10279/IvOQNamNtF4/00002.wav,9,"[(0,3200,'p'),(3200,6400,'p'),(6400,9600,'p'),(9600,12800,'p'),(12800,16000,'p'),(16000,19200,'p'),(19200,22400,'p'),(22400,25600,'p'),(25600,28800,'p'),(28800,32000,'p'),(32000,35200,'p'),(35200,38400,'p'),(38400,41600,'p'),(41600,44800,'p'),(44800,48000,'p')]"
398,/Users/ssankey/PycharmProjects/AdvReverb/data/VoxCeleb1/test/id10279/IvOQNamNtF4/00003.wav,9,"[(0,3200,'p'),(3200,6400,'p'),(6400,9600,'p'),(9600,12800,'p'),(12800,16000,'p'),(16000,19200,'p'),(19200,22400,'p'),(22400,25600,'p'),(25600,28800,'p'),(28800,32000,'p'),(32000,35200,'p'),(35200,38400,'p'),(38400,41600,'p'),(41600,44800,'p'),(44800,48000,'p')]"
399,/Users/ssankey/PycharmProjects/AdvReverb/data/VoxCeleb1/test/id10279/IvOQNamNtF4/00004.wav,9,"[(0,3200,'p'),(3200,6400,'p'),(6400,9600,'p'),(9600,12800,'p'),(12800,16000,'p'),(16000,19200,'p'),(19200,22400,'p'),(22400,25600,'p'),(25600,28800,'p'),(28800,32000,'p'),(32000,35200,'p'),(35200,38400,'p'),(38400,41600,'p'),(41600,44800,'p'),(44800,48000,'p')]"
400,/Users/ssankey/PycharmProjects/AdvReverb/data/VoxCeleb1/test/id10280/9AtE4C309P8/00004.wav,10,"[(0,3200,'p'),(3200,6400,'p'),(6400,9600,'p'),(9600,12800,'p'),(12800,16000,'p'),(16000,19200,'p'),(19200,22400,'p'),(22400,25600,'p'),(25600,28800,'p'),(28800,32000,'p'),(32000,35200,'p'),(35200,38400,'p'),(38400,41600,'p'),(41600,44800,'p'),(44800,48000,'p')]"
401,/Users/ssankey/PycharmProjects/AdvReverb/data/VoxCeleb1/test/id10280/9AtE4C309P8/00005.wav,10,"[(0,3200,'p'),(3200,6400,'p'),(6400,9600,'p'),(9600,12800,'p'),(12800,16000,'p'),(16000,19200,'p'),(19200,22400,'p'),(22400,25600,'p'),(25600,28800,'p'),(28800,32000,'p'),(32000,35200,'p'),(35200,38400,'p'),(38400,41600,'p'),(41600,44800,'p'),(44800,48000,'p')]"
402,/Users/ssankey/PycharmProjects/AdvReverb/data/VoxCeleb1/test/id10280/9AtE4C309P8/00006.wav,10,"[(0,3200,'p'),(3200,6400,'p'),(6400,9600,'p'),(9600,12800,'p'),(12800,16000,'p'),(16000,19200,'p'),(19200,22400,'p'),(22400,25600,'p'),(25600,28800,'p'),(28800,32000,'p'),(32000,35200,'p'),(35200,38400,'p'),(38400,41600,'p'),(41600,44800,'p'),(44800,48000,'p')]"
403,/Users/ssankey/PycharmProjects/AdvReverb/data/VoxCeleb1/test/id10280/9AtE4C309P8/00007.wav,10,"[(0,3200,'p'),(3200,6400,'p'),(6400,9600,'p'),(9600,12800,'p'),(12800,16000,'p'),(16000,19200,'p'),(19200,22400,'p'),(22400,25600,'p'),(25600,28800,'p'),(28800,32000,'p'),(32000,35200,'p'),(35200,38400,'p'),(38400,41600,'p'),(41600,44800,'p'),(44800,48000,'p')]"
404,/Users/ssankey/PycharmProjects/AdvReverb/data/VoxCeleb1/test/id10280/9AtE4C309P8/00008.wav,10,"[(0,3200,'p'),(3200,6400,'p'),(6400,9600,'p'),(9600,12800,'p'),(12800,16000,'p'),(16000,19200,'p'),(19200,22400,'p'),(22400,25600,'p'),(25600,28800,'p'),(28800,32000,'p'),(32000,35200,'p'),(35200,38400,'p'),(38400,41600,'p'),(41600,44800,'p'),(44800,48000,'p')]"
405,/Users/ssankey/PycharmProjects/AdvReverb/data/VoxCeleb1/test/id10280/9AtE4C309P8/00009.wav,10,"[(0,3200,'p'),(3200,6400,'p'),(6400,9600,'p'),(9600,12800,'p'),(12800,16000,'p'),(16000,19200,'p'),(19200,22400,'p'),(22400,25600,'p'),(25600,28800,'p'),(28800,32000,'p'),(32000,35200,'p'),(35200,38400,'p'),(38400,41600,'p'),(41600,44800,'p'),(44800,48000,'p')]"
406,/Users/ssankey/PycharmProjects/AdvReverb/data/VoxCeleb1/test/id10280/9AtE4C309P8/00010.wav,10,"[(0,3200,'p'),(3200,6400,'p'),(6400,9600,'p'),(9600,12800,'p'),(12800,16000,'p'),(16000,19200,'p'),(19200,22400,'p'),(22400,25600,'p'),(25600,28800,'p'),(28800,32000,'p'),(32000,35200,'p'),(35200,38400,'p'),(38400,41600,'p'),(41600,44800,'p'),(44800,48000,'p')]"
407,/Users/ssankey/PycharmProjects/AdvReverb/data/VoxCeleb1/test/id10280/9AtE4C309P8/00011.wav,10,"[(0,3200,'p'),(3200,6400,'p'),(6400,9600,'p'),(9600,12800,'p'),(12800,16000,'p'),(16000,19200,'p'),(19200,22400,'p'),(22400,25600,'p'),(25600,28800,'p'),(28800,32000,'p'),(32000,35200,'p'),(35200,38400,'p'),(38400,41600,'p'),(41600,44800,'p'),(44800,48000,'p')]"
408,/Users/ssankey/PycharmProjects/AdvReverb/data/VoxCeleb1/test/id10280/9AtE4C309P8/00012.wav,10,"[(0,3200,'p'),(3200,6400,'p'),(6400,9600,'p'),(9600,12800,'p'),(12800,16000,'p'),(16000,19200,'p'),(19200,22400,'p'),(22400,25600,'p'),(25600,28800,'p'),(28800,32000,'p'),(32000,35200,'p'),(35200,38400,'p'),(38400,41600,'p'),(41600,44800,'p'),(44800,48000,'p')]"
409,/Users/ssankey/PycharmProjects/AdvReverb/data/VoxCeleb1/test/id10280/9AtE4C309P8/00013.wav,10,"[(0,3200,'p'),(3200,6400,'p'),(6400,9600,'p'),(9600,12800,'p'),(12800,16000,'p'),(16000,19200,'p'),(19200,22400,'p'),(22400,25600,'p'),(25600,28800,'p'),(28800,32000,'p'),(32000,35200,'p'),(35200,38400,'p'),(38400,41600,'p'),(41600,44800,'p'),(44800,48000,'p')]"
410,/Users/ssankey/PycharmProjects/AdvReverb/data/VoxCeleb1/test/id10280/9AtE4C309P8/00014.wav,10,"[(0,3200,'p'),(3200,6400,'p'),(6400,9600,'p'),(9600,12800,'p'),(12800,16000,'p'),(16000,19200,'p'),(19200,22400,'p'),(22400,25600,'p'),(25600,28800,'p'),(28800,32000,'p'),(32000,35200,'p'),(35200,38400,'p'),(38400,41600,'p'),(41600,44800,'p'),(44800,48000,'p')]"
411,/Users/ssankey/PycharmProjects/AdvReverb/data/VoxCeleb1/test/id10280/9AtE4C309P8/00015.wav,10,"[(0,3200,'p'),(3200,6400,'p'),(6400,9600,'p'),(9600,12800,'p'),(12800,16000,'p'),(16000,19200,'p'),(19200,22400,'p'),(22400,25600,'p'),(25600,28800,'p'),(28800,32000,'p'),(32000,35200,'p'),(35200,38400,'p'),(38400,41600,'p'),(41600,44800,'p'),(44800,48000,'p')]"
412,/Users/ssankey/PycharmProjects/AdvReverb/data/VoxCeleb1/test/id10280/9AtE4C309P8/00016.wav,10,"[(0,3200,'p'),(3200,6400,'p'),(6400,9600,'p'),(9600,12800,'p'),(12800,16000,'p'),(16000,19200,'p'),(19200,22400,'p'),(22400,25600,'p'),(25600,28800,'p'),(28800,32000,'p'),(32000,35200,'p'),(35200,38400,'p'),(38400,41600,'p'),(41600,44800,'p'),(44800,48000,'p')]"
413,/Users/ssankey/PycharmProjects/AdvReverb/data/VoxCeleb1/test/id10280/9AtE4C309P8/00017.wav,10,"[(0,3200,'p'),(3200,6400,'p'),(6400,9600,'p'),(9600,12800,'p'),(12800,16000,'p'),(16000,19200,'p'),(19200,22400,'p'),(22400,25600,'p'),(25600,28800,'p'),(28800,32000,'p'),(32000,35200,'p'),(35200,38400,'p'),(38400,41600,'p'),(41600,44800,'p'),(44800,48000,'p')]"
414,/Users/ssankey/PycharmProjects/AdvReverb/data/VoxCeleb1/test/id10280/9AtE4C309P8/00018.wav,10,"[(0,3200,'p'),(3200,6400,'p'),(6400,9600,'p'),(9600,12800,'p'),(12800,16000,'p'),(16000,19200,'p'),(19200,22400,'p'),(22400,25600,'p'),(25600,28800,'p'),(28800,32000,'p'),(32000,35200,'p'),(35200,38400,'p'),(38400,41600,'p'),(41600,44800,'p'),(44800,48000,'p')]"
415,/Users/ssankey/PycharmProjects/AdvReverb/data/VoxCeleb1/test/id10280/d7S0qeo6EP0/00001.wav,10,"[(0,3200,'p'),(3200,6400,'p'),(6400,9600,'p'),(9600,12800,'p'),(12800,16000,'p'),(16000,19200,'p'),(19200,22400,'p'),(22400,25600,'p'),(25600,28800,'p'),(28800,32000,'p'),(32000,35200,'p'),(35200,38400,'p'),(38400,41600,'p'),(41600,44800,'p'),(44800,48000,'p')]"
416,/Users/ssankey/PycharmProjects/AdvReverb/data/VoxCeleb1/test/id10280/d7S0qeo6EP0/00002.wav,10,"[(0,3200,'p'),(3200,6400,'p'),(6400,9600,'p'),(9600,12800,'p'),(12800,16000,'p'),(16000,19200,'p'),(19200,22400,'p'),(22400,25600,'p'),(25600,28800,'p'),(28800,32000,'p'),(32000,35200,'p'),(35200,38400,'p'),(38400,41600,'p'),(41600,44800,'p'),(44800,48000,'p')]"
417,/Users/ssankey/PycharmProjects/AdvReverb/data/VoxCeleb1/test/id10280/d7S0qeo6EP0/00003.wav,10,"[(0,3200,'p'),(3200,6400,'p'),(6400,9600,'p'),(9600,12800,'p'),(12800,16000,'p'),(16000,19200,'p'),(19200,22400,'p'),(22400,25600,'p'),(25600,28800,'p'),(28800,32000,'p'),(32000,35200,'p'),(35200,38400,'p'),(38400,41600,'p'),(41600,44800,'p'),(44800,48000,'p')]"
418,/Users/ssankey/PycharmProjects/AdvReverb/data/VoxCeleb1/test/id10280/d7S0qeo6EP0/00004.wav,10,"[(0,3200,'p'),(3200,6400,'p'),(6400,9600,'p'),(9600,12800,'p'),(12800,16000,'p'),(16000,19200,'p'),(19200,22400,'p'),(22400,25600,'p'),(25600,28800,'p'),(28800,32000,'p'),(32000,35200,'p'),(35200,38400,'p'),(38400,41600,'p'),(41600,44800,'p'),(44800,48000,'p')]"
419,/Users/ssankey/PycharmProjects/AdvReverb/data/VoxCeleb1/test/id10280/d7S0qeo6EP0/00005.wav,10,"[(0,3200,'p'),(3200,6400,'p'),(6400,9600,'p'),(9600,12800,'p'),(12800,16000,'p'),(16000,19200,'p'),(19200,22400,'p'),(22400,25600,'p'),(25600,28800,'p'),(28800,32000,'p'),(32000,35200,'p'),(35200,38400,'p'),(38400,41600,'p'),(41600,44800,'p'),(44800,48000,'p')]"
420,/Users/ssankey/PycharmProjects/AdvReverb/data/VoxCeleb1/test/id10280/d7S0qeo6EP0/00006.wav,10,"[(0,3200,'p'),(3200,6400,'p'),(6400,9600,'p'),(9600,12800,'p'),(12800,16000,'p'),(16000,19200,'p'),(19200,22400,'p'),(22400,25600,'p'),(25600,28800,'p'),(28800,32000,'p'),(32000,35200,'p'),(35200,38400,'p'),(38400,41600,'p'),(41600,44800,'p'),(44800,48000,'p')]"
421,/Users/ssankey/PycharmProjects/AdvReverb/data/VoxCeleb1/test/id10280/d7S0qeo6EP0/00007.wav,10,"[(0,3200,'p'),(3200,6400,'p'),(6400,9600,'p'),(9600,12800,'p'),(12800,16000,'p'),(16000,19200,'p'),(19200,22400,'p'),(22400,25600,'p'),(25600,28800,'p'),(28800,32000,'p'),(32000,35200,'p'),(35200,38400,'p'),(38400,41600,'p'),(41600,44800,'p'),(44800,48000,'p')]"
422,/Users/ssankey/PycharmProjects/AdvReverb/data/VoxCeleb1/test/id10280/d7S0qeo6EP0/00008.wav,10,"[(0,3200,'p'),(3200,6400,'p'),(6400,9600,'p'),(9600,12800,'p'),(12800,16000,'p'),(16000,19200,'p'),(19200,22400,'p'),(22400,25600,'p'),(25600,28800,'p'),(28800,32000,'p'),(32000,35200,'p'),(35200,38400,'p'),(38400,41600,'p'),(41600,44800,'p'),(44800,48000,'p')]"
423,/Users/ssankey/PycharmProjects/AdvReverb/data/VoxCeleb1/test/id10280/IhCiRuNjZfY/00001.wav,10,"[(0,3200,'p'),(3200,6400,'p'),(6400,9600,'p'),(9600,12800,'p'),(12800,16000,'p'),(16000,19200,'p'),(19200,22400,'p'),(22400,25600,'p'),(25600,28800,'p'),(28800,32000,'p'),(32000,35200,'p'),(35200,38400,'p'),(38400,41600,'p'),(41600,44800,'p'),(44800,48000,'p')]"
424,/Users/ssankey/PycharmProjects/AdvReverb/data/VoxCeleb1/test/id10280/IhCiRuNjZfY/00002.wav,10,"[(0,3200,'p'),(3200,6400,'p'),(6400,9600,'p'),(9600,12800,'p'),(12800,16000,'p'),(16000,19200,'p'),(19200,22400,'p'),(22400,25600,'p'),(25600,28800,'p'),(28800,32000,'p'),(32000,35200,'p'),(35200,38400,'p'),(38400,41600,'p'),(41600,44800,'p'),(44800,48000,'p')]"
425,/Users/ssankey/PycharmProjects/AdvReverb/data/VoxCeleb1/test/id10280/MEa183Zyf5g/00001.wav,10,"[(0,3200,'p'),(3200,6400,'p'),(6400,9600,'p'),(9600,12800,'p'),(12800,16000,'p'),(16000,19200,'p'),(19200,22400,'p'),(22400,25600,'p'),(25600,28800,'p'),(28800,32000,'p'),(32000,35200,'p'),(35200,38400,'p'),(38400,41600,'p'),(41600,44800,'p'),(44800,48000,'p')]"
426,/Users/ssankey/PycharmProjects/AdvReverb/data/VoxCeleb1/test/id10280/MEa183Zyf5g/00002.wav,10,"[(0,3200,'p'),(3200,6400,'p'),(6400,9600,'p'),(9600,12800,'p'),(12800,16000,'p'),(16000,19200,'p'),(19200,22400,'p'),(22400,25600,'p'),(25600,28800,'p'),(28800,32000,'p'),(32000,35200,'p'),(35200,38400,'p'),(38400,41600,'p'),(41600,44800,'p'),(44800,48000,'p')]"
427,/Users/ssankey/PycharmProjects/AdvReverb/data/VoxCeleb1/test/id10280/Np6typH1VKE/00001.wav,10,"[(0,3200,'p'),(3200,6400,'p'),(6400,9600,'p'),(9600,12800,'p'),(12800,16000,'p'),(16000,19200,'p'),(19200,22400,'p'),(22400,25600,'p'),(25600,28800,'p'),(28800,32000,'p'),(32000,35200,'p'),(35200,38400,'p'),(38400,41600,'p'),(41600,44800,'p'),(44800,48000,'p')]"
428,/Users/ssankey/PycharmProjects/AdvReverb/data/VoxCeleb1/test/id10280/Np6typH1VKE/00002.wav,10,"[(0,3200,'p'),(3200,6400,'p'),(6400,9600,'p'),(9600,12800,'p'),(12800,16000,'p'),(16000,19200,'p'),(19200,22400,'p'),(22400,25600,'p'),(25600,28800,'p'),(28800,32000,'p'),(32000,35200,'p'),(35200,38400,'p'),(38400,41600,'p'),(41600,44800,'p'),(44800,48000,'p')]"
429,/Users/ssankey/PycharmProjects/AdvReverb/data/VoxCeleb1/test/id10280/Np6typH1VKE/00003.wav,10,"[(0,3200,'p'),(3200,6400,'p'),(6400,9600,'p'),(9600,12800,'p'),(12800,16000,'p'),(16000,19200,'p'),(19200,22400,'p'),(22400,25600,'p'),(25600,28800,'p'),(28800,32000,'p'),(32000,35200,'p'),(35200,38400,'p'),(38400,41600,'p'),(41600,44800,'p'),(44800,48000,'p')]"
430,/Users/ssankey/PycharmProjects/AdvReverb/data/VoxCeleb1/test/id10280/NXjT3732Ekg/00001.wav,10,"[(0,3200,'p'),(3200,6400,'p'),(6400,9600,'p'),(9600,12800,'p'),(12800,16000,'p'),(16000,19200,'p'),(19200,22400,'p'),(22400,25600,'p'),(25600,28800,'p'),(28800,32000,'p'),(32000,35200,'p'),(35200,38400,'p'),(38400,41600,'p'),(41600,44800,'p'),(44800,48000,'p')]"
431,/Users/ssankey/PycharmProjects/AdvReverb/data/VoxCeleb1/test/id10280/NXjT3732Ekg/00002.wav,10,"[(0,3200,'p'),(3200,6400,'p'),(6400,9600,'p'),(9600,12800,'p'),(12800,16000,'p'),(16000,19200,'p'),(19200,22400,'p'),(22400,25600,'p'),(25600,28800,'p'),(28800,32000,'p'),(32000,35200,'p'),(35200,38400,'p'),(38400,41600,'p'),(41600,44800,'p'),(44800,48000,'p')]"
432,/Users/ssankey/PycharmProjects/AdvReverb/data/VoxCeleb1/test/id10280/NXjT3732Ekg/00003.wav,10,"[(0,3200,'p'),(3200,6400,'p'),(6400,9600,'p'),(9600,12800,'p'),(12800,16000,'p'),(16000,19200,'p'),(19200,22400,'p'),(22400,25600,'p'),(25600,28800,'p'),(28800,32000,'p'),(32000,35200,'p'),(35200,38400,'p'),(38400,41600,'p'),(41600,44800,'p'),(44800,48000,'p')]"
433,/Users/ssankey/PycharmProjects/AdvReverb/data/VoxCeleb1/test/id10280/PQBBKBYGWgU/00001.wav,10,"[(0,3200,'p'),(3200,6400,'p'),(6400,9600,'p'),(9600,12800,'p'),(12800,16000,'p'),(16000,19200,'p'),(19200,22400,'p'),(22400,25600,'p'),(25600,28800,'p'),(28800,32000,'p'),(32000,35200,'p'),(35200,38400,'p'),(38400,41600,'p'),(41600,44800,'p'),(44800,48000,'p')]"
434,/Users/ssankey/PycharmProjects/AdvReverb/data/VoxCeleb1/test/id10280/PQBBKBYGWgU/00002.wav,10,"[(0,3200,'p'),(3200,6400,'p'),(6400,9600,'p'),(9600,12800,'p'),(12800,16000,'p'),(16000,19200,'p'),(19200,22400,'p'),(22400,25600,'p'),(25600,28800,'p'),(28800,32000,'p'),(32000,35200,'p'),(35200,38400,'p'),(38400,41600,'p'),(41600,44800,'p'),(44800,48000,'p')]"
435,/Users/ssankey/PycharmProjects/AdvReverb/data/VoxCeleb1/test/id10280/PQBBKBYGWgU/00003.wav,10,"[(0,3200,'p'),(3200,6400,'p'),(6400,9600,'p'),(9600,12800,'p'),(12800,16000,'p'),(16000,19200,'p'),(19200,22400,'p'),(22400,25600,'p'),(25600,28800,'p'),(28800,32000,'p'),(32000,35200,'p'),(35200,38400,'p'),(38400,41600,'p'),(41600,44800,'p'),(44800,48000,'p')]"
436,/Users/ssankey/PycharmProjects/AdvReverb/data/VoxCeleb1/test/id10280/PQBBKBYGWgU/00004.wav,10,"[(0,3200,'p'),(3200,6400,'p'),(6400,9600,'p'),(9600,12800,'p'),(12800,16000,'p'),(16000,19200,'p'),(19200,22400,'p'),(22400,25600,'p'),(25600,28800,'p'),(28800,32000,'p'),(32000,35200,'p'),(35200,38400,'p'),(38400,41600,'p'),(41600,44800,'p'),(44800,48000,'p')]"
437,/Users/ssankey/PycharmProjects/AdvReverb/data/VoxCeleb1/test/id10280/PQBBKBYGWgU/00005.wav,10,"[(0,3200,'p'),(3200,6400,'p'),(6400,9600,'p'),(9600,12800,'p'),(12800,16000,'p'),(16000,19200,'p'),(19200,22400,'p'),(22400,25600,'p'),(25600,28800,'p'),(28800,32000,'p'),(32000,35200,'p'),(35200,38400,'p'),(38400,41600,'p'),(41600,44800,'p'),(44800,48000,'p')]"
438,/Users/ssankey/PycharmProjects/AdvReverb/data/VoxCeleb1/test/id10280/PQBBKBYGWgU/00006.wav,10,"[(0,3200,'p'),(3200,6400,'p'),(6400,9600,'p'),(9600,12800,'p'),(12800,16000,'p'),(16000,19200,'p'),(19200,22400,'p'),(22400,25600,'p'),(25600,28800,'p'),(28800,32000,'p'),(32000,35200,'p'),(35200,38400,'p'),(38400,41600,'p'),(41600,44800,'p'),(44800,48000,'p')]"
439,/Users/ssankey/PycharmProjects/AdvReverb/data/VoxCeleb1/test/id10280/PQBBKBYGWgU/00007.wav,10,"[(0,3200,'p'),(3200,6400,'p'),(6400,9600,'p'),(9600,12800,'p'),(12800,16000,'p'),(16000,19200,'p'),(19200,22400,'p'),(22400,25600,'p'),(25600,28800,'p'),(28800,32000,'p'),(32000,35200,'p'),(35200,38400,'p'),(38400,41600,'p'),(41600,44800,'p'),(44800,48000,'p')]"
440,/Users/ssankey/PycharmProjects/AdvReverb/data/VoxCeleb1/test/id10281/1CiBWgsHT4E/00004.wav,11,"[(0,3200,'p'),(3200,6400,'p'),(6400,9600,'p'),(9600,12800,'p'),(12800,16000,'p'),(16000,19200,'p'),(19200,22400,'p'),(22400,25600,'p'),(25600,28800,'p'),(28800,32000,'p'),(32000,35200,'p'),(35200,38400,'p'),(38400,41600,'p'),(41600,44800,'p'),(44800,48000,'p')]"
441,/Users/ssankey/PycharmProjects/AdvReverb/data/VoxCeleb1/test/id10281/1CiBWgsHT4E/00005.wav,11,"[(0,3200,'p'),(3200,6400,'p'),(6400,9600,'p'),(9600,12800,'p'),(12800,16000,'p'),(16000,19200,'p'),(19200,22400,'p'),(22400,25600,'p'),(25600,28800,'p'),(28800,32000,'p'),(32000,35200,'p'),(35200,38400,'p'),(38400,41600,'p'),(41600,44800,'p'),(44800,48000,'p')]"
442,/Users/ssankey/PycharmProjects/AdvReverb/data/VoxCeleb1/test/id10281/1CiBWgsHT4E/00006.wav,11,"[(0,3200,'p'),(3200,6400,'p'),(6400,9600,'p'),(9600,12800,'p'),(12800,16000,'p'),(16000,19200,'p'),(19200,22400,'p'),(22400,25600,'p'),(25600,28800,'p'),(28800,32000,'p'),(32000,35200,'p'),(35200,38400,'p'),(38400,41600,'p'),(41600,44800,'p'),(44800,48000,'p')]"
443,/Users/ssankey/PycharmProjects/AdvReverb/data/VoxCeleb1/test/id10281/1CiBWgsHT4E/00007.wav,11,"[(0,3200,'p'),(3200,6400,'p'),(6400,9600,'p'),(9600,12800,'p'),(12800,16000,'p'),(16000,19200,'p'),(19200,22400,'p'),(22400,25600,'p'),(25600,28800,'p'),(28800,32000,'p'),(32000,35200,'p'),(35200,38400,'p'),(38400,41600,'p'),(41600,44800,'p'),(44800,48000,'p')]"
444,/Users/ssankey/PycharmProjects/AdvReverb/data/VoxCeleb1/test/id10281/1CiBWgsHT4E/00008.wav,11,"[(0,3200,'p'),(3200,6400,'p'),(6400,9600,'p'),(9600,12800,'p'),(12800,16000,'p'),(16000,19200,'p'),(19200,22400,'p'),(22400,25600,'p'),(25600,28800,'p'),(28800,32000,'p'),(32000,35200,'p'),(35200,38400,'p'),(38400,41600,'p'),(41600,44800,'p'),(44800,48000,'p')]"
445,/Users/ssankey/PycharmProjects/AdvReverb/data/VoxCeleb1/test/id10281/1CiBWgsHT4E/00009.wav,11,"[(0,3200,'p'),(3200,6400,'p'),(6400,9600,'p'),(9600,12800,'p'),(12800,16000,'p'),(16000,19200,'p'),(19200,22400,'p'),(22400,25600,'p'),(25600,28800,'p'),(28800,32000,'p'),(32000,35200,'p'),(35200,38400,'p'),(38400,41600,'p'),(41600,44800,'p'),(44800,48000,'p')]"
446,/Users/ssankey/PycharmProjects/AdvReverb/data/VoxCeleb1/test/id10281/1CiBWgsHT4E/00010.wav,11,"[(0,3200,'p'),(3200,6400,'p'),(6400,9600,'p'),(9600,12800,'p'),(12800,16000,'p'),(16000,19200,'p'),(19200,22400,'p'),(22400,25600,'p'),(25600,28800,'p'),(28800,32000,'p'),(32000,35200,'p'),(35200,38400,'p'),(38400,41600,'p'),(41600,44800,'p'),(44800,48000,'p')]"
447,/Users/ssankey/PycharmProjects/AdvReverb/data/VoxCeleb1/test/id10281/dX8RBKI2FKc/00001.wav,11,"[(0,3200,'p'),(3200,6400,'p'),(6400,9600,'p'),(9600,12800,'p'),(12800,16000,'p'),(16000,19200,'p'),(19200,22400,'p'),(22400,25600,'p'),(25600,28800,'p'),(28800,32000,'p'),(32000,35200,'p'),(35200,38400,'p'),(38400,41600,'p'),(41600,44800,'p'),(44800,48000,'p')]"
448,/Users/ssankey/PycharmProjects/AdvReverb/data/VoxCeleb1/test/id10281/dX8RBKI2FKc/00002.wav,11,"[(0,3200,'p'),(3200,6400,'p'),(6400,9600,'p'),(9600,12800,'p'),(12800,16000,'p'),(16000,19200,'p'),(19200,22400,'p'),(22400,25600,'p'),(25600,28800,'p'),(28800,32000,'p'),(32000,35200,'p'),(35200,38400,'p'),(38400,41600,'p'),(41600,44800,'p'),(44800,48000,'p')]"
449,/Users/ssankey/PycharmProjects/AdvReverb/data/VoxCeleb1/test/id10281/dX8RBKI2FKc/00003.wav,11,"[(0,3200,'p'),(3200,6400,'p'),(6400,9600,'p'),(9600,12800,'p'),(12800,16000,'p'),(16000,19200,'p'),(19200,22400,'p'),(22400,25600,'p'),(25600,28800,'p'),(28800,32000,'p'),(32000,35200,'p'),(35200,38400,'p'),(38400,41600,'p'),(41600,44800,'p'),(44800,48000,'p')]"
450,/Users/ssankey/PycharmProjects/AdvReverb/data/VoxCeleb1/test/id10281/eso-dEmfC_c/00001.wav,11,"[(0,3200,'p'),(3200,6400,'p'),(6400,9600,'p'),(9600,12800,'p'),(12800,16000,'p'),(16000,19200,'p'),(19200,22400,'p'),(22400,25600,'p'),(25600,28800,'p'),(28800,32000,'p'),(32000,35200,'p'),(35200,38400,'p'),(38400,41600,'p'),(41600,44800,'p'),(44800,48000,'p')]"
451,/Users/ssankey/PycharmProjects/AdvReverb/data/VoxCeleb1/test/id10281/eso-dEmfC_c/00002.wav,11,"[(0,3200,'p'),(3200,6400,'p'),(6400,9600,'p'),(9600,12800,'p'),(12800,16000,'p'),(16000,19200,'p'),(19200,22400,'p'),(22400,25600,'p'),(25600,28800,'p'),(28800,32000,'p'),(32000,35200,'p'),(35200,38400,'p'),(38400,41600,'p'),(41600,44800,'p'),(44800,48000,'p')]"
452,/Users/ssankey/PycharmProjects/AdvReverb/data/VoxCeleb1/test/id10281/eso-dEmfC_c/00003.wav,11,"[(0,3200,'p'),(3200,6400,'p'),(6400,9600,'p'),(9600,12800,'p'),(12800,16000,'p'),(16000,19200,'p'),(19200,22400,'p'),(22400,25600,'p'),(25600,28800,'p'),(28800,32000,'p'),(32000,35200,'p'),(35200,38400,'p'),(38400,41600,'p'),(41600,44800,'p'),(44800,48000,'p')]"
453,/Users/ssankey/PycharmProjects/AdvReverb/data/VoxCeleb1/test/id10281/eso-dEmfC_c/00005.wav,11,"[(0,3200,'p'),(3200,6400,'p'),(6400,9600,'p'),(9600,12800,'p'),(12800,16000,'p'),(16000,19200,'p'),(19200,22400,'p'),(22400,25600,'p'),(25600,28800,'p'),(28800,32000,'p'),(32000,35200,'p'),(35200,38400,'p'),(38400,41600,'p'),(41600,44800,'p'),(44800,48000,'p')]"
454,/Users/ssankey/PycharmProjects/AdvReverb/data/VoxCeleb1/test/id10281/eso-dEmfC_c/00006.wav,11,"[(0,3200,'p'),(3200,6400,'p'),(6400,9600,'p'),(9600,12800,'p'),(12800,16000,'p'),(16000,19200,'p'),(19200,22400,'p'),(22400,25600,'p'),(25600,28800,'p'),(28800,32000,'p'),(32000,35200,'p'),(35200,38400,'p'),(38400,41600,'p'),(41600,44800,'p'),(44800,48000,'p')]"
455,/Users/ssankey/PycharmProjects/AdvReverb/data/VoxCeleb1/test/id10281/eso-dEmfC_c/00004.wav,11,"[(0,3200,'p'),(3200,6400,'p'),(6400,9600,'p'),(9600,12800,'p'),(12800,16000,'p'),(16000,19200,'p'),(19200,22400,'p'),(22400,25600,'p'),(25600,28800,'p'),(28800,32000,'p'),(32000,35200,'p'),(35200,38400,'p'),(38400,41600,'p'),(41600,44800,'p'),(44800,48000,'p')]"
456,/Users/ssankey/PycharmProjects/AdvReverb/data/VoxCeleb1/test/id10281/FL2UicCNcwI/00001.wav,11,"[(0,3200,'p'),(3200,6400,'p'),(6400,9600,'p'),(9600,12800,'p'),(12800,16000,'p'),(16000,19200,'p'),(19200,22400,'p'),(22400,25600,'p'),(25600,28800,'p'),(28800,32000,'p'),(32000,35200,'p'),(35200,38400,'p'),(38400,41600,'p'),(41600,44800,'p'),(44800,48000,'p')]"
457,/Users/ssankey/PycharmProjects/AdvReverb/data/VoxCeleb1/test/id10281/FL2UicCNcwI/00002.wav,11,"[(0,3200,'p'),(3200,6400,'p'),(6400,9600,'p'),(9600,12800,'p'),(12800,16000,'p'),(16000,19200,'p'),(19200,22400,'p'),(22400,25600,'p'),(25600,28800,'p'),(28800,32000,'p'),(32000,35200,'p'),(35200,38400,'p'),(38400,41600,'p'),(41600,44800,'p'),(44800,48000,'p')]"
458,/Users/ssankey/PycharmProjects/AdvReverb/data/VoxCeleb1/test/id10281/FL2UicCNcwI/00003.wav,11,"[(0,3200,'p'),(3200,6400,'p'),(6400,9600,'p'),(9600,12800,'p'),(12800,16000,'p'),(16000,19200,'p'),(19200,22400,'p'),(22400,25600,'p'),(25600,28800,'p'),(28800,32000,'p'),(32000,35200,'p'),(35200,38400,'p'),(38400,41600,'p'),(41600,44800,'p'),(44800,48000,'p')]"
459,/Users/ssankey/PycharmProjects/AdvReverb/data/VoxCeleb1/test/id10281/NHARUN9OhSo/00001.wav,11,"[(0,3200,'p'),(3200,6400,'p'),(6400,9600,'p'),(9600,12800,'p'),(12800,16000,'p'),(16000,19200,'p'),(19200,22400,'p'),(22400,25600,'p'),(25600,28800,'p'),(28800,32000,'p'),(32000,35200,'p'),(35200,38400,'p'),(38400,41600,'p'),(41600,44800,'p'),(44800,48000,'p')]"
460,/Users/ssankey/PycharmProjects/AdvReverb/data/VoxCeleb1/test/id10281/NHARUN9OhSo/00002.wav,11,"[(0,3200,'p'),(3200,6400,'p'),(6400,9600,'p'),(9600,12800,'p'),(12800,16000,'p'),(16000,19200,'p'),(19200,22400,'p'),(22400,25600,'p'),(25600,28800,'p'),(28800,32000,'p'),(32000,35200,'p'),(35200,38400,'p'),(38400,41600,'p'),(41600,44800,'p'),(44800,48000,'p')]"
461,/Users/ssankey/PycharmProjects/AdvReverb/data/VoxCeleb1/test/id10281/NHARUN9OhSo/00003.wav,11,"[(0,3200,'p'),(3200,6400,'p'),(6400,9600,'p'),(9600,12800,'p'),(12800,16000,'p'),(16000,19200,'p'),(19200,22400,'p'),(22400,25600,'p'),(25600,28800,'p'),(28800,32000,'p'),(32000,35200,'p'),(35200,38400,'p'),(38400,41600,'p'),(41600,44800,'p'),(44800,48000,'p')]"
462,/Users/ssankey/PycharmProjects/AdvReverb/data/VoxCeleb1/test/id10281/NHARUN9OhSo/00004.wav,11,"[(0,3200,'p'),(3200,6400,'p'),(6400,9600,'p'),(9600,12800,'p'),(12800,16000,'p'),(16000,19200,'p'),(19200,22400,'p'),(22400,25600,'p'),(25600,28800,'p'),(28800,32000,'p'),(32000,35200,'p'),(35200,38400,'p'),(38400,41600,'p'),(41600,44800,'p'),(44800,48000,'p')]"
463,/Users/ssankey/PycharmProjects/AdvReverb/data/VoxCeleb1/test/id10281/NHARUN9OhSo/00005.wav,11,"[(0,3200,'p'),(3200,6400,'p'),(6400,9600,'p'),(9600,12800,'p'),(12800,16000,'p'),(16000,19200,'p'),(19200,22400,'p'),(22400,25600,'p'),(25600,28800,'p'),(28800,32000,'p'),(32000,35200,'p'),(35200,38400,'p'),(38400,41600,'p'),(41600,44800,'p'),(44800,48000,'p')]"
464,/Users/ssankey/PycharmProjects/AdvReverb/data/VoxCeleb1/test/id10281/NHARUN9OhSo/00006.wav,11,"[(0,3200,'p'),(3200,6400,'p'),(6400,9600,'p'),(9600,12800,'p'),(12800,16000,'p'),(16000,19200,'p'),(19200,22400,'p'),(22400,25600,'p'),(25600,28800,'p'),(28800,32000,'p'),(32000,35200,'p'),(35200,38400,'p'),(38400,41600,'p'),(41600,44800,'p'),(44800,48000,'p')]"
465,/Users/ssankey/PycharmProjects/AdvReverb/data/VoxCeleb1/test/id10281/NHARUN9OhSo/00007.wav,11,"[(0,3200,'p'),(3200,6400,'p'),(6400,9600,'p'),(9600,12800,'p'),(12800,16000,'p'),(16000,19200,'p'),(19200,22400,'p'),(22400,25600,'p'),(25600,28800,'p'),(28800,32000,'p'),(32000,35200,'p'),(35200,38400,'p'),(38400,41600,'p'),(41600,44800,'p'),(44800,48000,'p')]"
466,/Users/ssankey/PycharmProjects/AdvReverb/data/VoxCeleb1/test/id10281/ni6gO5jDLJE/00001.wav,11,"[(0,3200,'p'),(3200,6400,'p'),(6400,9600,'p'),(9600,12800,'p'),(12800,16000,'p'),(16000,19200,'p'),(19200,22400,'p'),(22400,25600,'p'),(25600,28800,'p'),(28800,32000,'p'),(32000,35200,'p'),(35200,38400,'p'),(38400,41600,'p'),(41600,44800,'p'),(44800,48000,'p')]"
467,/Users/ssankey/PycharmProjects/AdvReverb/data/VoxCeleb1/test/id10281/ni6gO5jDLJE/00002.wav,11,"[(0,3200,'p'),(3200,6400,'p'),(6400,9600,'p'),(9600,12800,'p'),(12800,16000,'p'),(16000,19200,'p'),(19200,22400,'p'),(22400,25600,'p'),(25600,28800,'p'),(28800,32000,'p'),(32000,35200,'p'),(35200,38400,'p'),(38400,41600,'p'),(41600,44800,'p'),(44800,48000,'p')]"
468,/Users/ssankey/PycharmProjects/AdvReverb/data/VoxCeleb1/test/id10281/ni6gO5jDLJE/00003.wav,11,"[(0,3200,'p'),(3200,6400,'p'),(6400,9600,'p'),(9600,12800,'p'),(12800,16000,'p'),(16000,19200,'p'),(19200,22400,'p'),(22400,25600,'p'),(25600,28800,'p'),(28800,32000,'p'),(32000,35200,'p'),(35200,38400,'p'),(38400,41600,'p'),(41600,44800,'p'),(44800,48000,'p')]"
469,/Users/ssankey/PycharmProjects/AdvReverb/data/VoxCeleb1/test/id10281/ni6gO5jDLJE/00004.wav,11,"[(0,3200,'p'),(3200,6400,'p'),(6400,9600,'p'),(9600,12800,'p'),(12800,16000,'p'),(16000,19200,'p'),(19200,22400,'p'),(22400,25600,'p'),(25600,28800,'p'),(28800,32000,'p'),(32000,35200,'p'),(35200,38400,'p'),(38400,41600,'p'),(41600,44800,'p'),(44800,48000,'p')]"
470,/Users/ssankey/PycharmProjects/AdvReverb/data/VoxCeleb1/test/id10281/ni6gO5jDLJE/00005.wav,11,"[(0,3200,'p'),(3200,6400,'p'),(6400,9600,'p'),(9600,12800,'p'),(12800,16000,'p'),(16000,19200,'p'),(19200,22400,'p'),(22400,25600,'p'),(25600,28800,'p'),(28800,32000,'p'),(32000,35200,'p'),(35200,38400,'p'),(38400,41600,'p'),(41600,44800,'p'),(44800,48000,'p')]"
471,/Users/ssankey/PycharmProjects/AdvReverb/data/VoxCeleb1/test/id10281/ni6gO5jDLJE/00006.wav,11,"[(0,3200,'p'),(3200,6400,'p'),(6400,9600,'p'),(9600,12800,'p'),(12800,16000,'p'),(16000,19200,'p'),(19200,22400,'p'),(22400,25600,'p'),(25600,28800,'p'),(28800,32000,'p'),(32000,35200,'p'),(35200,38400,'p'),(38400,41600,'p'),(41600,44800,'p'),(44800,48000,'p')]"
472,/Users/ssankey/PycharmProjects/AdvReverb/data/VoxCeleb1/test/id10281/ni6gO5jDLJE/00007.wav,11,"[(0,3200,'p'),(3200,6400,'p'),(6400,9600,'p'),(9600,12800,'p'),(12800,16000,'p'),(16000,19200,'p'),(19200,22400,'p'),(22400,25600,'p'),(25600,28800,'p'),(28800,32000,'p'),(32000,35200,'p'),(35200,38400,'p'),(38400,41600,'p'),(41600,44800,'p'),(44800,48000,'p')]"
473,/Users/ssankey/PycharmProjects/AdvReverb/data/VoxCeleb1/test/id10281/ni6gO5jDLJE/00008.wav,11,"[(0,3200,'p'),(3200,6400,'p'),(6400,9600,'p'),(9600,12800,'p'),(12800,16000,'p'),(16000,19200,'p'),(19200,22400,'p'),(22400,25600,'p'),(25600,28800,'p'),(28800,32000,'p'),(32000,35200,'p'),(35200,38400,'p'),(38400,41600,'p'),(41600,44800,'p'),(44800,48000,'p')]"
474,/Users/ssankey/PycharmProjects/AdvReverb/data/VoxCeleb1/test/id10281/ni6gO5jDLJE/00009.wav,11,"[(0,3200,'p'),(3200,6400,'p'),(6400,9600,'p'),(9600,12800,'p'),(12800,16000,'p'),(16000,19200,'p'),(19200,22400,'p'),(22400,25600,'p'),(25600,28800,'p'),(28800,32000,'p'),(32000,35200,'p'),(35200,38400,'p'),(38400,41600,'p'),(41600,44800,'p'),(44800,48000,'p')]"
475,/Users/ssankey/PycharmProjects/AdvReverb/data/VoxCeleb1/test/id10281/ni6gO5jDLJE/00010.wav,11,"[(0,3200,'p'),(3200,6400,'p'),(6400,9600,'p'),(9600,12800,'p'),(12800,16000,'p'),(16000,19200,'p'),(19200,22400,'p'),(22400,25600,'p'),(25600,28800,'p'),(28800,32000,'p'),(32000,35200,'p'),(35200,38400,'p'),(38400,41600,'p'),(41600,44800,'p'),(44800,48000,'p')]"
476,/Users/ssankey/PycharmProjects/AdvReverb/data/VoxCeleb1/test/id10281/ni6gO5jDLJE/00011.wav,11,"[(0,3200,'p'),(3200,6400,'p'),(6400,9600,'p'),(9600,12800,'p'),(12800,16000,'p'),(16000,19200,'p'),(19200,22400,'p'),(22400,25600,'p'),(25600,28800,'p'),(28800,32000,'p'),(32000,35200,'p'),(35200,38400,'p'),(38400,41600,'p'),(41600,44800,'p'),(44800,48000,'p')]"
477,/Users/ssankey/PycharmProjects/AdvReverb/data/VoxCeleb1/test/id10281/ni6gO5jDLJE/00012.wav,11,"[(0,3200,'p'),(3200,6400,'p'),(6400,9600,'p'),(9600,12800,'p'),(12800,16000,'p'),(16000,19200,'p'),(19200,22400,'p'),(22400,25600,'p'),(25600,28800,'p'),(28800,32000,'p'),(32000,35200,'p'),(35200,38400,'p'),(38400,41600,'p'),(41600,44800,'p'),(44800,48000,'p')]"
478,/Users/ssankey/PycharmProjects/AdvReverb/data/VoxCeleb1/test/id10281/ni6gO5jDLJE/00013.wav,11,"[(0,3200,'p'),(3200,6400,'p'),(6400,9600,'p'),(9600,12800,'p'),(12800,16000,'p'),(16000,19200,'p'),(19200,22400,'p'),(22400,25600,'p'),(25600,28800,'p'),(28800,32000,'p'),(32000,35200,'p'),(35200,38400,'p'),(38400,41600,'p'),(41600,44800,'p'),(44800,48000,'p')]"
479,/Users/ssankey/PycharmProjects/AdvReverb/data/VoxCeleb1/test/id10281/o-L8P0xj3qk/00001.wav,11,"[(0,3200,'p'),(3200,6400,'p'),(6400,9600,'p'),(9600,12800,'p'),(12800,16000,'p'),(16000,19200,'p'),(19200,22400,'p'),(22400,25600,'p'),(25600,28800,'p'),(28800,32000,'p'),(32000,35200,'p'),(35200,38400,'p'),(38400,41600,'p'),(41600,44800,'p'),(44800,48000,'p')]"
480,/Users/ssankey/PycharmProjects/AdvReverb/data/VoxCeleb1/test/id10282/CiUT-YF34O4/00002.wav,12,"[(0,3200,'p'),(3200,6400,'p'),(6400,9600,'p'),(9600,12800,'p'),(12800,16000,'p'),(16000,19200,'p'),(19200,22400,'p'),(22400,25600,'p'),(25600,28800,'p'),(28800,32000,'p'),(32000,35200,'p'),(35200,38400,'p'),(38400,41600,'p'),(41600,44800,'p'),(44800,48000,'p')]"
481,/Users/ssankey/PycharmProjects/AdvReverb/data/VoxCeleb1/test/id10282/ek_uqADnhPQ/00001.wav,12,"[(0,3200,'p'),(3200,6400,'p'),(6400,9600,'p'),(9600,12800,'p'),(12800,16000,'p'),(16000,19200,'p'),(19200,22400,'p'),(22400,25600,'p'),(25600,28800,'p'),(28800,32000,'p'),(32000,35200,'p'),(35200,38400,'p'),(38400,41600,'p'),(41600,44800,'p'),(44800,48000,'p')]"
482,/Users/ssankey/PycharmProjects/AdvReverb/data/VoxCeleb1/test/id10282/ek_uqADnhPQ/00003.wav,12,"[(0,3200,'p'),(3200,6400,'p'),(6400,9600,'p'),(9600,12800,'p'),(12800,16000,'p'),(16000,19200,'p'),(19200,22400,'p'),(22400,25600,'p'),(25600,28800,'p'),(28800,32000,'p'),(32000,35200,'p'),(35200,38400,'p'),(38400,41600,'p'),(41600,44800,'p'),(44800,48000,'p')]"
483,/Users/ssankey/PycharmProjects/AdvReverb/data/VoxCeleb1/test/id10282/ek_uqADnhPQ/00002.wav,12,"[(0,3200,'p'),(3200,6400,'p'),(6400,9600,'p'),(9600,12800,'p'),(12800,16000,'p'),(16000,19200,'p'),(19200,22400,'p'),(22400,25600,'p'),(25600,28800,'p'),(28800,32000,'p'),(32000,35200,'p'),(35200,38400,'p'),(38400,41600,'p'),(41600,44800,'p'),(44800,48000,'p')]"
484,/Users/ssankey/PycharmProjects/AdvReverb/data/VoxCeleb1/test/id10282/ek_uqADnhPQ/00004.wav,12,"[(0,3200,'p'),(3200,6400,'p'),(6400,9600,'p'),(9600,12800,'p'),(12800,16000,'p'),(16000,19200,'p'),(19200,22400,'p'),(22400,25600,'p'),(25600,28800,'p'),(28800,32000,'p'),(32000,35200,'p'),(35200,38400,'p'),(38400,41600,'p'),(41600,44800,'p'),(44800,48000,'p')]"
485,/Users/ssankey/PycharmProjects/AdvReverb/data/VoxCeleb1/test/id10282/ek_uqADnhPQ/00005.wav,12,"[(0,3200,'p'),(3200,6400,'p'),(6400,9600,'p'),(9600,12800,'p'),(12800,16000,'p'),(16000,19200,'p'),(19200,22400,'p'),(22400,25600,'p'),(25600,28800,'p'),(28800,32000,'p'),(32000,35200,'p'),(35200,38400,'p'),(38400,41600,'p'),(41600,44800,'p'),(44800,48000,'p')]"
486,/Users/ssankey/PycharmProjects/AdvReverb/data/VoxCeleb1/test/id10282/ek_uqADnhPQ/00006.wav,12,"[(0,3200,'p'),(3200,6400,'p'),(6400,9600,'p'),(9600,12800,'p'),(12800,16000,'p'),(16000,19200,'p'),(19200,22400,'p'),(22400,25600,'p'),(25600,28800,'p'),(28800,32000,'p'),(32000,35200,'p'),(35200,38400,'p'),(38400,41600,'p'),(41600,44800,'p'),(44800,48000,'p')]"
487,/Users/ssankey/PycharmProjects/AdvReverb/data/VoxCeleb1/test/id10282/ek_uqADnhPQ/00007.wav,12,"[(0,3200,'p'),(3200,6400,'p'),(6400,9600,'p'),(9600,12800,'p'),(12800,16000,'p'),(16000,19200,'p'),(19200,22400,'p'),(22400,25600,'p'),(25600,28800,'p'),(28800,32000,'p'),(32000,35200,'p'),(35200,38400,'p'),(38400,41600,'p'),(41600,44800,'p'),(44800,48000,'p')]"
488,/Users/ssankey/PycharmProjects/AdvReverb/data/VoxCeleb1/test/id10282/ek_uqADnhPQ/00008.wav,12,"[(0,3200,'p'),(3200,6400,'p'),(6400,9600,'p'),(9600,12800,'p'),(12800,16000,'p'),(16000,19200,'p'),(19200,22400,'p'),(22400,25600,'p'),(25600,28800,'p'),(28800,32000,'p'),(32000,35200,'p'),(35200,38400,'p'),(38400,41600,'p'),(41600,44800,'p'),(44800,48000,'p')]"
489,/Users/ssankey/PycharmProjects/AdvReverb/data/VoxCeleb1/test/id10282/ek_uqADnhPQ/00009.wav,12,"[(0,3200,'p'),(3200,6400,'p'),(6400,9600,'p'),(9600,12800,'p'),(12800,16000,'p'),(16000,19200,'p'),(19200,22400,'p'),(22400,25600,'p'),(25600,28800,'p'),(28800,32000,'p'),(32000,35200,'p'),(35200,38400,'p'),(38400,41600,'p'),(41600,44800,'p'),(44800,48000,'p')]"
490,/Users/ssankey/PycharmProjects/AdvReverb/data/VoxCeleb1/test/id10282/hgB5ziAudzU/00001.wav,12,"[(0,3200,'p'),(3200,6400,'p'),(6400,9600,'p'),(9600,12800,'p'),(12800,16000,'p'),(16000,19200,'p'),(19200,22400,'p'),(22400,25600,'p'),(25600,28800,'p'),(28800,32000,'p'),(32000,35200,'p'),(35200,38400,'p'),(38400,41600,'p'),(41600,44800,'p'),(44800,48000,'p')]"
491,/Users/ssankey/PycharmProjects/AdvReverb/data/VoxCeleb1/test/id10282/hgB5ziAudzU/00002.wav,12,"[(0,3200,'p'),(3200,6400,'p'),(6400,9600,'p'),(9600,12800,'p'),(12800,16000,'p'),(16000,19200,'p'),(19200,22400,'p'),(22400,25600,'p'),(25600,28800,'p'),(28800,32000,'p'),(32000,35200,'p'),(35200,38400,'p'),(38400,41600,'p'),(41600,44800,'p'),(44800,48000,'p')]"
492,/Users/ssankey/PycharmProjects/AdvReverb/data/VoxCeleb1/test/id10282/IDA_ElNHLn4/00001.wav,12,"[(0,3200,'p'),(3200,6400,'p'),(6400,9600,'p'),(9600,12800,'p'),(12800,16000,'p'),(16000,19200,'p'),(19200,22400,'p'),(22400,25600,'p'),(25600,28800,'p'),(28800,32000,'p'),(32000,35200,'p'),(35200,38400,'p'),(38400,41600,'p'),(41600,44800,'p'),(44800,48000,'p')]"
493,/Users/ssankey/PycharmProjects/AdvReverb/data/VoxCeleb1/test/id10282/IDA_ElNHLn4/00002.wav,12,"[(0,3200,'p'),(3200,6400,'p'),(6400,9600,'p'),(9600,12800,'p'),(12800,16000,'p'),(16000,19200,'p'),(19200,22400,'p'),(22400,25600,'p'),(25600,28800,'p'),(28800,32000,'p'),(32000,35200,'p'),(35200,38400,'p'),(38400,41600,'p'),(41600,44800,'p'),(44800,48000,'p')]"
494,/Users/ssankey/PycharmProjects/AdvReverb/data/VoxCeleb1/test/id10282/IDA_ElNHLn4/00003.wav,12,"[(0,3200,'p'),(3200,6400,'p'),(6400,9600,'p'),(9600,12800,'p'),(12800,16000,'p'),(16000,19200,'p'),(19200,22400,'p'),(22400,25600,'p'),(25600,28800,'p'),(28800,32000,'p'),(32000,35200,'p'),(35200,38400,'p'),(38400,41600,'p'),(41600,44800,'p'),(44800,48000,'p')]"
495,/Users/ssankey/PycharmProjects/AdvReverb/data/VoxCeleb1/test/id10282/IDA_ElNHLn4/00004.wav,12,"[(0,3200,'p'),(3200,6400,'p'),(6400,9600,'p'),(9600,12800,'p'),(12800,16000,'p'),(16000,19200,'p'),(19200,22400,'p'),(22400,25600,'p'),(25600,28800,'p'),(28800,32000,'p'),(32000,35200,'p'),(35200,38400,'p'),(38400,41600,'p'),(41600,44800,'p'),(44800,48000,'p')]"
496,/Users/ssankey/PycharmProjects/AdvReverb/data/VoxCeleb1/test/id10282/IDA_ElNHLn4/00005.wav,12,"[(0,3200,'p'),(3200,6400,'p'),(6400,9600,'p'),(9600,12800,'p'),(12800,16000,'p'),(16000,19200,'p'),(19200,22400,'p'),(22400,25600,'p'),(25600,28800,'p'),(28800,32000,'p'),(32000,35200,'p'),(35200,38400,'p'),(38400,41600,'p'),(41600,44800,'p'),(44800,48000,'p')]"
497,/Users/ssankey/PycharmProjects/AdvReverb/data/VoxCeleb1/test/id10282/neQO6_CUY4w/00001.wav,12,"[(0,3200,'p'),(3200,6400,'p'),(6400,9600,'p'),(9600,12800,'p'),(12800,16000,'p'),(16000,19200,'p'),(19200,22400,'p'),(22400,25600,'p'),(25600,28800,'p'),(28800,32000,'p'),(32000,35200,'p'),(35200,38400,'p'),(38400,41600,'p'),(41600,44800,'p'),(44800,48000,'p')]"
498,/Users/ssankey/PycharmProjects/AdvReverb/data/VoxCeleb1/test/id10282/neQO6_CUY4w/00002.wav,12,"[(0,3200,'p'),(3200,6400,'p'),(6400,9600,'p'),(9600,12800,'p'),(12800,16000,'p'),(16000,19200,'p'),(19200,22400,'p'),(22400,25600,'p'),(25600,28800,'p'),(28800,32000,'p'),(32000,35200,'p'),(35200,38400,'p'),(38400,41600,'p'),(41600,44800,'p'),(44800,48000,'p')]"
499,/Users/ssankey/PycharmProjects/AdvReverb/data/VoxCeleb1/test/id10282/neQO6_CUY4w/00003.wav,12,"[(0,3200,'p'),(3200,6400,'p'),(6400,9600,'p'),(9600,12800,'p'),(12800,16000,'p'),(16000,19200,'p'),(19200,22400,'p'),(22400,25600,'p'),(25600,28800,'p'),(28800,32000,'p'),(32000,35200,'p'),(35200,38400,'p'),(38400,41600,'p'),(41600,44800,'p'),(44800,48000,'p')]"
500,/Users/ssankey/PycharmProjects/AdvReverb/data/VoxCeleb1/test/id10282/neQO6_CUY4w/00004.wav,12,"[(0,3200,'p'),(3200,6400,'p'),(6400,9600,'p'),(9600,12800,'p'),(12800,16000,'p'),(16000,19200,'p'),(19200,22400,'p'),(22400,25600,'p'),(25600,28800,'p'),(28800,32000,'p'),(32000,35200,'p'),(35200,38400,'p'),(38400,41600,'p'),(41600,44800,'p'),(44800,48000,'p')]"
501,/Users/ssankey/PycharmProjects/AdvReverb/data/VoxCeleb1/test/id10282/neQO6_CUY4w/00005.wav,12,"[(0,3200,'p'),(3200,6400,'p'),(6400,9600,'p'),(9600,12800,'p'),(12800,16000,'p'),(16000,19200,'p'),(19200,22400,'p'),(22400,25600,'p'),(25600,28800,'p'),(28800,32000,'p'),(32000,35200,'p'),(35200,38400,'p'),(38400,41600,'p'),(41600,44800,'p'),(44800,48000,'p')]"
502,/Users/ssankey/PycharmProjects/AdvReverb/data/VoxCeleb1/test/id10282/neQO6_CUY4w/00006.wav,12,"[(0,3200,'p'),(3200,6400,'p'),(6400,9600,'p'),(9600,12800,'p'),(12800,16000,'p'),(16000,19200,'p'),(19200,22400,'p'),(22400,25600,'p'),(25600,28800,'p'),(28800,32000,'p'),(32000,35200,'p'),(35200,38400,'p'),(38400,41600,'p'),(41600,44800,'p'),(44800,48000,'p')]"
503,/Users/ssankey/PycharmProjects/AdvReverb/data/VoxCeleb1/test/id10282/neQO6_CUY4w/00007.wav,12,"[(0,3200,'p'),(3200,6400,'p'),(6400,9600,'p'),(9600,12800,'p'),(12800,16000,'p'),(16000,19200,'p'),(19200,22400,'p'),(22400,25600,'p'),(25600,28800,'p'),(28800,32000,'p'),(32000,35200,'p'),(35200,38400,'p'),(38400,41600,'p'),(41600,44800,'p'),(44800,48000,'p')]"
504,/Users/ssankey/PycharmProjects/AdvReverb/data/VoxCeleb1/test/id10282/neQO6_CUY4w/00008.wav,12,"[(0,3200,'p'),(3200,6400,'p'),(6400,9600,'p'),(9600,12800,'p'),(12800,16000,'p'),(16000,19200,'p'),(19200,22400,'p'),(22400,25600,'p'),(25600,28800,'p'),(28800,32000,'p'),(32000,35200,'p'),(35200,38400,'p'),(38400,41600,'p'),(41600,44800,'p'),(44800,48000,'p')]"
505,/Users/ssankey/PycharmProjects/AdvReverb/data/VoxCeleb1/test/id10282/neQO6_CUY4w/00009.wav,12,"[(0,3200,'p'),(3200,6400,'p'),(6400,9600,'p'),(9600,12800,'p'),(12800,16000,'p'),(16000,19200,'p'),(19200,22400,'p'),(22400,25600,'p'),(25600,28800,'p'),(28800,32000,'p'),(32000,35200,'p'),(35200,38400,'p'),(38400,41600,'p'),(41600,44800,'p'),(44800,48000,'p')]"
506,/Users/ssankey/PycharmProjects/AdvReverb/data/VoxCeleb1/test/id10282/nYsLbFOQfOI/00001.wav,12,"[(0,3200,'p'),(3200,6400,'p'),(6400,9600,'p'),(9600,12800,'p'),(12800,16000,'p'),(16000,19200,'p'),(19200,22400,'p'),(22400,25600,'p'),(25600,28800,'p'),(28800,32000,'p'),(32000,35200,'p'),(35200,38400,'p'),(38400,41600,'p'),(41600,44800,'p'),(44800,48000,'p')]"
507,/Users/ssankey/PycharmProjects/AdvReverb/data/VoxCeleb1/test/id10282/nYsLbFOQfOI/00002.wav,12,"[(0,3200,'p'),(3200,6400,'p'),(6400,9600,'p'),(9600,12800,'p'),(12800,16000,'p'),(16000,19200,'p'),(19200,22400,'p'),(22400,25600,'p'),(25600,28800,'p'),(28800,32000,'p'),(32000,35200,'p'),(35200,38400,'p'),(38400,41600,'p'),(41600,44800,'p'),(44800,48000,'p')]"
508,/Users/ssankey/PycharmProjects/AdvReverb/data/VoxCeleb1/test/id10282/OjG2EYFgubs/00001.wav,12,"[(0,3200,'p'),(3200,6400,'p'),(6400,9600,'p'),(9600,12800,'p'),(12800,16000,'p'),(16000,19200,'p'),(19200,22400,'p'),(22400,25600,'p'),(25600,28800,'p'),(28800,32000,'p'),(32000,35200,'p'),(35200,38400,'p'),(38400,41600,'p'),(41600,44800,'p'),(44800,48000,'p')]"
509,/Users/ssankey/PycharmProjects/AdvReverb/data/VoxCeleb1/test/id10282/Q5fbv-Wyj7k/00001.wav,12,"[(0,3200,'p'),(3200,6400,'p'),(6400,9600,'p'),(9600,12800,'p'),(12800,16000,'p'),(16000,19200,'p'),(19200,22400,'p'),(22400,25600,'p'),(25600,28800,'p'),(28800,32000,'p'),(32000,35200,'p'),(35200,38400,'p'),(38400,41600,'p'),(41600,44800,'p'),(44800,48000,'p')]"
510,/Users/ssankey/PycharmProjects/AdvReverb/data/VoxCeleb1/test/id10282/Q5fbv-Wyj7k/00002.wav,12,"[(0,3200,'p'),(3200,6400,'p'),(6400,9600,'p'),(9600,12800,'p'),(12800,16000,'p'),(16000,19200,'p'),(19200,22400,'p'),(22400,25600,'p'),(25600,28800,'p'),(28800,32000,'p'),(32000,35200,'p'),(35200,38400,'p'),(38400,41600,'p'),(41600,44800,'p'),(44800,48000,'p')]"
511,/Users/ssankey/PycharmProjects/AdvReverb/data/VoxCeleb1/test/id10282/Q5fbv-Wyj7k/00003.wav,12,"[(0,3200,'p'),(3200,6400,'p'),(6400,9600,'p'),(9600,12800,'p'),(12800,16000,'p'),(16000,19200,'p'),(19200,22400,'p'),(22400,25600,'p'),(25600,28800,'p'),(28800,32000,'p'),(32000,35200,'p'),(35200,38400,'p'),(38400,41600,'p'),(41600,44800,'p'),(44800,48000,'p')]"
512,/Users/ssankey/PycharmProjects/AdvReverb/data/VoxCeleb1/test/id10282/qkZNuvX1UNo/00001.wav,12,"[(0,3200,'p'),(3200,6400,'p'),(6400,9600,'p'),(9600,12800,'p'),(12800,16000,'p'),(16000,19200,'p'),(19200,22400,'p'),(22400,25600,'p'),(25600,28800,'p'),(28800,32000,'p'),(32000,35200,'p'),(35200,38400,'p'),(38400,41600,'p'),(41600,44800,'p'),(44800,48000,'p')]"
513,/Users/ssankey/PycharmProjects/AdvReverb/data/VoxCeleb1/test/id10282/qkZNuvX1UNo/00002.wav,12,"[(0,3200,'p'),(3200,6400,'p'),(6400,9600,'p'),(9600,12800,'p'),(12800,16000,'p'),(16000,19200,'p'),(19200,22400,'p'),(22400,25600,'p'),(25600,28800,'p'),(28800,32000,'p'),(32000,35200,'p'),(35200,38400,'p'),(38400,41600,'p'),(41600,44800,'p'),(44800,48000,'p')]"
514,/Users/ssankey/PycharmProjects/AdvReverb/data/VoxCeleb1/test/id10282/qkZNuvX1UNo/00003.wav,12,"[(0,3200,'p'),(3200,6400,'p'),(6400,9600,'p'),(9600,12800,'p'),(12800,16000,'p'),(16000,19200,'p'),(19200,22400,'p'),(22400,25600,'p'),(25600,28800,'p'),(28800,32000,'p'),(32000,35200,'p'),(35200,38400,'p'),(38400,41600,'p'),(41600,44800,'p'),(44800,48000,'p')]"
515,/Users/ssankey/PycharmProjects/AdvReverb/data/VoxCeleb1/test/id10282/qkZNuvX1UNo/00004.wav,12,"[(0,3200,'p'),(3200,6400,'p'),(6400,9600,'p'),(9600,12800,'p'),(12800,16000,'p'),(16000,19200,'p'),(19200,22400,'p'),(22400,25600,'p'),(25600,28800,'p'),(28800,32000,'p'),(32000,35200,'p'),(35200,38400,'p'),(38400,41600,'p'),(41600,44800,'p'),(44800,48000,'p')]"
516,/Users/ssankey/PycharmProjects/AdvReverb/data/VoxCeleb1/test/id10282/qkZNuvX1UNo/00005.wav,12,"[(0,3200,'p'),(3200,6400,'p'),(6400,9600,'p'),(9600,12800,'p'),(12800,16000,'p'),(16000,19200,'p'),(19200,22400,'p'),(22400,25600,'p'),(25600,28800,'p'),(28800,32000,'p'),(32000,35200,'p'),(35200,38400,'p'),(38400,41600,'p'),(41600,44800,'p'),(44800,48000,'p')]"
517,/Users/ssankey/PycharmProjects/AdvReverb/data/VoxCeleb1/test/id10282/qkZNuvX1UNo/00006.wav,12,"[(0,3200,'p'),(3200,6400,'p'),(6400,9600,'p'),(9600,12800,'p'),(12800,16000,'p'),(16000,19200,'p'),(19200,22400,'p'),(22400,25600,'p'),(25600,28800,'p'),(28800,32000,'p'),(32000,35200,'p'),(35200,38400,'p'),(38400,41600,'p'),(41600,44800,'p'),(44800,48000,'p')]"
518,/Users/ssankey/PycharmProjects/AdvReverb/data/VoxCeleb1/test/id10282/qkZNuvX1UNo/00007.wav,12,"[(0,3200,'p'),(3200,6400,'p'),(6400,9600,'p'),(9600,12800,'p'),(12800,16000,'p'),(16000,19200,'p'),(19200,22400,'p'),(22400,25600,'p'),(25600,28800,'p'),(28800,32000,'p'),(32000,35200,'p'),(35200,38400,'p'),(38400,41600,'p'),(41600,44800,'p'),(44800,48000,'p')]"
519,/Users/ssankey/PycharmProjects/AdvReverb/data/VoxCeleb1/test/id10282/qkZNuvX1UNo/00008.wav,12,"[(0,3200,'p'),(3200,6400,'p'),(6400,9600,'p'),(9600,12800,'p'),(12800,16000,'p'),(16000,19200,'p'),(19200,22400,'p'),(22400,25600,'p'),(25600,28800,'p'),(28800,32000,'p'),(32000,35200,'p'),(35200,38400,'p'),(38400,41600,'p'),(41600,44800,'p'),(44800,48000,'p')]"
520,/Users/ssankey/PycharmProjects/AdvReverb/data/VoxCeleb1/test/id10283/52SYuI0cCbQ/00004.wav,13,"[(0,3200,'p'),(3200,6400,'p'),(6400,9600,'p'),(9600,12800,'p'),(12800,16000,'p'),(16000,19200,'p'),(19200,22400,'p'),(22400,25600,'p'),(25600,28800,'p'),(28800,32000,'p'),(32000,35200,'p'),(35200,38400,'p'),(38400,41600,'p'),(41600,44800,'p'),(44800,48000,'p')]"
521,/Users/ssankey/PycharmProjects/AdvReverb/data/VoxCeleb1/test/id10283/arklnCzCq48/00001.wav,13,"[(0,3200,'p'),(3200,6400,'p'),(6400,9600,'p'),(9600,12800,'p'),(12800,16000,'p'),(16000,19200,'p'),(19200,22400,'p'),(22400,25600,'p'),(25600,28800,'p'),(28800,32000,'p'),(32000,35200,'p'),(35200,38400,'p'),(38400,41600,'p'),(41600,44800,'p'),(44800,48000,'p')]"
522,/Users/ssankey/PycharmProjects/AdvReverb/data/VoxCeleb1/test/id10283/arklnCzCq48/00002.wav,13,"[(0,3200,'p'),(3200,6400,'p'),(6400,9600,'p'),(9600,12800,'p'),(12800,16000,'p'),(16000,19200,'p'),(19200,22400,'p'),(22400,25600,'p'),(25600,28800,'p'),(28800,32000,'p'),(32000,35200,'p'),(35200,38400,'p'),(38400,41600,'p'),(41600,44800,'p'),(44800,48000,'p')]"
523,/Users/ssankey/PycharmProjects/AdvReverb/data/VoxCeleb1/test/id10283/arklnCzCq48/00003.wav,13,"[(0,3200,'p'),(3200,6400,'p'),(6400,9600,'p'),(9600,12800,'p'),(12800,16000,'p'),(16000,19200,'p'),(19200,22400,'p'),(22400,25600,'p'),(25600,28800,'p'),(28800,32000,'p'),(32000,35200,'p'),(35200,38400,'p'),(38400,41600,'p'),(41600,44800,'p'),(44800,48000,'p')]"
524,/Users/ssankey/PycharmProjects/AdvReverb/data/VoxCeleb1/test/id10283/clznvDi-ybg/00001.wav,13,"[(0,3200,'p'),(3200,6400,'p'),(6400,9600,'p'),(9600,12800,'p'),(12800,16000,'p'),(16000,19200,'p'),(19200,22400,'p'),(22400,25600,'p'),(25600,28800,'p'),(28800,32000,'p'),(32000,35200,'p'),(35200,38400,'p'),(38400,41600,'p'),(41600,44800,'p'),(44800,48000,'p')]"
525,/Users/ssankey/PycharmProjects/AdvReverb/data/VoxCeleb1/test/id10283/clznvDi-ybg/00002.wav,13,"[(0,3200,'p'),(3200,6400,'p'),(6400,9600,'p'),(9600,12800,'p'),(12800,16000,'p'),(16000,19200,'p'),(19200,22400,'p'),(22400,25600,'p'),(25600,28800,'p'),(28800,32000,'p'),(32000,35200,'p'),(35200,38400,'p'),(38400,41600,'p'),(41600,44800,'p'),(44800,48000,'p')]"
526,/Users/ssankey/PycharmProjects/AdvReverb/data/VoxCeleb1/test/id10283/clznvDi-ybg/00003.wav,13,"[(0,3200,'p'),(3200,6400,'p'),(6400,9600,'p'),(9600,12800,'p'),(12800,16000,'p'),(16000,19200,'p'),(19200,22400,'p'),(22400,25600,'p'),(25600,28800,'p'),(28800,32000,'p'),(32000,35200,'p'),(35200,38400,'p'),(38400,41600,'p'),(41600,44800,'p'),(44800,48000,'p')]"
527,/Users/ssankey/PycharmProjects/AdvReverb/data/VoxCeleb1/test/id10283/clznvDi-ybg/00004.wav,13,"[(0,3200,'p'),(3200,6400,'p'),(6400,9600,'p'),(9600,12800,'p'),(12800,16000,'p'),(16000,19200,'p'),(19200,22400,'p'),(22400,25600,'p'),(25600,28800,'p'),(28800,32000,'p'),(32000,35200,'p'),(35200,38400,'p'),(38400,41600,'p'),(41600,44800,'p'),(44800,48000,'p')]"
528,/Users/ssankey/PycharmProjects/AdvReverb/data/VoxCeleb1/test/id10283/clznvDi-ybg/00005.wav,13,"[(0,3200,'p'),(3200,6400,'p'),(6400,9600,'p'),(9600,12800,'p'),(12800,16000,'p'),(16000,19200,'p'),(19200,22400,'p'),(22400,25600,'p'),(25600,28800,'p'),(28800,32000,'p'),(32000,35200,'p'),(35200,38400,'p'),(38400,41600,'p'),(41600,44800,'p'),(44800,48000,'p')]"
529,/Users/ssankey/PycharmProjects/AdvReverb/data/VoxCeleb1/test/id10283/clznvDi-ybg/00006.wav,13,"[(0,3200,'p'),(3200,6400,'p'),(6400,9600,'p'),(9600,12800,'p'),(12800,16000,'p'),(16000,19200,'p'),(19200,22400,'p'),(22400,25600,'p'),(25600,28800,'p'),(28800,32000,'p'),(32000,35200,'p'),(35200,38400,'p'),(38400,41600,'p'),(41600,44800,'p'),(44800,48000,'p')]"
530,/Users/ssankey/PycharmProjects/AdvReverb/data/VoxCeleb1/test/id10283/clznvDi-ybg/00007.wav,13,"[(0,3200,'p'),(3200,6400,'p'),(6400,9600,'p'),(9600,12800,'p'),(12800,16000,'p'),(16000,19200,'p'),(19200,22400,'p'),(22400,25600,'p'),(25600,28800,'p'),(28800,32000,'p'),(32000,35200,'p'),(35200,38400,'p'),(38400,41600,'p'),(41600,44800,'p'),(44800,48000,'p')]"
531,/Users/ssankey/PycharmProjects/AdvReverb/data/VoxCeleb1/test/id10283/clznvDi-ybg/00008.wav,13,"[(0,3200,'p'),(3200,6400,'p'),(6400,9600,'p'),(9600,12800,'p'),(12800,16000,'p'),(16000,19200,'p'),(19200,22400,'p'),(22400,25600,'p'),(25600,28800,'p'),(28800,32000,'p'),(32000,35200,'p'),(35200,38400,'p'),(38400,41600,'p'),(41600,44800,'p'),(44800,48000,'p')]"
532,/Users/ssankey/PycharmProjects/AdvReverb/data/VoxCeleb1/test/id10283/clznvDi-ybg/00009.wav,13,"[(0,3200,'p'),(3200,6400,'p'),(6400,9600,'p'),(9600,12800,'p'),(12800,16000,'p'),(16000,19200,'p'),(19200,22400,'p'),(22400,25600,'p'),(25600,28800,'p'),(28800,32000,'p'),(32000,35200,'p'),(35200,38400,'p'),(38400,41600,'p'),(41600,44800,'p'),(44800,48000,'p')]"
533,/Users/ssankey/PycharmProjects/AdvReverb/data/VoxCeleb1/test/id10283/clznvDi-ybg/00010.wav,13,"[(0,3200,'p'),(3200,6400,'p'),(6400,9600,'p'),(9600,12800,'p'),(12800,16000,'p'),(16000,19200,'p'),(19200,22400,'p'),(22400,25600,'p'),(25600,28800,'p'),(28800,32000,'p'),(32000,35200,'p'),(35200,38400,'p'),(38400,41600,'p'),(41600,44800,'p'),(44800,48000,'p')]"
534,/Users/ssankey/PycharmProjects/AdvReverb/data/VoxCeleb1/test/id10283/clznvDi-ybg/00011.wav,13,"[(0,3200,'p'),(3200,6400,'p'),(6400,9600,'p'),(9600,12800,'p'),(12800,16000,'p'),(16000,19200,'p'),(19200,22400,'p'),(22400,25600,'p'),(25600,28800,'p'),(28800,32000,'p'),(32000,35200,'p'),(35200,38400,'p'),(38400,41600,'p'),(41600,44800,'p'),(44800,48000,'p')]"
535,/Users/ssankey/PycharmProjects/AdvReverb/data/VoxCeleb1/test/id10283/clznvDi-ybg/00012.wav,13,"[(0,3200,'p'),(3200,6400,'p'),(6400,9600,'p'),(9600,12800,'p'),(12800,16000,'p'),(16000,19200,'p'),(19200,22400,'p'),(22400,25600,'p'),(25600,28800,'p'),(28800,32000,'p'),(32000,35200,'p'),(35200,38400,'p'),(38400,41600,'p'),(41600,44800,'p'),(44800,48000,'p')]"
536,/Users/ssankey/PycharmProjects/AdvReverb/data/VoxCeleb1/test/id10283/clznvDi-ybg/00013.wav,13,"[(0,3200,'p'),(3200,6400,'p'),(6400,9600,'p'),(9600,12800,'p'),(12800,16000,'p'),(16000,19200,'p'),(19200,22400,'p'),(22400,25600,'p'),(25600,28800,'p'),(28800,32000,'p'),(32000,35200,'p'),(35200,38400,'p'),(38400,41600,'p'),(41600,44800,'p'),(44800,48000,'p')]"
537,/Users/ssankey/PycharmProjects/AdvReverb/data/VoxCeleb1/test/id10283/clznvDi-ybg/00014.wav,13,"[(0,3200,'p'),(3200,6400,'p'),(6400,9600,'p'),(9600,12800,'p'),(12800,16000,'p'),(16000,19200,'p'),(19200,22400,'p'),(22400,25600,'p'),(25600,28800,'p'),(28800,32000,'p'),(32000,35200,'p'),(35200,38400,'p'),(38400,41600,'p'),(41600,44800,'p'),(44800,48000,'p')]"
538,/Users/ssankey/PycharmProjects/AdvReverb/data/VoxCeleb1/test/id10283/clznvDi-ybg/00015.wav,13,"[(0,3200,'p'),(3200,6400,'p'),(6400,9600,'p'),(9600,12800,'p'),(12800,16000,'p'),(16000,19200,'p'),(19200,22400,'p'),(22400,25600,'p'),(25600,28800,'p'),(28800,32000,'p'),(32000,35200,'p'),(35200,38400,'p'),(38400,41600,'p'),(41600,44800,'p'),(44800,48000,'p')]"
539,/Users/ssankey/PycharmProjects/AdvReverb/data/VoxCeleb1/test/id10283/clznvDi-ybg/00016.wav,13,"[(0,3200,'p'),(3200,6400,'p'),(6400,9600,'p'),(9600,12800,'p'),(12800,16000,'p'),(16000,19200,'p'),(19200,22400,'p'),(22400,25600,'p'),(25600,28800,'p'),(28800,32000,'p'),(32000,35200,'p'),(35200,38400,'p'),(38400,41600,'p'),(41600,44800,'p'),(44800,48000,'p')]"
540,/Users/ssankey/PycharmProjects/AdvReverb/data/VoxCeleb1/test/id10283/clznvDi-ybg/00017.wav,13,"[(0,3200,'p'),(3200,6400,'p'),(6400,9600,'p'),(9600,12800,'p'),(12800,16000,'p'),(16000,19200,'p'),(19200,22400,'p'),(22400,25600,'p'),(25600,28800,'p'),(28800,32000,'p'),(32000,35200,'p'),(35200,38400,'p'),(38400,41600,'p'),(41600,44800,'p'),(44800,48000,'p')]"
541,/Users/ssankey/PycharmProjects/AdvReverb/data/VoxCeleb1/test/id10283/clznvDi-ybg/00018.wav,13,"[(0,3200,'p'),(3200,6400,'p'),(6400,9600,'p'),(9600,12800,'p'),(12800,16000,'p'),(16000,19200,'p'),(19200,22400,'p'),(22400,25600,'p'),(25600,28800,'p'),(28800,32000,'p'),(32000,35200,'p'),(35200,38400,'p'),(38400,41600,'p'),(41600,44800,'p'),(44800,48000,'p')]"
542,/Users/ssankey/PycharmProjects/AdvReverb/data/VoxCeleb1/test/id10283/clznvDi-ybg/00019.wav,13,"[(0,3200,'p'),(3200,6400,'p'),(6400,9600,'p'),(9600,12800,'p'),(12800,16000,'p'),(16000,19200,'p'),(19200,22400,'p'),(22400,25600,'p'),(25600,28800,'p'),(28800,32000,'p'),(32000,35200,'p'),(35200,38400,'p'),(38400,41600,'p'),(41600,44800,'p'),(44800,48000,'p')]"
543,/Users/ssankey/PycharmProjects/AdvReverb/data/VoxCeleb1/test/id10283/cmG1DiHm-fM/00001.wav,13,"[(0,3200,'p'),(3200,6400,'p'),(6400,9600,'p'),(9600,12800,'p'),(12800,16000,'p'),(16000,19200,'p'),(19200,22400,'p'),(22400,25600,'p'),(25600,28800,'p'),(28800,32000,'p'),(32000,35200,'p'),(35200,38400,'p'),(38400,41600,'p'),(41600,44800,'p'),(44800,48000,'p')]"
544,/Users/ssankey/PycharmProjects/AdvReverb/data/VoxCeleb1/test/id10283/cmG1DiHm-fM/00002.wav,13,"[(0,3200,'p'),(3200,6400,'p'),(6400,9600,'p'),(9600,12800,'p'),(12800,16000,'p'),(16000,19200,'p'),(19200,22400,'p'),(22400,25600,'p'),(25600,28800,'p'),(28800,32000,'p'),(32000,35200,'p'),(35200,38400,'p'),(38400,41600,'p'),(41600,44800,'p'),(44800,48000,'p')]"
545,/Users/ssankey/PycharmProjects/AdvReverb/data/VoxCeleb1/test/id10283/cmG1DiHm-fM/00003.wav,13,"[(0,3200,'p'),(3200,6400,'p'),(6400,9600,'p'),(9600,12800,'p'),(12800,16000,'p'),(16000,19200,'p'),(19200,22400,'p'),(22400,25600,'p'),(25600,28800,'p'),(28800,32000,'p'),(32000,35200,'p'),(35200,38400,'p'),(38400,41600,'p'),(41600,44800,'p'),(44800,48000,'p')]"
546,/Users/ssankey/PycharmProjects/AdvReverb/data/VoxCeleb1/test/id10283/cmG1DiHm-fM/00004.wav,13,"[(0,3200,'p'),(3200,6400,'p'),(6400,9600,'p'),(9600,12800,'p'),(12800,16000,'p'),(16000,19200,'p'),(19200,22400,'p'),(22400,25600,'p'),(25600,28800,'p'),(28800,32000,'p'),(32000,35200,'p'),(35200,38400,'p'),(38400,41600,'p'),(41600,44800,'p'),(44800,48000,'p')]"
547,/Users/ssankey/PycharmProjects/AdvReverb/data/VoxCeleb1/test/id10283/cmG1DiHm-fM/00005.wav,13,"[(0,3200,'p'),(3200,6400,'p'),(6400,9600,'p'),(9600,12800,'p'),(12800,16000,'p'),(16000,19200,'p'),(19200,22400,'p'),(22400,25600,'p'),(25600,28800,'p'),(28800,32000,'p'),(32000,35200,'p'),(35200,38400,'p'),(38400,41600,'p'),(41600,44800,'p'),(44800,48000,'p')]"
548,/Users/ssankey/PycharmProjects/AdvReverb/data/VoxCeleb1/test/id10283/cmG1DiHm-fM/00006.wav,13,"[(0,3200,'p'),(3200,6400,'p'),(6400,9600,'p'),(9600,12800,'p'),(12800,16000,'p'),(16000,19200,'p'),(19200,22400,'p'),(22400,25600,'p'),(25600,28800,'p'),(28800,32000,'p'),(32000,35200,'p'),(35200,38400,'p'),(38400,41600,'p'),(41600,44800,'p'),(44800,48000,'p')]"
549,/Users/ssankey/PycharmProjects/AdvReverb/data/VoxCeleb1/test/id10283/eC9ZIOvohds/00001.wav,13,"[(0,3200,'p'),(3200,6400,'p'),(6400,9600,'p'),(9600,12800,'p'),(12800,16000,'p'),(16000,19200,'p'),(19200,22400,'p'),(22400,25600,'p'),(25600,28800,'p'),(28800,32000,'p'),(32000,35200,'p'),(35200,38400,'p'),(38400,41600,'p'),(41600,44800,'p'),(44800,48000,'p')]"
550,/Users/ssankey/PycharmProjects/AdvReverb/data/VoxCeleb1/test/id10283/eC9ZIOvohds/00002.wav,13,"[(0,3200,'p'),(3200,6400,'p'),(6400,9600,'p'),(9600,12800,'p'),(12800,16000,'p'),(16000,19200,'p'),(19200,22400,'p'),(22400,25600,'p'),(25600,28800,'p'),(28800,32000,'p'),(32000,35200,'p'),(35200,38400,'p'),(38400,41600,'p'),(41600,44800,'p'),(44800,48000,'p')]"
551,/Users/ssankey/PycharmProjects/AdvReverb/data/VoxCeleb1/test/id10283/gAKHqHbNt2g/00001.wav,13,"[(0,3200,'p'),(3200,6400,'p'),(6400,9600,'p'),(9600,12800,'p'),(12800,16000,'p'),(16000,19200,'p'),(19200,22400,'p'),(22400,25600,'p'),(25600,28800,'p'),(28800,32000,'p'),(32000,35200,'p'),(35200,38400,'p'),(38400,41600,'p'),(41600,44800,'p'),(44800,48000,'p')]"
552,/Users/ssankey/PycharmProjects/AdvReverb/data/VoxCeleb1/test/id10283/gAKHqHbNt2g/00002.wav,13,"[(0,3200,'p'),(3200,6400,'p'),(6400,9600,'p'),(9600,12800,'p'),(12800,16000,'p'),(16000,19200,'p'),(19200,22400,'p'),(22400,25600,'p'),(25600,28800,'p'),(28800,32000,'p'),(32000,35200,'p'),(35200,38400,'p'),(38400,41600,'p'),(41600,44800,'p'),(44800,48000,'p')]"
553,/Users/ssankey/PycharmProjects/AdvReverb/data/VoxCeleb1/test/id10283/gAKHqHbNt2g/00003.wav,13,"[(0,3200,'p'),(3200,6400,'p'),(6400,9600,'p'),(9600,12800,'p'),(12800,16000,'p'),(16000,19200,'p'),(19200,22400,'p'),(22400,25600,'p'),(25600,28800,'p'),(28800,32000,'p'),(32000,35200,'p'),(35200,38400,'p'),(38400,41600,'p'),(41600,44800,'p'),(44800,48000,'p')]"
554,/Users/ssankey/PycharmProjects/AdvReverb/data/VoxCeleb1/test/id10283/gAKHqHbNt2g/00004.wav,13,"[(0,3200,'p'),(3200,6400,'p'),(6400,9600,'p'),(9600,12800,'p'),(12800,16000,'p'),(16000,19200,'p'),(19200,22400,'p'),(22400,25600,'p'),(25600,28800,'p'),(28800,32000,'p'),(32000,35200,'p'),(35200,38400,'p'),(38400,41600,'p'),(41600,44800,'p'),(44800,48000,'p')]"
555,/Users/ssankey/PycharmProjects/AdvReverb/data/VoxCeleb1/test/id10283/gAKHqHbNt2g/00005.wav,13,"[(0,3200,'p'),(3200,6400,'p'),(6400,9600,'p'),(9600,12800,'p'),(12800,16000,'p'),(16000,19200,'p'),(19200,22400,'p'),(22400,25600,'p'),(25600,28800,'p'),(28800,32000,'p'),(32000,35200,'p'),(35200,38400,'p'),(38400,41600,'p'),(41600,44800,'p'),(44800,48000,'p')]"
556,/Users/ssankey/PycharmProjects/AdvReverb/data/VoxCeleb1/test/id10283/gAKHqHbNt2g/00006.wav,13,"[(0,3200,'p'),(3200,6400,'p'),(6400,9600,'p'),(9600,12800,'p'),(12800,16000,'p'),(16000,19200,'p'),(19200,22400,'p'),(22400,25600,'p'),(25600,28800,'p'),(28800,32000,'p'),(32000,35200,'p'),(35200,38400,'p'),(38400,41600,'p'),(41600,44800,'p'),(44800,48000,'p')]"
557,/Users/ssankey/PycharmProjects/AdvReverb/data/VoxCeleb1/test/id10283/gAKHqHbNt2g/00007.wav,13,"[(0,3200,'p'),(3200,6400,'p'),(6400,9600,'p'),(9600,12800,'p'),(12800,16000,'p'),(16000,19200,'p'),(19200,22400,'p'),(22400,25600,'p'),(25600,28800,'p'),(28800,32000,'p'),(32000,35200,'p'),(35200,38400,'p'),(38400,41600,'p'),(41600,44800,'p'),(44800,48000,'p')]"
558,/Users/ssankey/PycharmProjects/AdvReverb/data/VoxCeleb1/test/id10283/gAKHqHbNt2g/00008.wav,13,"[(0,3200,'p'),(3200,6400,'p'),(6400,9600,'p'),(9600,12800,'p'),(12800,16000,'p'),(16000,19200,'p'),(19200,22400,'p'),(22400,25600,'p'),(25600,28800,'p'),(28800,32000,'p'),(32000,35200,'p'),(35200,38400,'p'),(38400,41600,'p'),(41600,44800,'p'),(44800,48000,'p')]"
559,/Users/ssankey/PycharmProjects/AdvReverb/data/VoxCeleb1/test/id10283/gAKHqHbNt2g/00009.wav,13,"[(0,3200,'p'),(3200,6400,'p'),(6400,9600,'p'),(9600,12800,'p'),(12800,16000,'p'),(16000,19200,'p'),(19200,22400,'p'),(22400,25600,'p'),(25600,28800,'p'),(28800,32000,'p'),(32000,35200,'p'),(35200,38400,'p'),(38400,41600,'p'),(41600,44800,'p'),(44800,48000,'p')]"
560,/Users/ssankey/PycharmProjects/AdvReverb/data/VoxCeleb1/test/id10284/7yx9A0yzLYk/00004.wav,14,"[(0,3200,'p'),(3200,6400,'p'),(6400,9600,'p'),(9600,12800,'p'),(12800,16000,'p'),(16000,19200,'p'),(19200,22400,'p'),(22400,25600,'p'),(25600,28800,'p'),(28800,32000,'p'),(32000,35200,'p'),(35200,38400,'p'),(38400,41600,'p'),(41600,44800,'p'),(44800,48000,'p')]"
561,/Users/ssankey/PycharmProjects/AdvReverb/data/VoxCeleb1/test/id10284/7yx9A0yzLYk/00005.wav,14,"[(0,3200,'p'),(3200,6400,'p'),(6400,9600,'p'),(9600,12800,'p'),(12800,16000,'p'),(16000,19200,'p'),(19200,22400,'p'),(22400,25600,'p'),(25600,28800,'p'),(28800,32000,'p'),(32000,35200,'p'),(35200,38400,'p'),(38400,41600,'p'),(41600,44800,'p'),(44800,48000,'p')]"
562,/Users/ssankey/PycharmProjects/AdvReverb/data/VoxCeleb1/test/id10284/7yx9A0yzLYk/00006.wav,14,"[(0,3200,'p'),(3200,6400,'p'),(6400,9600,'p'),(9600,12800,'p'),(12800,16000,'p'),(16000,19200,'p'),(19200,22400,'p'),(22400,25600,'p'),(25600,28800,'p'),(28800,32000,'p'),(32000,35200,'p'),(35200,38400,'p'),(38400,41600,'p'),(41600,44800,'p'),(44800,48000,'p')]"
563,/Users/ssankey/PycharmProjects/AdvReverb/data/VoxCeleb1/test/id10284/7yx9A0yzLYk/00007.wav,14,"[(0,3200,'p'),(3200,6400,'p'),(6400,9600,'p'),(9600,12800,'p'),(12800,16000,'p'),(16000,19200,'p'),(19200,22400,'p'),(22400,25600,'p'),(25600,28800,'p'),(28800,32000,'p'),(32000,35200,'p'),(35200,38400,'p'),(38400,41600,'p'),(41600,44800,'p'),(44800,48000,'p')]"
564,/Users/ssankey/PycharmProjects/AdvReverb/data/VoxCeleb1/test/id10284/7yx9A0yzLYk/00008.wav,14,"[(0,3200,'p'),(3200,6400,'p'),(6400,9600,'p'),(9600,12800,'p'),(12800,16000,'p'),(16000,19200,'p'),(19200,22400,'p'),(22400,25600,'p'),(25600,28800,'p'),(28800,32000,'p'),(32000,35200,'p'),(35200,38400,'p'),(38400,41600,'p'),(41600,44800,'p'),(44800,48000,'p')]"
565,/Users/ssankey/PycharmProjects/AdvReverb/data/VoxCeleb1/test/id10284/7yx9A0yzLYk/00009.wav,14,"[(0,3200,'p'),(3200,6400,'p'),(6400,9600,'p'),(9600,12800,'p'),(12800,16000,'p'),(16000,19200,'p'),(19200,22400,'p'),(22400,25600,'p'),(25600,28800,'p'),(28800,32000,'p'),(32000,35200,'p'),(35200,38400,'p'),(38400,41600,'p'),(41600,44800,'p'),(44800,48000,'p')]"
566,/Users/ssankey/PycharmProjects/AdvReverb/data/VoxCeleb1/test/id10284/7yx9A0yzLYk/00010.wav,14,"[(0,3200,'p'),(3200,6400,'p'),(6400,9600,'p'),(9600,12800,'p'),(12800,16000,'p'),(16000,19200,'p'),(19200,22400,'p'),(22400,25600,'p'),(25600,28800,'p'),(28800,32000,'p'),(32000,35200,'p'),(35200,38400,'p'),(38400,41600,'p'),(41600,44800,'p'),(44800,48000,'p')]"
567,/Users/ssankey/PycharmProjects/AdvReverb/data/VoxCeleb1/test/id10284/7yx9A0yzLYk/00011.wav,14,"[(0,3200,'p'),(3200,6400,'p'),(6400,9600,'p'),(9600,12800,'p'),(12800,16000,'p'),(16000,19200,'p'),(19200,22400,'p'),(22400,25600,'p'),(25600,28800,'p'),(28800,32000,'p'),(32000,35200,'p'),(35200,38400,'p'),(38400,41600,'p'),(41600,44800,'p'),(44800,48000,'p')]"
568,/Users/ssankey/PycharmProjects/AdvReverb/data/VoxCeleb1/test/id10284/7yx9A0yzLYk/00012.wav,14,"[(0,3200,'p'),(3200,6400,'p'),(6400,9600,'p'),(9600,12800,'p'),(12800,16000,'p'),(16000,19200,'p'),(19200,22400,'p'),(22400,25600,'p'),(25600,28800,'p'),(28800,32000,'p'),(32000,35200,'p'),(35200,38400,'p'),(38400,41600,'p'),(41600,44800,'p'),(44800,48000,'p')]"
569,/Users/ssankey/PycharmProjects/AdvReverb/data/VoxCeleb1/test/id10284/7yx9A0yzLYk/00013.wav,14,"[(0,3200,'p'),(3200,6400,'p'),(6400,9600,'p'),(9600,12800,'p'),(12800,16000,'p'),(16000,19200,'p'),(19200,22400,'p'),(22400,25600,'p'),(25600,28800,'p'),(28800,32000,'p'),(32000,35200,'p'),(35200,38400,'p'),(38400,41600,'p'),(41600,44800,'p'),(44800,48000,'p')]"
570,/Users/ssankey/PycharmProjects/AdvReverb/data/VoxCeleb1/test/id10284/7yx9A0yzLYk/00014.wav,14,"[(0,3200,'p'),(3200,6400,'p'),(6400,9600,'p'),(9600,12800,'p'),(12800,16000,'p'),(16000,19200,'p'),(19200,22400,'p'),(22400,25600,'p'),(25600,28800,'p'),(28800,32000,'p'),(32000,35200,'p'),(35200,38400,'p'),(38400,41600,'p'),(41600,44800,'p'),(44800,48000,'p')]"
571,/Users/ssankey/PycharmProjects/AdvReverb/data/VoxCeleb1/test/id10284/7yx9A0yzLYk/00015.wav,14,"[(0,3200,'p'),(3200,6400,'p'),(6400,9600,'p'),(9600,12800,'p'),(12800,16000,'p'),(16000,19200,'p'),(19200,22400,'p'),(22400,25600,'p'),(25600,28800,'p'),(28800,32000,'p'),(32000,35200,'p'),(35200,38400,'p'),(38400,41600,'p'),(41600,44800,'p'),(44800,48000,'p')]"
572,/Users/ssankey/PycharmProjects/AdvReverb/data/VoxCeleb1/test/id10284/7yx9A0yzLYk/00016.wav,14,"[(0,3200,'p'),(3200,6400,'p'),(6400,9600,'p'),(9600,12800,'p'),(12800,16000,'p'),(16000,19200,'p'),(19200,22400,'p'),(22400,25600,'p'),(25600,28800,'p'),(28800,32000,'p'),(32000,35200,'p'),(35200,38400,'p'),(38400,41600,'p'),(41600,44800,'p'),(44800,48000,'p')]"
573,/Users/ssankey/PycharmProjects/AdvReverb/data/VoxCeleb1/test/id10284/7yx9A0yzLYk/00017.wav,14,"[(0,3200,'p'),(3200,6400,'p'),(6400,9600,'p'),(9600,12800,'p'),(12800,16000,'p'),(16000,19200,'p'),(19200,22400,'p'),(22400,25600,'p'),(25600,28800,'p'),(28800,32000,'p'),(32000,35200,'p'),(35200,38400,'p'),(38400,41600,'p'),(41600,44800,'p'),(44800,48000,'p')]"
574,/Users/ssankey/PycharmProjects/AdvReverb/data/VoxCeleb1/test/id10284/7yx9A0yzLYk/00018.wav,14,"[(0,3200,'p'),(3200,6400,'p'),(6400,9600,'p'),(9600,12800,'p'),(12800,16000,'p'),(16000,19200,'p'),(19200,22400,'p'),(22400,25600,'p'),(25600,28800,'p'),(28800,32000,'p'),(32000,35200,'p'),(35200,38400,'p'),(38400,41600,'p'),(41600,44800,'p'),(44800,48000,'p')]"
575,/Users/ssankey/PycharmProjects/AdvReverb/data/VoxCeleb1/test/id10284/7yx9A0yzLYk/00019.wav,14,"[(0,3200,'p'),(3200,6400,'p'),(6400,9600,'p'),(9600,12800,'p'),(12800,16000,'p'),(16000,19200,'p'),(19200,22400,'p'),(22400,25600,'p'),(25600,28800,'p'),(28800,32000,'p'),(32000,35200,'p'),(35200,38400,'p'),(38400,41600,'p'),(41600,44800,'p'),(44800,48000,'p')]"
576,/Users/ssankey/PycharmProjects/AdvReverb/data/VoxCeleb1/test/id10284/7yx9A0yzLYk/00020.wav,14,"[(0,3200,'p'),(3200,6400,'p'),(6400,9600,'p'),(9600,12800,'p'),(12800,16000,'p'),(16000,19200,'p'),(19200,22400,'p'),(22400,25600,'p'),(25600,28800,'p'),(28800,32000,'p'),(32000,35200,'p'),(35200,38400,'p'),(38400,41600,'p'),(41600,44800,'p'),(44800,48000,'p')]"
577,/Users/ssankey/PycharmProjects/AdvReverb/data/VoxCeleb1/test/id10284/7yx9A0yzLYk/00021.wav,14,"[(0,3200,'p'),(3200,6400,'p'),(6400,9600,'p'),(9600,12800,'p'),(12800,16000,'p'),(16000,19200,'p'),(19200,22400,'p'),(22400,25600,'p'),(25600,28800,'p'),(28800,32000,'p'),(32000,35200,'p'),(35200,38400,'p'),(38400,41600,'p'),(41600,44800,'p'),(44800,48000,'p')]"
578,/Users/ssankey/PycharmProjects/AdvReverb/data/VoxCeleb1/test/id10284/7yx9A0yzLYk/00022.wav,14,"[(0,3200,'p'),(3200,6400,'p'),(6400,9600,'p'),(9600,12800,'p'),(12800,16000,'p'),(16000,19200,'p'),(19200,22400,'p'),(22400,25600,'p'),(25600,28800,'p'),(28800,32000,'p'),(32000,35200,'p'),(35200,38400,'p'),(38400,41600,'p'),(41600,44800,'p'),(44800,48000,'p')]"
579,/Users/ssankey/PycharmProjects/AdvReverb/data/VoxCeleb1/test/id10284/7yx9A0yzLYk/00023.wav,14,"[(0,3200,'p'),(3200,6400,'p'),(6400,9600,'p'),(9600,12800,'p'),(12800,16000,'p'),(16000,19200,'p'),(19200,22400,'p'),(22400,25600,'p'),(25600,28800,'p'),(28800,32000,'p'),(32000,35200,'p'),(35200,38400,'p'),(38400,41600,'p'),(41600,44800,'p'),(44800,48000,'p')]"
580,/Users/ssankey/PycharmProjects/AdvReverb/data/VoxCeleb1/test/id10284/7yx9A0yzLYk/00024.wav,14,"[(0,3200,'p'),(3200,6400,'p'),(6400,9600,'p'),(9600,12800,'p'),(12800,16000,'p'),(16000,19200,'p'),(19200,22400,'p'),(22400,25600,'p'),(25600,28800,'p'),(28800,32000,'p'),(32000,35200,'p'),(35200,38400,'p'),(38400,41600,'p'),(41600,44800,'p'),(44800,48000,'p')]"
581,/Users/ssankey/PycharmProjects/AdvReverb/data/VoxCeleb1/test/id10284/7yx9A0yzLYk/00025.wav,14,"[(0,3200,'p'),(3200,6400,'p'),(6400,9600,'p'),(9600,12800,'p'),(12800,16000,'p'),(16000,19200,'p'),(19200,22400,'p'),(22400,25600,'p'),(25600,28800,'p'),(28800,32000,'p'),(32000,35200,'p'),(35200,38400,'p'),(38400,41600,'p'),(41600,44800,'p'),(44800,48000,'p')]"
582,/Users/ssankey/PycharmProjects/AdvReverb/data/VoxCeleb1/test/id10284/7yx9A0yzLYk/00026.wav,14,"[(0,3200,'p'),(3200,6400,'p'),(6400,9600,'p'),(9600,12800,'p'),(12800,16000,'p'),(16000,19200,'p'),(19200,22400,'p'),(22400,25600,'p'),(25600,28800,'p'),(28800,32000,'p'),(32000,35200,'p'),(35200,38400,'p'),(38400,41600,'p'),(41600,44800,'p'),(44800,48000,'p')]"
583,/Users/ssankey/PycharmProjects/AdvReverb/data/VoxCeleb1/test/id10284/7yx9A0yzLYk/00027.wav,14,"[(0,3200,'p'),(3200,6400,'p'),(6400,9600,'p'),(9600,12800,'p'),(12800,16000,'p'),(16000,19200,'p'),(19200,22400,'p'),(22400,25600,'p'),(25600,28800,'p'),(28800,32000,'p'),(32000,35200,'p'),(35200,38400,'p'),(38400,41600,'p'),(41600,44800,'p'),(44800,48000,'p')]"
584,/Users/ssankey/PycharmProjects/AdvReverb/data/VoxCeleb1/test/id10284/7yx9A0yzLYk/00028.wav,14,"[(0,3200,'p'),(3200,6400,'p'),(6400,9600,'p'),(9600,12800,'p'),(12800,16000,'p'),(16000,19200,'p'),(19200,22400,'p'),(22400,25600,'p'),(25600,28800,'p'),(28800,32000,'p'),(32000,35200,'p'),(35200,38400,'p'),(38400,41600,'p'),(41600,44800,'p'),(44800,48000,'p')]"
585,/Users/ssankey/PycharmProjects/AdvReverb/data/VoxCeleb1/test/id10284/7yx9A0yzLYk/00029.wav,14,"[(0,3200,'p'),(3200,6400,'p'),(6400,9600,'p'),(9600,12800,'p'),(12800,16000,'p'),(16000,19200,'p'),(19200,22400,'p'),(22400,25600,'p'),(25600,28800,'p'),(28800,32000,'p'),(32000,35200,'p'),(35200,38400,'p'),(38400,41600,'p'),(41600,44800,'p'),(44800,48000,'p')]"
586,/Users/ssankey/PycharmProjects/AdvReverb/data/VoxCeleb1/test/id10284/7yx9A0yzLYk/00030.wav,14,"[(0,3200,'p'),(3200,6400,'p'),(6400,9600,'p'),(9600,12800,'p'),(12800,16000,'p'),(16000,19200,'p'),(19200,22400,'p'),(22400,25600,'p'),(25600,28800,'p'),(28800,32000,'p'),(32000,35200,'p'),(35200,38400,'p'),(38400,41600,'p'),(41600,44800,'p'),(44800,48000,'p')]"
587,/Users/ssankey/PycharmProjects/AdvReverb/data/VoxCeleb1/test/id10284/7yx9A0yzLYk/00031.wav,14,"[(0,3200,'p'),(3200,6400,'p'),(6400,9600,'p'),(9600,12800,'p'),(12800,16000,'p'),(16000,19200,'p'),(19200,22400,'p'),(22400,25600,'p'),(25600,28800,'p'),(28800,32000,'p'),(32000,35200,'p'),(35200,38400,'p'),(38400,41600,'p'),(41600,44800,'p'),(44800,48000,'p')]"
588,/Users/ssankey/PycharmProjects/AdvReverb/data/VoxCeleb1/test/id10284/7yx9A0yzLYk/00032.wav,14,"[(0,3200,'p'),(3200,6400,'p'),(6400,9600,'p'),(9600,12800,'p'),(12800,16000,'p'),(16000,19200,'p'),(19200,22400,'p'),(22400,25600,'p'),(25600,28800,'p'),(28800,32000,'p'),(32000,35200,'p'),(35200,38400,'p'),(38400,41600,'p'),(41600,44800,'p'),(44800,48000,'p')]"
589,/Users/ssankey/PycharmProjects/AdvReverb/data/VoxCeleb1/test/id10284/7yx9A0yzLYk/00033.wav,14,"[(0,3200,'p'),(3200,6400,'p'),(6400,9600,'p'),(9600,12800,'p'),(12800,16000,'p'),(16000,19200,'p'),(19200,22400,'p'),(22400,25600,'p'),(25600,28800,'p'),(28800,32000,'p'),(32000,35200,'p'),(35200,38400,'p'),(38400,41600,'p'),(41600,44800,'p'),(44800,48000,'p')]"
590,/Users/ssankey/PycharmProjects/AdvReverb/data/VoxCeleb1/test/id10284/7yx9A0yzLYk/00034.wav,14,"[(0,3200,'p'),(3200,6400,'p'),(6400,9600,'p'),(9600,12800,'p'),(12800,16000,'p'),(16000,19200,'p'),(19200,22400,'p'),(22400,25600,'p'),(25600,28800,'p'),(28800,32000,'p'),(32000,35200,'p'),(35200,38400,'p'),(38400,41600,'p'),(41600,44800,'p'),(44800,48000,'p')]"
591,/Users/ssankey/PycharmProjects/AdvReverb/data/VoxCeleb1/test/id10284/7yx9A0yzLYk/00035.wav,14,"[(0,3200,'p'),(3200,6400,'p'),(6400,9600,'p'),(9600,12800,'p'),(12800,16000,'p'),(16000,19200,'p'),(19200,22400,'p'),(22400,25600,'p'),(25600,28800,'p'),(28800,32000,'p'),(32000,35200,'p'),(35200,38400,'p'),(38400,41600,'p'),(41600,44800,'p'),(44800,48000,'p')]"
592,/Users/ssankey/PycharmProjects/AdvReverb/data/VoxCeleb1/test/id10284/7yx9A0yzLYk/00036.wav,14,"[(0,3200,'p'),(3200,6400,'p'),(6400,9600,'p'),(9600,12800,'p'),(12800,16000,'p'),(16000,19200,'p'),(19200,22400,'p'),(22400,25600,'p'),(25600,28800,'p'),(28800,32000,'p'),(32000,35200,'p'),(35200,38400,'p'),(38400,41600,'p'),(41600,44800,'p'),(44800,48000,'p')]"
593,/Users/ssankey/PycharmProjects/AdvReverb/data/VoxCeleb1/test/id10284/7yx9A0yzLYk/00037.wav,14,"[(0,3200,'p'),(3200,6400,'p'),(6400,9600,'p'),(9600,12800,'p'),(12800,16000,'p'),(16000,19200,'p'),(19200,22400,'p'),(22400,25600,'p'),(25600,28800,'p'),(28800,32000,'p'),(32000,35200,'p'),(35200,38400,'p'),(38400,41600,'p'),(41600,44800,'p'),(44800,48000,'p')]"
594,/Users/ssankey/PycharmProjects/AdvReverb/data/VoxCeleb1/test/id10284/7yx9A0yzLYk/00038.wav,14,"[(0,3200,'p'),(3200,6400,'p'),(6400,9600,'p'),(9600,12800,'p'),(12800,16000,'p'),(16000,19200,'p'),(19200,22400,'p'),(22400,25600,'p'),(25600,28800,'p'),(28800,32000,'p'),(32000,35200,'p'),(35200,38400,'p'),(38400,41600,'p'),(41600,44800,'p'),(44800,48000,'p')]"
595,/Users/ssankey/PycharmProjects/AdvReverb/data/VoxCeleb1/test/id10284/7yx9A0yzLYk/00039.wav,14,"[(0,3200,'p'),(3200,6400,'p'),(6400,9600,'p'),(9600,12800,'p'),(12800,16000,'p'),(16000,19200,'p'),(19200,22400,'p'),(22400,25600,'p'),(25600,28800,'p'),(28800,32000,'p'),(32000,35200,'p'),(35200,38400,'p'),(38400,41600,'p'),(41600,44800,'p'),(44800,48000,'p')]"
596,/Users/ssankey/PycharmProjects/AdvReverb/data/VoxCeleb1/test/id10284/7yx9A0yzLYk/00040.wav,14,"[(0,3200,'p'),(3200,6400,'p'),(6400,9600,'p'),(9600,12800,'p'),(12800,16000,'p'),(16000,19200,'p'),(19200,22400,'p'),(22400,25600,'p'),(25600,28800,'p'),(28800,32000,'p'),(32000,35200,'p'),(35200,38400,'p'),(38400,41600,'p'),(41600,44800,'p'),(44800,48000,'p')]"
597,/Users/ssankey/PycharmProjects/AdvReverb/data/VoxCeleb1/test/id10284/7yx9A0yzLYk/00041.wav,14,"[(0,3200,'p'),(3200,6400,'p'),(6400,9600,'p'),(9600,12800,'p'),(12800,16000,'p'),(16000,19200,'p'),(19200,22400,'p'),(22400,25600,'p'),(25600,28800,'p'),(28800,32000,'p'),(32000,35200,'p'),(35200,38400,'p'),(38400,41600,'p'),(41600,44800,'p'),(44800,48000,'p')]"
598,/Users/ssankey/PycharmProjects/AdvReverb/data/VoxCeleb1/test/id10284/7yx9A0yzLYk/00042.wav,14,"[(0,3200,'p'),(3200,6400,'p'),(6400,9600,'p'),(9600,12800,'p'),(12800,16000,'p'),(16000,19200,'p'),(19200,22400,'p'),(22400,25600,'p'),(25600,28800,'p'),(28800,32000,'p'),(32000,35200,'p'),(35200,38400,'p'),(38400,41600,'p'),(41600,44800,'p'),(44800,48000,'p')]"
599,/Users/ssankey/PycharmProjects/AdvReverb/data/VoxCeleb1/test/id10284/7yx9A0yzLYk/00043.wav,14,"[(0,3200,'p'),(3200,6400,'p'),(6400,9600,'p'),(9600,12800,'p'),(12800,16000,'p'),(16000,19200,'p'),(19200,22400,'p'),(22400,25600,'p'),(25600,28800,'p'),(28800,32000,'p'),(32000,35200,'p'),(35200,38400,'p'),(38400,41600,'p'),(41600,44800,'p'),(44800,48000,'p')]"
600,/Users/ssankey/PycharmProjects/AdvReverb/data/VoxCeleb1/test/id10285/9HcPA8lluoY/00003.wav,15,"[(0,3200,'p'),(3200,6400,'p'),(6400,9600,'p'),(9600,12800,'p'),(12800,16000,'p'),(16000,19200,'p'),(19200,22400,'p'),(22400,25600,'p'),(25600,28800,'p'),(28800,32000,'p'),(32000,35200,'p'),(35200,38400,'p'),(38400,41600,'p'),(41600,44800,'p'),(44800,48000,'p')]"
601,/Users/ssankey/PycharmProjects/AdvReverb/data/VoxCeleb1/test/id10285/9HcPA8lluoY/00004.wav,15,"[(0,3200,'p'),(3200,6400,'p'),(6400,9600,'p'),(9600,12800,'p'),(12800,16000,'p'),(16000,19200,'p'),(19200,22400,'p'),(22400,25600,'p'),(25600,28800,'p'),(28800,32000,'p'),(32000,35200,'p'),(35200,38400,'p'),(38400,41600,'p'),(41600,44800,'p'),(44800,48000,'p')]"
602,/Users/ssankey/PycharmProjects/AdvReverb/data/VoxCeleb1/test/id10285/9HcPA8lluoY/00005.wav,15,"[(0,3200,'p'),(3200,6400,'p'),(6400,9600,'p'),(9600,12800,'p'),(12800,16000,'p'),(16000,19200,'p'),(19200,22400,'p'),(22400,25600,'p'),(25600,28800,'p'),(28800,32000,'p'),(32000,35200,'p'),(35200,38400,'p'),(38400,41600,'p'),(41600,44800,'p'),(44800,48000,'p')]"
603,/Users/ssankey/PycharmProjects/AdvReverb/data/VoxCeleb1/test/id10285/bd0jqkNxNdU/00001.wav,15,"[(0,3200,'p'),(3200,6400,'p'),(6400,9600,'p'),(9600,12800,'p'),(12800,16000,'p'),(16000,19200,'p'),(19200,22400,'p'),(22400,25600,'p'),(25600,28800,'p'),(28800,32000,'p'),(32000,35200,'p'),(35200,38400,'p'),(38400,41600,'p'),(41600,44800,'p'),(44800,48000,'p')]"
604,/Users/ssankey/PycharmProjects/AdvReverb/data/VoxCeleb1/test/id10285/bd0jqkNxNdU/00003.wav,15,"[(0,3200,'p'),(3200,6400,'p'),(6400,9600,'p'),(9600,12800,'p'),(12800,16000,'p'),(16000,19200,'p'),(19200,22400,'p'),(22400,25600,'p'),(25600,28800,'p'),(28800,32000,'p'),(32000,35200,'p'),(35200,38400,'p'),(38400,41600,'p'),(41600,44800,'p'),(44800,48000,'p')]"
605,/Users/ssankey/PycharmProjects/AdvReverb/data/VoxCeleb1/test/id10285/bd0jqkNxNdU/00002.wav,15,"[(0,3200,'p'),(3200,6400,'p'),(6400,9600,'p'),(9600,12800,'p'),(12800,16000,'p'),(16000,19200,'p'),(19200,22400,'p'),(22400,25600,'p'),(25600,28800,'p'),(28800,32000,'p'),(32000,35200,'p'),(35200,38400,'p'),(38400,41600,'p'),(41600,44800,'p'),(44800,48000,'p')]"
606,/Users/ssankey/PycharmProjects/AdvReverb/data/VoxCeleb1/test/id10285/bd0jqkNxNdU/00004.wav,15,"[(0,3200,'p'),(3200,6400,'p'),(6400,9600,'p'),(9600,12800,'p'),(12800,16000,'p'),(16000,19200,'p'),(19200,22400,'p'),(22400,25600,'p'),(25600,28800,'p'),(28800,32000,'p'),(32000,35200,'p'),(35200,38400,'p'),(38400,41600,'p'),(41600,44800,'p'),(44800,48000,'p')]"
607,/Users/ssankey/PycharmProjects/AdvReverb/data/VoxCeleb1/test/id10285/d-ZEojJk-rs/00001.wav,15,"[(0,3200,'p'),(3200,6400,'p'),(6400,9600,'p'),(9600,12800,'p'),(12800,16000,'p'),(16000,19200,'p'),(19200,22400,'p'),(22400,25600,'p'),(25600,28800,'p'),(28800,32000,'p'),(32000,35200,'p'),(35200,38400,'p'),(38400,41600,'p'),(41600,44800,'p'),(44800,48000,'p')]"
608,/Users/ssankey/PycharmProjects/AdvReverb/data/VoxCeleb1/test/id10285/d-ZEojJk-rs/00002.wav,15,"[(0,3200,'p'),(3200,6400,'p'),(6400,9600,'p'),(9600,12800,'p'),(12800,16000,'p'),(16000,19200,'p'),(19200,22400,'p'),(22400,25600,'p'),(25600,28800,'p'),(28800,32000,'p'),(32000,35200,'p'),(35200,38400,'p'),(38400,41600,'p'),(41600,44800,'p'),(44800,48000,'p')]"
609,/Users/ssankey/PycharmProjects/AdvReverb/data/VoxCeleb1/test/id10285/d-ZEojJk-rs/00005.wav,15,"[(0,3200,'p'),(3200,6400,'p'),(6400,9600,'p'),(9600,12800,'p'),(12800,16000,'p'),(16000,19200,'p'),(19200,22400,'p'),(22400,25600,'p'),(25600,28800,'p'),(28800,32000,'p'),(32000,35200,'p'),(35200,38400,'p'),(38400,41600,'p'),(41600,44800,'p'),(44800,48000,'p')]"
610,/Users/ssankey/PycharmProjects/AdvReverb/data/VoxCeleb1/test/id10285/d-ZEojJk-rs/00003.wav,15,"[(0,3200,'p'),(3200,6400,'p'),(6400,9600,'p'),(9600,12800,'p'),(12800,16000,'p'),(16000,19200,'p'),(19200,22400,'p'),(22400,25600,'p'),(25600,28800,'p'),(28800,32000,'p'),(32000,35200,'p'),(35200,38400,'p'),(38400,41600,'p'),(41600,44800,'p'),(44800,48000,'p')]"
611,/Users/ssankey/PycharmProjects/AdvReverb/data/VoxCeleb1/test/id10285/d-ZEojJk-rs/00004.wav,15,"[(0,3200,'p'),(3200,6400,'p'),(6400,9600,'p'),(9600,12800,'p'),(12800,16000,'p'),(16000,19200,'p'),(19200,22400,'p'),(22400,25600,'p'),(25600,28800,'p'),(28800,32000,'p'),(32000,35200,'p'),(35200,38400,'p'),(38400,41600,'p'),(41600,44800,'p'),(44800,48000,'p')]"
612,/Users/ssankey/PycharmProjects/AdvReverb/data/VoxCeleb1/test/id10285/d-ZEojJk-rs/00006.wav,15,"[(0,3200,'p'),(3200,6400,'p'),(6400,9600,'p'),(9600,12800,'p'),(12800,16000,'p'),(16000,19200,'p'),(19200,22400,'p'),(22400,25600,'p'),(25600,28800,'p'),(28800,32000,'p'),(32000,35200,'p'),(35200,38400,'p'),(38400,41600,'p'),(41600,44800,'p'),(44800,48000,'p')]"
613,/Users/ssankey/PycharmProjects/AdvReverb/data/VoxCeleb1/test/id10285/d-ZEojJk-rs/00007.wav,15,"[(0,3200,'p'),(3200,6400,'p'),(6400,9600,'p'),(9600,12800,'p'),(12800,16000,'p'),(16000,19200,'p'),(19200,22400,'p'),(22400,25600,'p'),(25600,28800,'p'),(28800,32000,'p'),(32000,35200,'p'),(35200,38400,'p'),(38400,41600,'p'),(41600,44800,'p'),(44800,48000,'p')]"
614,/Users/ssankey/PycharmProjects/AdvReverb/data/VoxCeleb1/test/id10285/dG-z37iVdzA/00001.wav,15,"[(0,3200,'p'),(3200,6400,'p'),(6400,9600,'p'),(9600,12800,'p'),(12800,16000,'p'),(16000,19200,'p'),(19200,22400,'p'),(22400,25600,'p'),(25600,28800,'p'),(28800,32000,'p'),(32000,35200,'p'),(35200,38400,'p'),(38400,41600,'p'),(41600,44800,'p'),(44800,48000,'p')]"
615,/Users/ssankey/PycharmProjects/AdvReverb/data/VoxCeleb1/test/id10285/eZFHx8-7rX0/00001.wav,15,"[(0,3200,'p'),(3200,6400,'p'),(6400,9600,'p'),(9600,12800,'p'),(12800,16000,'p'),(16000,19200,'p'),(19200,22400,'p'),(22400,25600,'p'),(25600,28800,'p'),(28800,32000,'p'),(32000,35200,'p'),(35200,38400,'p'),(38400,41600,'p'),(41600,44800,'p'),(44800,48000,'p')]"
616,/Users/ssankey/PycharmProjects/AdvReverb/data/VoxCeleb1/test/id10285/FUqAFZmZJ80/00001.wav,15,"[(0,3200,'p'),(3200,6400,'p'),(6400,9600,'p'),(9600,12800,'p'),(12800,16000,'p'),(16000,19200,'p'),(19200,22400,'p'),(22400,25600,'p'),(25600,28800,'p'),(28800,32000,'p'),(32000,35200,'p'),(35200,38400,'p'),(38400,41600,'p'),(41600,44800,'p'),(44800,48000,'p')]"
617,/Users/ssankey/PycharmProjects/AdvReverb/data/VoxCeleb1/test/id10285/FUqAFZmZJ80/00002.wav,15,"[(0,3200,'p'),(3200,6400,'p'),(6400,9600,'p'),(9600,12800,'p'),(12800,16000,'p'),(16000,19200,'p'),(19200,22400,'p'),(22400,25600,'p'),(25600,28800,'p'),(28800,32000,'p'),(32000,35200,'p'),(35200,38400,'p'),(38400,41600,'p'),(41600,44800,'p'),(44800,48000,'p')]"
618,/Users/ssankey/PycharmProjects/AdvReverb/data/VoxCeleb1/test/id10285/FUqAFZmZJ80/00003.wav,15,"[(0,3200,'p'),(3200,6400,'p'),(6400,9600,'p'),(9600,12800,'p'),(12800,16000,'p'),(16000,19200,'p'),(19200,22400,'p'),(22400,25600,'p'),(25600,28800,'p'),(28800,32000,'p'),(32000,35200,'p'),(35200,38400,'p'),(38400,41600,'p'),(41600,44800,'p'),(44800,48000,'p')]"
619,/Users/ssankey/PycharmProjects/AdvReverb/data/VoxCeleb1/test/id10285/FUqAFZmZJ80/00004.wav,15,"[(0,3200,'p'),(3200,6400,'p'),(6400,9600,'p'),(9600,12800,'p'),(12800,16000,'p'),(16000,19200,'p'),(19200,22400,'p'),(22400,25600,'p'),(25600,28800,'p'),(28800,32000,'p'),(32000,35200,'p'),(35200,38400,'p'),(38400,41600,'p'),(41600,44800,'p'),(44800,48000,'p')]"
620,/Users/ssankey/PycharmProjects/AdvReverb/data/VoxCeleb1/test/id10285/FUqAFZmZJ80/00005.wav,15,"[(0,3200,'p'),(3200,6400,'p'),(6400,9600,'p'),(9600,12800,'p'),(12800,16000,'p'),(16000,19200,'p'),(19200,22400,'p'),(22400,25600,'p'),(25600,28800,'p'),(28800,32000,'p'),(32000,35200,'p'),(35200,38400,'p'),(38400,41600,'p'),(41600,44800,'p'),(44800,48000,'p')]"
621,/Users/ssankey/PycharmProjects/AdvReverb/data/VoxCeleb1/test/id10285/FUqAFZmZJ80/00006.wav,15,"[(0,3200,'p'),(3200,6400,'p'),(6400,9600,'p'),(9600,12800,'p'),(12800,16000,'p'),(16000,19200,'p'),(19200,22400,'p'),(22400,25600,'p'),(25600,28800,'p'),(28800,32000,'p'),(32000,35200,'p'),(35200,38400,'p'),(38400,41600,'p'),(41600,44800,'p'),(44800,48000,'p')]"
622,/Users/ssankey/PycharmProjects/AdvReverb/data/VoxCeleb1/test/id10285/FUqAFZmZJ80/00007.wav,15,"[(0,3200,'p'),(3200,6400,'p'),(6400,9600,'p'),(9600,12800,'p'),(12800,16000,'p'),(16000,19200,'p'),(19200,22400,'p'),(22400,25600,'p'),(25600,28800,'p'),(28800,32000,'p'),(32000,35200,'p'),(35200,38400,'p'),(38400,41600,'p'),(41600,44800,'p'),(44800,48000,'p')]"
623,/Users/ssankey/PycharmProjects/AdvReverb/data/VoxCeleb1/test/id10285/FUqAFZmZJ80/00008.wav,15,"[(0,3200,'p'),(3200,6400,'p'),(6400,9600,'p'),(9600,12800,'p'),(12800,16000,'p'),(16000,19200,'p'),(19200,22400,'p'),(22400,25600,'p'),(25600,28800,'p'),(28800,32000,'p'),(32000,35200,'p'),(35200,38400,'p'),(38400,41600,'p'),(41600,44800,'p'),(44800,48000,'p')]"
624,/Users/ssankey/PycharmProjects/AdvReverb/data/VoxCeleb1/test/id10285/FUqAFZmZJ80/00009.wav,15,"[(0,3200,'p'),(3200,6400,'p'),(6400,9600,'p'),(9600,12800,'p'),(12800,16000,'p'),(16000,19200,'p'),(19200,22400,'p'),(22400,25600,'p'),(25600,28800,'p'),(28800,32000,'p'),(32000,35200,'p'),(35200,38400,'p'),(38400,41600,'p'),(41600,44800,'p'),(44800,48000,'p')]"
625,/Users/ssankey/PycharmProjects/AdvReverb/data/VoxCeleb1/test/id10285/FUqAFZmZJ80/00010.wav,15,"[(0,3200,'p'),(3200,6400,'p'),(6400,9600,'p'),(9600,12800,'p'),(12800,16000,'p'),(16000,19200,'p'),(19200,22400,'p'),(22400,25600,'p'),(25600,28800,'p'),(28800,32000,'p'),(32000,35200,'p'),(35200,38400,'p'),(38400,41600,'p'),(41600,44800,'p'),(44800,48000,'p')]"
626,/Users/ssankey/PycharmProjects/AdvReverb/data/VoxCeleb1/test/id10285/FUqAFZmZJ80/00011.wav,15,"[(0,3200,'p'),(3200,6400,'p'),(6400,9600,'p'),(9600,12800,'p'),(12800,16000,'p'),(16000,19200,'p'),(19200,22400,'p'),(22400,25600,'p'),(25600,28800,'p'),(28800,32000,'p'),(32000,35200,'p'),(35200,38400,'p'),(38400,41600,'p'),(41600,44800,'p'),(44800,48000,'p')]"
627,/Users/ssankey/PycharmProjects/AdvReverb/data/VoxCeleb1/test/id10285/FUqAFZmZJ80/00012.wav,15,"[(0,3200,'p'),(3200,6400,'p'),(6400,9600,'p'),(9600,12800,'p'),(12800,16000,'p'),(16000,19200,'p'),(19200,22400,'p'),(22400,25600,'p'),(25600,28800,'p'),(28800,32000,'p'),(32000,35200,'p'),(35200,38400,'p'),(38400,41600,'p'),(41600,44800,'p'),(44800,48000,'p')]"
628,/Users/ssankey/PycharmProjects/AdvReverb/data/VoxCeleb1/test/id10285/FUqAFZmZJ80/00013.wav,15,"[(0,3200,'p'),(3200,6400,'p'),(6400,9600,'p'),(9600,12800,'p'),(12800,16000,'p'),(16000,19200,'p'),(19200,22400,'p'),(22400,25600,'p'),(25600,28800,'p'),(28800,32000,'p'),(32000,35200,'p'),(35200,38400,'p'),(38400,41600,'p'),(41600,44800,'p'),(44800,48000,'p')]"
629,/Users/ssankey/PycharmProjects/AdvReverb/data/VoxCeleb1/test/id10285/FUqAFZmZJ80/00014.wav,15,"[(0,3200,'p'),(3200,6400,'p'),(6400,9600,'p'),(9600,12800,'p'),(12800,16000,'p'),(16000,19200,'p'),(19200,22400,'p'),(22400,25600,'p'),(25600,28800,'p'),(28800,32000,'p'),(32000,35200,'p'),(35200,38400,'p'),(38400,41600,'p'),(41600,44800,'p'),(44800,48000,'p')]"
630,/Users/ssankey/PycharmProjects/AdvReverb/data/VoxCeleb1/test/id10285/FUqAFZmZJ80/00015.wav,15,"[(0,3200,'p'),(3200,6400,'p'),(6400,9600,'p'),(9600,12800,'p'),(12800,16000,'p'),(16000,19200,'p'),(19200,22400,'p'),(22400,25600,'p'),(25600,28800,'p'),(28800,32000,'p'),(32000,35200,'p'),(35200,38400,'p'),(38400,41600,'p'),(41600,44800,'p'),(44800,48000,'p')]"
631,/Users/ssankey/PycharmProjects/AdvReverb/data/VoxCeleb1/test/id10285/FUqAFZmZJ80/00016.wav,15,"[(0,3200,'p'),(3200,6400,'p'),(6400,9600,'p'),(9600,12800,'p'),(12800,16000,'p'),(16000,19200,'p'),(19200,22400,'p'),(22400,25600,'p'),(25600,28800,'p'),(28800,32000,'p'),(32000,35200,'p'),(35200,38400,'p'),(38400,41600,'p'),(41600,44800,'p'),(44800,48000,'p')]"
632,/Users/ssankey/PycharmProjects/AdvReverb/data/VoxCeleb1/test/id10285/FUqAFZmZJ80/00017.wav,15,"[(0,3200,'p'),(3200,6400,'p'),(6400,9600,'p'),(9600,12800,'p'),(12800,16000,'p'),(16000,19200,'p'),(19200,22400,'p'),(22400,25600,'p'),(25600,28800,'p'),(28800,32000,'p'),(32000,35200,'p'),(35200,38400,'p'),(38400,41600,'p'),(41600,44800,'p'),(44800,48000,'p')]"
633,/Users/ssankey/PycharmProjects/AdvReverb/data/VoxCeleb1/test/id10285/FUqAFZmZJ80/00018.wav,15,"[(0,3200,'p'),(3200,6400,'p'),(6400,9600,'p'),(9600,12800,'p'),(12800,16000,'p'),(16000,19200,'p'),(19200,22400,'p'),(22400,25600,'p'),(25600,28800,'p'),(28800,32000,'p'),(32000,35200,'p'),(35200,38400,'p'),(38400,41600,'p'),(41600,44800,'p'),(44800,48000,'p')]"
634,/Users/ssankey/PycharmProjects/AdvReverb/data/VoxCeleb1/test/id10285/FUqAFZmZJ80/00019.wav,15,"[(0,3200,'p'),(3200,6400,'p'),(6400,9600,'p'),(9600,12800,'p'),(12800,16000,'p'),(16000,19200,'p'),(19200,22400,'p'),(22400,25600,'p'),(25600,28800,'p'),(28800,32000,'p'),(32000,35200,'p'),(35200,38400,'p'),(38400,41600,'p'),(41600,44800,'p'),(44800,48000,'p')]"
635,/Users/ssankey/PycharmProjects/AdvReverb/data/VoxCeleb1/test/id10285/FUqAFZmZJ80/00020.wav,15,"[(0,3200,'p'),(3200,6400,'p'),(6400,9600,'p'),(9600,12800,'p'),(12800,16000,'p'),(16000,19200,'p'),(19200,22400,'p'),(22400,25600,'p'),(25600,28800,'p'),(28800,32000,'p'),(32000,35200,'p'),(35200,38400,'p'),(38400,41600,'p'),(41600,44800,'p'),(44800,48000,'p')]"
636,/Users/ssankey/PycharmProjects/AdvReverb/data/VoxCeleb1/test/id10285/FUqAFZmZJ80/00021.wav,15,"[(0,3200,'p'),(3200,6400,'p'),(6400,9600,'p'),(9600,12800,'p'),(12800,16000,'p'),(16000,19200,'p'),(19200,22400,'p'),(22400,25600,'p'),(25600,28800,'p'),(28800,32000,'p'),(32000,35200,'p'),(35200,38400,'p'),(38400,41600,'p'),(41600,44800,'p'),(44800,48000,'p')]"
637,/Users/ssankey/PycharmProjects/AdvReverb/data/VoxCeleb1/test/id10285/LbFFEF1pHO0/00001.wav,15,"[(0,3200,'p'),(3200,6400,'p'),(6400,9600,'p'),(9600,12800,'p'),(12800,16000,'p'),(16000,19200,'p'),(19200,22400,'p'),(22400,25600,'p'),(25600,28800,'p'),(28800,32000,'p'),(32000,35200,'p'),(35200,38400,'p'),(38400,41600,'p'),(41600,44800,'p'),(44800,48000,'p')]"
638,/Users/ssankey/PycharmProjects/AdvReverb/data/VoxCeleb1/test/id10285/LbFFEF1pHO0/00002.wav,15,"[(0,3200,'p'),(3200,6400,'p'),(6400,9600,'p'),(9600,12800,'p'),(12800,16000,'p'),(16000,19200,'p'),(19200,22400,'p'),(22400,25600,'p'),(25600,28800,'p'),(28800,32000,'p'),(32000,35200,'p'),(35200,38400,'p'),(38400,41600,'p'),(41600,44800,'p'),(44800,48000,'p')]"
639,/Users/ssankey/PycharmProjects/AdvReverb/data/VoxCeleb1/test/id10285/LbFFEF1pHO0/00003.wav,15,"[(0,3200,'p'),(3200,6400,'p'),(6400,9600,'p'),(9600,12800,'p'),(12800,16000,'p'),(16000,19200,'p'),(19200,22400,'p'),(22400,25600,'p'),(25600,28800,'p'),(28800,32000,'p'),(32000,35200,'p'),(35200,38400,'p'),(38400,41600,'p'),(41600,44800,'p'),(44800,48000,'p')]"
640,/Users/ssankey/PycharmProjects/AdvReverb/data/VoxCeleb1/test/id10286/4TtOX8dgtYI/00003.wav,16,"[(0,3200,'p'),(3200,6400,'p'),(6400,9600,'p'),(9600,12800,'p'),(12800,16000,'p'),(16000,19200,'p'),(19200,22400,'p'),(22400,25600,'p'),(25600,28800,'p'),(28800,32000,'p'),(32000,35200,'p'),(35200,38400,'p'),(38400,41600,'p'),(41600,44800,'p'),(44800,48000,'p')]"
641,/Users/ssankey/PycharmProjects/AdvReverb/data/VoxCeleb1/test/id10286/4TtOX8dgtYI/00004.wav,16,"[(0,3200,'p'),(3200,6400,'p'),(6400,9600,'p'),(9600,12800,'p'),(12800,16000,'p'),(16000,19200,'p'),(19200,22400,'p'),(22400,25600,'p'),(25600,28800,'p'),(28800,32000,'p'),(32000,35200,'p'),(35200,38400,'p'),(38400,41600,'p'),(41600,44800,'p'),(44800,48000,'p')]"
642,/Users/ssankey/PycharmProjects/AdvReverb/data/VoxCeleb1/test/id10286/7I1GtGzVfmw/00001.wav,16,"[(0,3200,'p'),(3200,6400,'p'),(6400,9600,'p'),(9600,12800,'p'),(12800,16000,'p'),(16000,19200,'p'),(19200,22400,'p'),(22400,25600,'p'),(25600,28800,'p'),(28800,32000,'p'),(32000,35200,'p'),(35200,38400,'p'),(38400,41600,'p'),(41600,44800,'p'),(44800,48000,'p')]"
643,/Users/ssankey/PycharmProjects/AdvReverb/data/VoxCeleb1/test/id10286/7I1GtGzVfmw/00002.wav,16,"[(0,3200,'p'),(3200,6400,'p'),(6400,9600,'p'),(9600,12800,'p'),(12800,16000,'p'),(16000,19200,'p'),(19200,22400,'p'),(22400,25600,'p'),(25600,28800,'p'),(28800,32000,'p'),(32000,35200,'p'),(35200,38400,'p'),(38400,41600,'p'),(41600,44800,'p'),(44800,48000,'p')]"
644,/Users/ssankey/PycharmProjects/AdvReverb/data/VoxCeleb1/test/id10286/7I1GtGzVfmw/00003.wav,16,"[(0,3200,'p'),(3200,6400,'p'),(6400,9600,'p'),(9600,12800,'p'),(12800,16000,'p'),(16000,19200,'p'),(19200,22400,'p'),(22400,25600,'p'),(25600,28800,'p'),(28800,32000,'p'),(32000,35200,'p'),(35200,38400,'p'),(38400,41600,'p'),(41600,44800,'p'),(44800,48000,'p')]"
645,/Users/ssankey/PycharmProjects/AdvReverb/data/VoxCeleb1/test/id10286/7I1GtGzVfmw/00004.wav,16,"[(0,3200,'p'),(3200,6400,'p'),(6400,9600,'p'),(9600,12800,'p'),(12800,16000,'p'),(16000,19200,'p'),(19200,22400,'p'),(22400,25600,'p'),(25600,28800,'p'),(28800,32000,'p'),(32000,35200,'p'),(35200,38400,'p'),(38400,41600,'p'),(41600,44800,'p'),(44800,48000,'p')]"
646,/Users/ssankey/PycharmProjects/AdvReverb/data/VoxCeleb1/test/id10286/7I1GtGzVfmw/00005.wav,16,"[(0,3200,'p'),(3200,6400,'p'),(6400,9600,'p'),(9600,12800,'p'),(12800,16000,'p'),(16000,19200,'p'),(19200,22400,'p'),(22400,25600,'p'),(25600,28800,'p'),(28800,32000,'p'),(32000,35200,'p'),(35200,38400,'p'),(38400,41600,'p'),(41600,44800,'p'),(44800,48000,'p')]"
647,/Users/ssankey/PycharmProjects/AdvReverb/data/VoxCeleb1/test/id10286/7I1GtGzVfmw/00006.wav,16,"[(0,3200,'p'),(3200,6400,'p'),(6400,9600,'p'),(9600,12800,'p'),(12800,16000,'p'),(16000,19200,'p'),(19200,22400,'p'),(22400,25600,'p'),(25600,28800,'p'),(28800,32000,'p'),(32000,35200,'p'),(35200,38400,'p'),(38400,41600,'p'),(41600,44800,'p'),(44800,48000,'p')]"
648,/Users/ssankey/PycharmProjects/AdvReverb/data/VoxCeleb1/test/id10286/7I1GtGzVfmw/00007.wav,16,"[(0,3200,'p'),(3200,6400,'p'),(6400,9600,'p'),(9600,12800,'p'),(12800,16000,'p'),(16000,19200,'p'),(19200,22400,'p'),(22400,25600,'p'),(25600,28800,'p'),(28800,32000,'p'),(32000,35200,'p'),(35200,38400,'p'),(38400,41600,'p'),(41600,44800,'p'),(44800,48000,'p')]"
649,/Users/ssankey/PycharmProjects/AdvReverb/data/VoxCeleb1/test/id10286/7I1GtGzVfmw/00008.wav,16,"[(0,3200,'p'),(3200,6400,'p'),(6400,9600,'p'),(9600,12800,'p'),(12800,16000,'p'),(16000,19200,'p'),(19200,22400,'p'),(22400,25600,'p'),(25600,28800,'p'),(28800,32000,'p'),(32000,35200,'p'),(35200,38400,'p'),(38400,41600,'p'),(41600,44800,'p'),(44800,48000,'p')]"
650,/Users/ssankey/PycharmProjects/AdvReverb/data/VoxCeleb1/test/id10286/7I1GtGzVfmw/00009.wav,16,"[(0,3200,'p'),(3200,6400,'p'),(6400,9600,'p'),(9600,12800,'p'),(12800,16000,'p'),(16000,19200,'p'),(19200,22400,'p'),(22400,25600,'p'),(25600,28800,'p'),(28800,32000,'p'),(32000,35200,'p'),(35200,38400,'p'),(38400,41600,'p'),(41600,44800,'p'),(44800,48000,'p')]"
651,/Users/ssankey/PycharmProjects/AdvReverb/data/VoxCeleb1/test/id10286/7I1GtGzVfmw/00010.wav,16,"[(0,3200,'p'),(3200,6400,'p'),(6400,9600,'p'),(9600,12800,'p'),(12800,16000,'p'),(16000,19200,'p'),(19200,22400,'p'),(22400,25600,'p'),(25600,28800,'p'),(28800,32000,'p'),(32000,35200,'p'),(35200,38400,'p'),(38400,41600,'p'),(41600,44800,'p'),(44800,48000,'p')]"
652,/Users/ssankey/PycharmProjects/AdvReverb/data/VoxCeleb1/test/id10286/7I1GtGzVfmw/00011.wav,16,"[(0,3200,'p'),(3200,6400,'p'),(6400,9600,'p'),(9600,12800,'p'),(12800,16000,'p'),(16000,19200,'p'),(19200,22400,'p'),(22400,25600,'p'),(25600,28800,'p'),(28800,32000,'p'),(32000,35200,'p'),(35200,38400,'p'),(38400,41600,'p'),(41600,44800,'p'),(44800,48000,'p')]"
653,/Users/ssankey/PycharmProjects/AdvReverb/data/VoxCeleb1/test/id10286/7I1GtGzVfmw/00012.wav,16,"[(0,3200,'p'),(3200,6400,'p'),(6400,9600,'p'),(9600,12800,'p'),(12800,16000,'p'),(16000,19200,'p'),(19200,22400,'p'),(22400,25600,'p'),(25600,28800,'p'),(28800,32000,'p'),(32000,35200,'p'),(35200,38400,'p'),(38400,41600,'p'),(41600,44800,'p'),(44800,48000,'p')]"
654,/Users/ssankey/PycharmProjects/AdvReverb/data/VoxCeleb1/test/id10286/7I1GtGzVfmw/00013.wav,16,"[(0,3200,'p'),(3200,6400,'p'),(6400,9600,'p'),(9600,12800,'p'),(12800,16000,'p'),(16000,19200,'p'),(19200,22400,'p'),(22400,25600,'p'),(25600,28800,'p'),(28800,32000,'p'),(32000,35200,'p'),(35200,38400,'p'),(38400,41600,'p'),(41600,44800,'p'),(44800,48000,'p')]"
655,/Users/ssankey/PycharmProjects/AdvReverb/data/VoxCeleb1/test/id10286/7I1GtGzVfmw/00014.wav,16,"[(0,3200,'p'),(3200,6400,'p'),(6400,9600,'p'),(9600,12800,'p'),(12800,16000,'p'),(16000,19200,'p'),(19200,22400,'p'),(22400,25600,'p'),(25600,28800,'p'),(28800,32000,'p'),(32000,35200,'p'),(35200,38400,'p'),(38400,41600,'p'),(41600,44800,'p'),(44800,48000,'p')]"
656,/Users/ssankey/PycharmProjects/AdvReverb/data/VoxCeleb1/test/id10286/7I1GtGzVfmw/00015.wav,16,"[(0,3200,'p'),(3200,6400,'p'),(6400,9600,'p'),(9600,12800,'p'),(12800,16000,'p'),(16000,19200,'p'),(19200,22400,'p'),(22400,25600,'p'),(25600,28800,'p'),(28800,32000,'p'),(32000,35200,'p'),(35200,38400,'p'),(38400,41600,'p'),(41600,44800,'p'),(44800,48000,'p')]"
657,/Users/ssankey/PycharmProjects/AdvReverb/data/VoxCeleb1/test/id10286/7I1GtGzVfmw/00016.wav,16,"[(0,3200,'p'),(3200,6400,'p'),(6400,9600,'p'),(9600,12800,'p'),(12800,16000,'p'),(16000,19200,'p'),(19200,22400,'p'),(22400,25600,'p'),(25600,28800,'p'),(28800,32000,'p'),(32000,35200,'p'),(35200,38400,'p'),(38400,41600,'p'),(41600,44800,'p'),(44800,48000,'p')]"
658,/Users/ssankey/PycharmProjects/AdvReverb/data/VoxCeleb1/test/id10286/9K2YB1d8BqY/00001.wav,16,"[(0,3200,'p'),(3200,6400,'p'),(6400,9600,'p'),(9600,12800,'p'),(12800,16000,'p'),(16000,19200,'p'),(19200,22400,'p'),(22400,25600,'p'),(25600,28800,'p'),(28800,32000,'p'),(32000,35200,'p'),(35200,38400,'p'),(38400,41600,'p'),(41600,44800,'p'),(44800,48000,'p')]"
659,/Users/ssankey/PycharmProjects/AdvReverb/data/VoxCeleb1/test/id10286/9K2YB1d8BqY/00002.wav,16,"[(0,3200,'p'),(3200,6400,'p'),(6400,9600,'p'),(9600,12800,'p'),(12800,16000,'p'),(16000,19200,'p'),(19200,22400,'p'),(22400,25600,'p'),(25600,28800,'p'),(28800,32000,'p'),(32000,35200,'p'),(35200,38400,'p'),(38400,41600,'p'),(41600,44800,'p'),(44800,48000,'p')]"
660,/Users/ssankey/PycharmProjects/AdvReverb/data/VoxCeleb1/test/id10286/9K2YB1d8BqY/00003.wav,16,"[(0,3200,'p'),(3200,6400,'p'),(6400,9600,'p'),(9600,12800,'p'),(12800,16000,'p'),(16000,19200,'p'),(19200,22400,'p'),(22400,25600,'p'),(25600,28800,'p'),(28800,32000,'p'),(32000,35200,'p'),(35200,38400,'p'),(38400,41600,'p'),(41600,44800,'p'),(44800,48000,'p')]"
661,/Users/ssankey/PycharmProjects/AdvReverb/data/VoxCeleb1/test/id10286/9K2YB1d8BqY/00004.wav,16,"[(0,3200,'p'),(3200,6400,'p'),(6400,9600,'p'),(9600,12800,'p'),(12800,16000,'p'),(16000,19200,'p'),(19200,22400,'p'),(22400,25600,'p'),(25600,28800,'p'),(28800,32000,'p'),(32000,35200,'p'),(35200,38400,'p'),(38400,41600,'p'),(41600,44800,'p'),(44800,48000,'p')]"
662,/Users/ssankey/PycharmProjects/AdvReverb/data/VoxCeleb1/test/id10286/9K2YB1d8BqY/00005.wav,16,"[(0,3200,'p'),(3200,6400,'p'),(6400,9600,'p'),(9600,12800,'p'),(12800,16000,'p'),(16000,19200,'p'),(19200,22400,'p'),(22400,25600,'p'),(25600,28800,'p'),(28800,32000,'p'),(32000,35200,'p'),(35200,38400,'p'),(38400,41600,'p'),(41600,44800,'p'),(44800,48000,'p')]"
663,/Users/ssankey/PycharmProjects/AdvReverb/data/VoxCeleb1/test/id10286/9K2YB1d8BqY/00006.wav,16,"[(0,3200,'p'),(3200,6400,'p'),(6400,9600,'p'),(9600,12800,'p'),(12800,16000,'p'),(16000,19200,'p'),(19200,22400,'p'),(22400,25600,'p'),(25600,28800,'p'),(28800,32000,'p'),(32000,35200,'p'),(35200,38400,'p'),(38400,41600,'p'),(41600,44800,'p'),(44800,48000,'p')]"
664,/Users/ssankey/PycharmProjects/AdvReverb/data/VoxCeleb1/test/id10286/9K2YB1d8BqY/00007.wav,16,"[(0,3200,'p'),(3200,6400,'p'),(6400,9600,'p'),(9600,12800,'p'),(12800,16000,'p'),(16000,19200,'p'),(19200,22400,'p'),(22400,25600,'p'),(25600,28800,'p'),(28800,32000,'p'),(32000,35200,'p'),(35200,38400,'p'),(38400,41600,'p'),(41600,44800,'p'),(44800,48000,'p')]"
665,/Users/ssankey/PycharmProjects/AdvReverb/data/VoxCeleb1/test/id10286/9K2YB1d8BqY/00008.wav,16,"[(0,3200,'p'),(3200,6400,'p'),(6400,9600,'p'),(9600,12800,'p'),(12800,16000,'p'),(16000,19200,'p'),(19200,22400,'p'),(22400,25600,'p'),(25600,28800,'p'),(28800,32000,'p'),(32000,35200,'p'),(35200,38400,'p'),(38400,41600,'p'),(41600,44800,'p'),(44800,48000,'p')]"
666,/Users/ssankey/PycharmProjects/AdvReverb/data/VoxCeleb1/test/id10286/9K2YB1d8BqY/00009.wav,16,"[(0,3200,'p'),(3200,6400,'p'),(6400,9600,'p'),(9600,12800,'p'),(12800,16000,'p'),(16000,19200,'p'),(19200,22400,'p'),(22400,25600,'p'),(25600,28800,'p'),(28800,32000,'p'),(32000,35200,'p'),(35200,38400,'p'),(38400,41600,'p'),(41600,44800,'p'),(44800,48000,'p')]"
667,/Users/ssankey/PycharmProjects/AdvReverb/data/VoxCeleb1/test/id10286/9K2YB1d8BqY/00010.wav,16,"[(0,3200,'p'),(3200,6400,'p'),(6400,9600,'p'),(9600,12800,'p'),(12800,16000,'p'),(16000,19200,'p'),(19200,22400,'p'),(22400,25600,'p'),(25600,28800,'p'),(28800,32000,'p'),(32000,35200,'p'),(35200,38400,'p'),(38400,41600,'p'),(41600,44800,'p'),(44800,48000,'p')]"
668,/Users/ssankey/PycharmProjects/AdvReverb/data/VoxCeleb1/test/id10286/9K2YB1d8BqY/00011.wav,16,"[(0,3200,'p'),(3200,6400,'p'),(6400,9600,'p'),(9600,12800,'p'),(12800,16000,'p'),(16000,19200,'p'),(19200,22400,'p'),(22400,25600,'p'),(25600,28800,'p'),(28800,32000,'p'),(32000,35200,'p'),(35200,38400,'p'),(38400,41600,'p'),(41600,44800,'p'),(44800,48000,'p')]"
669,/Users/ssankey/PycharmProjects/AdvReverb/data/VoxCeleb1/test/id10286/9K2YB1d8BqY/00012.wav,16,"[(0,3200,'p'),(3200,6400,'p'),(6400,9600,'p'),(9600,12800,'p'),(12800,16000,'p'),(16000,19200,'p'),(19200,22400,'p'),(22400,25600,'p'),(25600,28800,'p'),(28800,32000,'p'),(32000,35200,'p'),(35200,38400,'p'),(38400,41600,'p'),(41600,44800,'p'),(44800,48000,'p')]"
670,/Users/ssankey/PycharmProjects/AdvReverb/data/VoxCeleb1/test/id10286/9K2YB1d8BqY/00013.wav,16,"[(0,3200,'p'),(3200,6400,'p'),(6400,9600,'p'),(9600,12800,'p'),(12800,16000,'p'),(16000,19200,'p'),(19200,22400,'p'),(22400,25600,'p'),(25600,28800,'p'),(28800,32000,'p'),(32000,35200,'p'),(35200,38400,'p'),(38400,41600,'p'),(41600,44800,'p'),(44800,48000,'p')]"
671,/Users/ssankey/PycharmProjects/AdvReverb/data/VoxCeleb1/test/id10286/9K2YB1d8BqY/00014.wav,16,"[(0,3200,'p'),(3200,6400,'p'),(6400,9600,'p'),(9600,12800,'p'),(12800,16000,'p'),(16000,19200,'p'),(19200,22400,'p'),(22400,25600,'p'),(25600,28800,'p'),(28800,32000,'p'),(32000,35200,'p'),(35200,38400,'p'),(38400,41600,'p'),(41600,44800,'p'),(44800,48000,'p')]"
672,/Users/ssankey/PycharmProjects/AdvReverb/data/VoxCeleb1/test/id10286/9K2YB1d8BqY/00015.wav,16,"[(0,3200,'p'),(3200,6400,'p'),(6400,9600,'p'),(9600,12800,'p'),(12800,16000,'p'),(16000,19200,'p'),(19200,22400,'p'),(22400,25600,'p'),(25600,28800,'p'),(28800,32000,'p'),(32000,35200,'p'),(35200,38400,'p'),(38400,41600,'p'),(41600,44800,'p'),(44800,48000,'p')]"
673,/Users/ssankey/PycharmProjects/AdvReverb/data/VoxCeleb1/test/id10286/9K2YB1d8BqY/00016.wav,16,"[(0,3200,'p'),(3200,6400,'p'),(6400,9600,'p'),(9600,12800,'p'),(12800,16000,'p'),(16000,19200,'p'),(19200,22400,'p'),(22400,25600,'p'),(25600,28800,'p'),(28800,32000,'p'),(32000,35200,'p'),(35200,38400,'p'),(38400,41600,'p'),(41600,44800,'p'),(44800,48000,'p')]"
674,/Users/ssankey/PycharmProjects/AdvReverb/data/VoxCeleb1/test/id10286/9K2YB1d8BqY/00017.wav,16,"[(0,3200,'p'),(3200,6400,'p'),(6400,9600,'p'),(9600,12800,'p'),(12800,16000,'p'),(16000,19200,'p'),(19200,22400,'p'),(22400,25600,'p'),(25600,28800,'p'),(28800,32000,'p'),(32000,35200,'p'),(35200,38400,'p'),(38400,41600,'p'),(41600,44800,'p'),(44800,48000,'p')]"
675,/Users/ssankey/PycharmProjects/AdvReverb/data/VoxCeleb1/test/id10286/9K2YB1d8BqY/00018.wav,16,"[(0,3200,'p'),(3200,6400,'p'),(6400,9600,'p'),(9600,12800,'p'),(12800,16000,'p'),(16000,19200,'p'),(19200,22400,'p'),(22400,25600,'p'),(25600,28800,'p'),(28800,32000,'p'),(32000,35200,'p'),(35200,38400,'p'),(38400,41600,'p'),(41600,44800,'p'),(44800,48000,'p')]"
676,/Users/ssankey/PycharmProjects/AdvReverb/data/VoxCeleb1/test/id10286/a3QzK5pWpI4/00001.wav,16,"[(0,3200,'p'),(3200,6400,'p'),(6400,9600,'p'),(9600,12800,'p'),(12800,16000,'p'),(16000,19200,'p'),(19200,22400,'p'),(22400,25600,'p'),(25600,28800,'p'),(28800,32000,'p'),(32000,35200,'p'),(35200,38400,'p'),(38400,41600,'p'),(41600,44800,'p'),(44800,48000,'p')]"
677,/Users/ssankey/PycharmProjects/AdvReverb/data/VoxCeleb1/test/id10286/cJ40ZqTY3dQ/00001.wav,16,"[(0,3200,'p'),(3200,6400,'p'),(6400,9600,'p'),(9600,12800,'p'),(12800,16000,'p'),(16000,19200,'p'),(19200,22400,'p'),(22400,25600,'p'),(25600,28800,'p'),(28800,32000,'p'),(32000,35200,'p'),(35200,38400,'p'),(38400,41600,'p'),(41600,44800,'p'),(44800,48000,'p')]"
678,/Users/ssankey/PycharmProjects/AdvReverb/data/VoxCeleb1/test/id10286/cJ40ZqTY3dQ/00002.wav,16,"[(0,3200,'p'),(3200,6400,'p'),(6400,9600,'p'),(9600,12800,'p'),(12800,16000,'p'),(16000,19200,'p'),(19200,22400,'p'),(22400,25600,'p'),(25600,28800,'p'),(28800,32000,'p'),(32000,35200,'p'),(35200,38400,'p'),(38400,41600,'p'),(41600,44800,'p'),(44800,48000,'p')]"
679,/Users/ssankey/PycharmProjects/AdvReverb/data/VoxCeleb1/test/id10286/cJ40ZqTY3dQ/00003.wav,16,"[(0,3200,'p'),(3200,6400,'p'),(6400,9600,'p'),(9600,12800,'p'),(12800,16000,'p'),(16000,19200,'p'),(19200,22400,'p'),(22400,25600,'p'),(25600,28800,'p'),(28800,32000,'p'),(32000,35200,'p'),(35200,38400,'p'),(38400,41600,'p'),(41600,44800,'p'),(44800,48000,'p')]"
680,/Users/ssankey/PycharmProjects/AdvReverb/data/VoxCeleb1/test/id10287/2iaCNe7ajII/00004.wav,17,"[(0,3200,'p'),(3200,6400,'p'),(6400,9600,'p'),(9600,12800,'p'),(12800,16000,'p'),(16000,19200,'p'),(19200,22400,'p'),(22400,25600,'p'),(25600,28800,'p'),(28800,32000,'p'),(32000,35200,'p'),(35200,38400,'p'),(38400,41600,'p'),(41600,44800,'p'),(44800,48000,'p')]"
681,/Users/ssankey/PycharmProjects/AdvReverb/data/VoxCeleb1/test/id10287/2iaCNe7ajII/00005.wav,17,"[(0,3200,'p'),(3200,6400,'p'),(6400,9600,'p'),(9600,12800,'p'),(12800,16000,'p'),(16000,19200,'p'),(19200,22400,'p'),(22400,25600,'p'),(25600,28800,'p'),(28800,32000,'p'),(32000,35200,'p'),(35200,38400,'p'),(38400,41600,'p'),(41600,44800,'p'),(44800,48000,'p')]"
682,/Users/ssankey/PycharmProjects/AdvReverb/data/VoxCeleb1/test/id10287/4oOmqI1myzY/00001.wav,17,"[(0,3200,'p'),(3200,6400,'p'),(6400,9600,'p'),(9600,12800,'p'),(12800,16000,'p'),(16000,19200,'p'),(19200,22400,'p'),(22400,25600,'p'),(25600,28800,'p'),(28800,32000,'p'),(32000,35200,'p'),(35200,38400,'p'),(38400,41600,'p'),(41600,44800,'p'),(44800,48000,'p')]"
683,/Users/ssankey/PycharmProjects/AdvReverb/data/VoxCeleb1/test/id10287/4oOmqI1myzY/00002.wav,17,"[(0,3200,'p'),(3200,6400,'p'),(6400,9600,'p'),(9600,12800,'p'),(12800,16000,'p'),(16000,19200,'p'),(19200,22400,'p'),(22400,25600,'p'),(25600,28800,'p'),(28800,32000,'p'),(32000,35200,'p'),(35200,38400,'p'),(38400,41600,'p'),(41600,44800,'p'),(44800,48000,'p')]"
684,/Users/ssankey/PycharmProjects/AdvReverb/data/VoxCeleb1/test/id10287/4SgMBa9MUvc/00001.wav,17,"[(0,3200,'p'),(3200,6400,'p'),(6400,9600,'p'),(9600,12800,'p'),(12800,16000,'p'),(16000,19200,'p'),(19200,22400,'p'),(22400,25600,'p'),(25600,28800,'p'),(28800,32000,'p'),(32000,35200,'p'),(35200,38400,'p'),(38400,41600,'p'),(41600,44800,'p'),(44800,48000,'p')]"
685,/Users/ssankey/PycharmProjects/AdvReverb/data/VoxCeleb1/test/id10287/4SgMBa9MUvc/00002.wav,17,"[(0,3200,'p'),(3200,6400,'p'),(6400,9600,'p'),(9600,12800,'p'),(12800,16000,'p'),(16000,19200,'p'),(19200,22400,'p'),(22400,25600,'p'),(25600,28800,'p'),(28800,32000,'p'),(32000,35200,'p'),(35200,38400,'p'),(38400,41600,'p'),(41600,44800,'p'),(44800,48000,'p')]"
686,/Users/ssankey/PycharmProjects/AdvReverb/data/VoxCeleb1/test/id10287/8vC0LQMqy8Y/00001.wav,17,"[(0,3200,'p'),(3200,6400,'p'),(6400,9600,'p'),(9600,12800,'p'),(12800,16000,'p'),(16000,19200,'p'),(19200,22400,'p'),(22400,25600,'p'),(25600,28800,'p'),(28800,32000,'p'),(32000,35200,'p'),(35200,38400,'p'),(38400,41600,'p'),(41600,44800,'p'),(44800,48000,'p')]"
687,/Users/ssankey/PycharmProjects/AdvReverb/data/VoxCeleb1/test/id10287/8vC0LQMqy8Y/00002.wav,17,"[(0,3200,'p'),(3200,6400,'p'),(6400,9600,'p'),(9600,12800,'p'),(12800,16000,'p'),(16000,19200,'p'),(19200,22400,'p'),(22400,25600,'p'),(25600,28800,'p'),(28800,32000,'p'),(32000,35200,'p'),(35200,38400,'p'),(38400,41600,'p'),(41600,44800,'p'),(44800,48000,'p')]"
688,/Users/ssankey/PycharmProjects/AdvReverb/data/VoxCeleb1/test/id10287/bP0bKbQQlzc/00001.wav,17,"[(0,3200,'p'),(3200,6400,'p'),(6400,9600,'p'),(9600,12800,'p'),(12800,16000,'p'),(16000,19200,'p'),(19200,22400,'p'),(22400,25600,'p'),(25600,28800,'p'),(28800,32000,'p'),(32000,35200,'p'),(35200,38400,'p'),(38400,41600,'p'),(41600,44800,'p'),(44800,48000,'p')]"
689,/Users/ssankey/PycharmProjects/AdvReverb/data/VoxCeleb1/test/id10287/bP0bKbQQlzc/00002.wav,17,"[(0,3200,'p'),(3200,6400,'p'),(6400,9600,'p'),(9600,12800,'p'),(12800,16000,'p'),(16000,19200,'p'),(19200,22400,'p'),(22400,25600,'p'),(25600,28800,'p'),(28800,32000,'p'),(32000,35200,'p'),(35200,38400,'p'),(38400,41600,'p'),(41600,44800,'p'),(44800,48000,'p')]"
690,/Users/ssankey/PycharmProjects/AdvReverb/data/VoxCeleb1/test/id10287/bP0bKbQQlzc/00003.wav,17,"[(0,3200,'p'),(3200,6400,'p'),(6400,9600,'p'),(9600,12800,'p'),(12800,16000,'p'),(16000,19200,'p'),(19200,22400,'p'),(22400,25600,'p'),(25600,28800,'p'),(28800,32000,'p'),(32000,35200,'p'),(35200,38400,'p'),(38400,41600,'p'),(41600,44800,'p'),(44800,48000,'p')]"
691,/Users/ssankey/PycharmProjects/AdvReverb/data/VoxCeleb1/test/id10287/bP0bKbQQlzc/00004.wav,17,"[(0,3200,'p'),(3200,6400,'p'),(6400,9600,'p'),(9600,12800,'p'),(12800,16000,'p'),(16000,19200,'p'),(19200,22400,'p'),(22400,25600,'p'),(25600,28800,'p'),(28800,32000,'p'),(32000,35200,'p'),(35200,38400,'p'),(38400,41600,'p'),(41600,44800,'p'),(44800,48000,'p')]"
692,/Users/ssankey/PycharmProjects/AdvReverb/data/VoxCeleb1/test/id10287/bP0bKbQQlzc/00005.wav,17,"[(0,3200,'p'),(3200,6400,'p'),(6400,9600,'p'),(9600,12800,'p'),(12800,16000,'p'),(16000,19200,'p'),(19200,22400,'p'),(22400,25600,'p'),(25600,28800,'p'),(28800,32000,'p'),(32000,35200,'p'),(35200,38400,'p'),(38400,41600,'p'),(41600,44800,'p'),(44800,48000,'p')]"
693,/Users/ssankey/PycharmProjects/AdvReverb/data/VoxCeleb1/test/id10287/I99R40TUF1s/00001.wav,17,"[(0,3200,'p'),(3200,6400,'p'),(6400,9600,'p'),(9600,12800,'p'),(12800,16000,'p'),(16000,19200,'p'),(19200,22400,'p'),(22400,25600,'p'),(25600,28800,'p'),(28800,32000,'p'),(32000,35200,'p'),(35200,38400,'p'),(38400,41600,'p'),(41600,44800,'p'),(44800,48000,'p')]"
694,/Users/ssankey/PycharmProjects/AdvReverb/data/VoxCeleb1/test/id10287/I99R40TUF1s/00002.wav,17,"[(0,3200,'p'),(3200,6400,'p'),(6400,9600,'p'),(9600,12800,'p'),(12800,16000,'p'),(16000,19200,'p'),(19200,22400,'p'),(22400,25600,'p'),(25600,28800,'p'),(28800,32000,'p'),(32000,35200,'p'),(35200,38400,'p'),(38400,41600,'p'),(41600,44800,'p'),(44800,48000,'p')]"
695,/Users/ssankey/PycharmProjects/AdvReverb/data/VoxCeleb1/test/id10287/I99R40TUF1s/00003.wav,17,"[(0,3200,'p'),(3200,6400,'p'),(6400,9600,'p'),(9600,12800,'p'),(12800,16000,'p'),(16000,19200,'p'),(19200,22400,'p'),(22400,25600,'p'),(25600,28800,'p'),(28800,32000,'p'),(32000,35200,'p'),(35200,38400,'p'),(38400,41600,'p'),(41600,44800,'p'),(44800,48000,'p')]"
696,/Users/ssankey/PycharmProjects/AdvReverb/data/VoxCeleb1/test/id10287/I99R40TUF1s/00004.wav,17,"[(0,3200,'p'),(3200,6400,'p'),(6400,9600,'p'),(9600,12800,'p'),(12800,16000,'p'),(16000,19200,'p'),(19200,22400,'p'),(22400,25600,'p'),(25600,28800,'p'),(28800,32000,'p'),(32000,35200,'p'),(35200,38400,'p'),(38400,41600,'p'),(41600,44800,'p'),(44800,48000,'p')]"
697,/Users/ssankey/PycharmProjects/AdvReverb/data/VoxCeleb1/test/id10287/I99R40TUF1s/00005.wav,17,"[(0,3200,'p'),(3200,6400,'p'),(6400,9600,'p'),(9600,12800,'p'),(12800,16000,'p'),(16000,19200,'p'),(19200,22400,'p'),(22400,25600,'p'),(25600,28800,'p'),(28800,32000,'p'),(32000,35200,'p'),(35200,38400,'p'),(38400,41600,'p'),(41600,44800,'p'),(44800,48000,'p')]"
698,/Users/ssankey/PycharmProjects/AdvReverb/data/VoxCeleb1/test/id10287/I99R40TUF1s/00006.wav,17,"[(0,3200,'p'),(3200,6400,'p'),(6400,9600,'p'),(9600,12800,'p'),(12800,16000,'p'),(16000,19200,'p'),(19200,22400,'p'),(22400,25600,'p'),(25600,28800,'p'),(28800,32000,'p'),(32000,35200,'p'),(35200,38400,'p'),(38400,41600,'p'),(41600,44800,'p'),(44800,48000,'p')]"
699,/Users/ssankey/PycharmProjects/AdvReverb/data/VoxCeleb1/test/id10287/I99R40TUF1s/00007.wav,17,"[(0,3200,'p'),(3200,6400,'p'),(6400,9600,'p'),(9600,12800,'p'),(12800,16000,'p'),(16000,19200,'p'),(19200,22400,'p'),(22400,25600,'p'),(25600,28800,'p'),(28800,32000,'p'),(32000,35200,'p'),(35200,38400,'p'),(38400,41600,'p'),(41600,44800,'p'),(44800,48000,'p')]"
700,/Users/ssankey/PycharmProjects/AdvReverb/data/VoxCeleb1/test/id10287/I99R40TUF1s/00008.wav,17,"[(0,3200,'p'),(3200,6400,'p'),(6400,9600,'p'),(9600,12800,'p'),(12800,16000,'p'),(16000,19200,'p'),(19200,22400,'p'),(22400,25600,'p'),(25600,28800,'p'),(28800,32000,'p'),(32000,35200,'p'),(35200,38400,'p'),(38400,41600,'p'),(41600,44800,'p'),(44800,48000,'p')]"
701,/Users/ssankey/PycharmProjects/AdvReverb/data/VoxCeleb1/test/id10287/I99R40TUF1s/00009.wav,17,"[(0,3200,'p'),(3200,6400,'p'),(6400,9600,'p'),(9600,12800,'p'),(12800,16000,'p'),(16000,19200,'p'),(19200,22400,'p'),(22400,25600,'p'),(25600,28800,'p'),(28800,32000,'p'),(32000,35200,'p'),(35200,38400,'p'),(38400,41600,'p'),(41600,44800,'p'),(44800,48000,'p')]"
702,/Users/ssankey/PycharmProjects/AdvReverb/data/VoxCeleb1/test/id10287/I99R40TUF1s/00010.wav,17,"[(0,3200,'p'),(3200,6400,'p'),(6400,9600,'p'),(9600,12800,'p'),(12800,16000,'p'),(16000,19200,'p'),(19200,22400,'p'),(22400,25600,'p'),(25600,28800,'p'),(28800,32000,'p'),(32000,35200,'p'),(35200,38400,'p'),(38400,41600,'p'),(41600,44800,'p'),(44800,48000,'p')]"
703,/Users/ssankey/PycharmProjects/AdvReverb/data/VoxCeleb1/test/id10287/I99R40TUF1s/00011.wav,17,"[(0,3200,'p'),(3200,6400,'p'),(6400,9600,'p'),(9600,12800,'p'),(12800,16000,'p'),(16000,19200,'p'),(19200,22400,'p'),(22400,25600,'p'),(25600,28800,'p'),(28800,32000,'p'),(32000,35200,'p'),(35200,38400,'p'),(38400,41600,'p'),(41600,44800,'p'),(44800,48000,'p')]"
704,/Users/ssankey/PycharmProjects/AdvReverb/data/VoxCeleb1/test/id10287/I99R40TUF1s/00012.wav,17,"[(0,3200,'p'),(3200,6400,'p'),(6400,9600,'p'),(9600,12800,'p'),(12800,16000,'p'),(16000,19200,'p'),(19200,22400,'p'),(22400,25600,'p'),(25600,28800,'p'),(28800,32000,'p'),(32000,35200,'p'),(35200,38400,'p'),(38400,41600,'p'),(41600,44800,'p'),(44800,48000,'p')]"
705,/Users/ssankey/PycharmProjects/AdvReverb/data/VoxCeleb1/test/id10287/I99R40TUF1s/00013.wav,17,"[(0,3200,'p'),(3200,6400,'p'),(6400,9600,'p'),(9600,12800,'p'),(12800,16000,'p'),(16000,19200,'p'),(19200,22400,'p'),(22400,25600,'p'),(25600,28800,'p'),(28800,32000,'p'),(32000,35200,'p'),(35200,38400,'p'),(38400,41600,'p'),(41600,44800,'p'),(44800,48000,'p')]"
706,/Users/ssankey/PycharmProjects/AdvReverb/data/VoxCeleb1/test/id10287/I99R40TUF1s/00014.wav,17,"[(0,3200,'p'),(3200,6400,'p'),(6400,9600,'p'),(9600,12800,'p'),(12800,16000,'p'),(16000,19200,'p'),(19200,22400,'p'),(22400,25600,'p'),(25600,28800,'p'),(28800,32000,'p'),(32000,35200,'p'),(35200,38400,'p'),(38400,41600,'p'),(41600,44800,'p'),(44800,48000,'p')]"
707,/Users/ssankey/PycharmProjects/AdvReverb/data/VoxCeleb1/test/id10287/I99R40TUF1s/00015.wav,17,"[(0,3200,'p'),(3200,6400,'p'),(6400,9600,'p'),(9600,12800,'p'),(12800,16000,'p'),(16000,19200,'p'),(19200,22400,'p'),(22400,25600,'p'),(25600,28800,'p'),(28800,32000,'p'),(32000,35200,'p'),(35200,38400,'p'),(38400,41600,'p'),(41600,44800,'p'),(44800,48000,'p')]"
708,/Users/ssankey/PycharmProjects/AdvReverb/data/VoxCeleb1/test/id10287/I99R40TUF1s/00016.wav,17,"[(0,3200,'p'),(3200,6400,'p'),(6400,9600,'p'),(9600,12800,'p'),(12800,16000,'p'),(16000,19200,'p'),(19200,22400,'p'),(22400,25600,'p'),(25600,28800,'p'),(28800,32000,'p'),(32000,35200,'p'),(35200,38400,'p'),(38400,41600,'p'),(41600,44800,'p'),(44800,48000,'p')]"
709,/Users/ssankey/PycharmProjects/AdvReverb/data/VoxCeleb1/test/id10287/I99R40TUF1s/00017.wav,17,"[(0,3200,'p'),(3200,6400,'p'),(6400,9600,'p'),(9600,12800,'p'),(12800,16000,'p'),(16000,19200,'p'),(19200,22400,'p'),(22400,25600,'p'),(25600,28800,'p'),(28800,32000,'p'),(32000,35200,'p'),(35200,38400,'p'),(38400,41600,'p'),(41600,44800,'p'),(44800,48000,'p')]"
710,/Users/ssankey/PycharmProjects/AdvReverb/data/VoxCeleb1/test/id10287/I99R40TUF1s/00018.wav,17,"[(0,3200,'p'),(3200,6400,'p'),(6400,9600,'p'),(9600,12800,'p'),(12800,16000,'p'),(16000,19200,'p'),(19200,22400,'p'),(22400,25600,'p'),(25600,28800,'p'),(28800,32000,'p'),(32000,35200,'p'),(35200,38400,'p'),(38400,41600,'p'),(41600,44800,'p'),(44800,48000,'p')]"
711,/Users/ssankey/PycharmProjects/AdvReverb/data/VoxCeleb1/test/id10287/I99R40TUF1s/00019.wav,17,"[(0,3200,'p'),(3200,6400,'p'),(6400,9600,'p'),(9600,12800,'p'),(12800,16000,'p'),(16000,19200,'p'),(19200,22400,'p'),(22400,25600,'p'),(25600,28800,'p'),(28800,32000,'p'),(32000,35200,'p'),(35200,38400,'p'),(38400,41600,'p'),(41600,44800,'p'),(44800,48000,'p')]"
712,/Users/ssankey/PycharmProjects/AdvReverb/data/VoxCeleb1/test/id10287/I99R40TUF1s/00020.wav,17,"[(0,3200,'p'),(3200,6400,'p'),(6400,9600,'p'),(9600,12800,'p'),(12800,16000,'p'),(16000,19200,'p'),(19200,22400,'p'),(22400,25600,'p'),(25600,28800,'p'),(28800,32000,'p'),(32000,35200,'p'),(35200,38400,'p'),(38400,41600,'p'),(41600,44800,'p'),(44800,48000,'p')]"
713,/Users/ssankey/PycharmProjects/AdvReverb/data/VoxCeleb1/test/id10287/MHoaMi5hKkE/00001.wav,17,"[(0,3200,'p'),(3200,6400,'p'),(6400,9600,'p'),(9600,12800,'p'),(12800,16000,'p'),(16000,19200,'p'),(19200,22400,'p'),(22400,25600,'p'),(25600,28800,'p'),(28800,32000,'p'),(32000,35200,'p'),(35200,38400,'p'),(38400,41600,'p'),(41600,44800,'p'),(44800,48000,'p')]"
714,/Users/ssankey/PycharmProjects/AdvReverb/data/VoxCeleb1/test/id10287/MHoaMi5hKkE/00002.wav,17,"[(0,3200,'p'),(3200,6400,'p'),(6400,9600,'p'),(9600,12800,'p'),(12800,16000,'p'),(16000,19200,'p'),(19200,22400,'p'),(22400,25600,'p'),(25600,28800,'p'),(28800,32000,'p'),(32000,35200,'p'),(35200,38400,'p'),(38400,41600,'p'),(41600,44800,'p'),(44800,48000,'p')]"
715,/Users/ssankey/PycharmProjects/AdvReverb/data/VoxCeleb1/test/id10287/MHoaMi5hKkE/00003.wav,17,"[(0,3200,'p'),(3200,6400,'p'),(6400,9600,'p'),(9600,12800,'p'),(12800,16000,'p'),(16000,19200,'p'),(19200,22400,'p'),(22400,25600,'p'),(25600,28800,'p'),(28800,32000,'p'),(32000,35200,'p'),(35200,38400,'p'),(38400,41600,'p'),(41600,44800,'p'),(44800,48000,'p')]"
716,/Users/ssankey/PycharmProjects/AdvReverb/data/VoxCeleb1/test/id10287/nJkteFlsqPk/00001.wav,17,"[(0,3200,'p'),(3200,6400,'p'),(6400,9600,'p'),(9600,12800,'p'),(12800,16000,'p'),(16000,19200,'p'),(19200,22400,'p'),(22400,25600,'p'),(25600,28800,'p'),(28800,32000,'p'),(32000,35200,'p'),(35200,38400,'p'),(38400,41600,'p'),(41600,44800,'p'),(44800,48000,'p')]"
717,/Users/ssankey/PycharmProjects/AdvReverb/data/VoxCeleb1/test/id10287/RfDogGJ-UnM/00001.wav,17,"[(0,3200,'p'),(3200,6400,'p'),(6400,9600,'p'),(9600,12800,'p'),(12800,16000,'p'),(16000,19200,'p'),(19200,22400,'p'),(22400,25600,'p'),(25600,28800,'p'),(28800,32000,'p'),(32000,35200,'p'),(35200,38400,'p'),(38400,41600,'p'),(41600,44800,'p'),(44800,48000,'p')]"
718,/Users/ssankey/PycharmProjects/AdvReverb/data/VoxCeleb1/test/id10287/RfDogGJ-UnM/00002.wav,17,"[(0,3200,'p'),(3200,6400,'p'),(6400,9600,'p'),(9600,12800,'p'),(12800,16000,'p'),(16000,19200,'p'),(19200,22400,'p'),(22400,25600,'p'),(25600,28800,'p'),(28800,32000,'p'),(32000,35200,'p'),(35200,38400,'p'),(38400,41600,'p'),(41600,44800,'p'),(44800,48000,'p')]"
719,/Users/ssankey/PycharmProjects/AdvReverb/data/VoxCeleb1/test/id10287/ryVdclLx7Yo/00001.wav,17,"[(0,3200,'p'),(3200,6400,'p'),(6400,9600,'p'),(9600,12800,'p'),(12800,16000,'p'),(16000,19200,'p'),(19200,22400,'p'),(22400,25600,'p'),(25600,28800,'p'),(28800,32000,'p'),(32000,35200,'p'),(35200,38400,'p'),(38400,41600,'p'),(41600,44800,'p'),(44800,48000,'p')]"
720,/Users/ssankey/PycharmProjects/AdvReverb/data/VoxCeleb1/test/id10288/A3ZvNuG8_oM/00004.wav,18,"[(0,3200,'p'),(3200,6400,'p'),(6400,9600,'p'),(9600,12800,'p'),(12800,16000,'p'),(16000,19200,'p'),(19200,22400,'p'),(22400,25600,'p'),(25600,28800,'p'),(28800,32000,'p'),(32000,35200,'p'),(35200,38400,'p'),(38400,41600,'p'),(41600,44800,'p'),(44800,48000,'p')]"
721,/Users/ssankey/PycharmProjects/AdvReverb/data/VoxCeleb1/test/id10288/A3ZvNuG8_oM/00005.wav,18,"[(0,3200,'p'),(3200,6400,'p'),(6400,9600,'p'),(9600,12800,'p'),(12800,16000,'p'),(16000,19200,'p'),(19200,22400,'p'),(22400,25600,'p'),(25600,28800,'p'),(28800,32000,'p'),(32000,35200,'p'),(35200,38400,'p'),(38400,41600,'p'),(41600,44800,'p'),(44800,48000,'p')]"
722,/Users/ssankey/PycharmProjects/AdvReverb/data/VoxCeleb1/test/id10288/A3ZvNuG8_oM/00006.wav,18,"[(0,3200,'p'),(3200,6400,'p'),(6400,9600,'p'),(9600,12800,'p'),(12800,16000,'p'),(16000,19200,'p'),(19200,22400,'p'),(22400,25600,'p'),(25600,28800,'p'),(28800,32000,'p'),(32000,35200,'p'),(35200,38400,'p'),(38400,41600,'p'),(41600,44800,'p'),(44800,48000,'p')]"
723,/Users/ssankey/PycharmProjects/AdvReverb/data/VoxCeleb1/test/id10288/A3ZvNuG8_oM/00007.wav,18,"[(0,3200,'p'),(3200,6400,'p'),(6400,9600,'p'),(9600,12800,'p'),(12800,16000,'p'),(16000,19200,'p'),(19200,22400,'p'),(22400,25600,'p'),(25600,28800,'p'),(28800,32000,'p'),(32000,35200,'p'),(35200,38400,'p'),(38400,41600,'p'),(41600,44800,'p'),(44800,48000,'p')]"
724,/Users/ssankey/PycharmProjects/AdvReverb/data/VoxCeleb1/test/id10288/A3ZvNuG8_oM/00008.wav,18,"[(0,3200,'p'),(3200,6400,'p'),(6400,9600,'p'),(9600,12800,'p'),(12800,16000,'p'),(16000,19200,'p'),(19200,22400,'p'),(22400,25600,'p'),(25600,28800,'p'),(28800,32000,'p'),(32000,35200,'p'),(35200,38400,'p'),(38400,41600,'p'),(41600,44800,'p'),(44800,48000,'p')]"
725,/Users/ssankey/PycharmProjects/AdvReverb/data/VoxCeleb1/test/id10288/A3ZvNuG8_oM/00009.wav,18,"[(0,3200,'p'),(3200,6400,'p'),(6400,9600,'p'),(9600,12800,'p'),(12800,16000,'p'),(16000,19200,'p'),(19200,22400,'p'),(22400,25600,'p'),(25600,28800,'p'),(28800,32000,'p'),(32000,35200,'p'),(35200,38400,'p'),(38400,41600,'p'),(41600,44800,'p'),(44800,48000,'p')]"
726,/Users/ssankey/PycharmProjects/AdvReverb/data/VoxCeleb1/test/id10288/A3ZvNuG8_oM/00010.wav,18,"[(0,3200,'p'),(3200,6400,'p'),(6400,9600,'p'),(9600,12800,'p'),(12800,16000,'p'),(16000,19200,'p'),(19200,22400,'p'),(22400,25600,'p'),(25600,28800,'p'),(28800,32000,'p'),(32000,35200,'p'),(35200,38400,'p'),(38400,41600,'p'),(41600,44800,'p'),(44800,48000,'p')]"
727,/Users/ssankey/PycharmProjects/AdvReverb/data/VoxCeleb1/test/id10288/A3ZvNuG8_oM/00011.wav,18,"[(0,3200,'p'),(3200,6400,'p'),(6400,9600,'p'),(9600,12800,'p'),(12800,16000,'p'),(16000,19200,'p'),(19200,22400,'p'),(22400,25600,'p'),(25600,28800,'p'),(28800,32000,'p'),(32000,35200,'p'),(35200,38400,'p'),(38400,41600,'p'),(41600,44800,'p'),(44800,48000,'p')]"
728,/Users/ssankey/PycharmProjects/AdvReverb/data/VoxCeleb1/test/id10288/A3ZvNuG8_oM/00012.wav,18,"[(0,3200,'p'),(3200,6400,'p'),(6400,9600,'p'),(9600,12800,'p'),(12800,16000,'p'),(16000,19200,'p'),(19200,22400,'p'),(22400,25600,'p'),(25600,28800,'p'),(28800,32000,'p'),(32000,35200,'p'),(35200,38400,'p'),(38400,41600,'p'),(41600,44800,'p'),(44800,48000,'p')]"
729,/Users/ssankey/PycharmProjects/AdvReverb/data/VoxCeleb1/test/id10288/A3ZvNuG8_oM/00013.wav,18,"[(0,3200,'p'),(3200,6400,'p'),(6400,9600,'p'),(9600,12800,'p'),(12800,16000,'p'),(16000,19200,'p'),(19200,22400,'p'),(22400,25600,'p'),(25600,28800,'p'),(28800,32000,'p'),(32000,35200,'p'),(35200,38400,'p'),(38400,41600,'p'),(41600,44800,'p'),(44800,48000,'p')]"
730,/Users/ssankey/PycharmProjects/AdvReverb/data/VoxCeleb1/test/id10288/CGFR9WP0Rno/00001.wav,18,"[(0,3200,'p'),(3200,6400,'p'),(6400,9600,'p'),(9600,12800,'p'),(12800,16000,'p'),(16000,19200,'p'),(19200,22400,'p'),(22400,25600,'p'),(25600,28800,'p'),(28800,32000,'p'),(32000,35200,'p'),(35200,38400,'p'),(38400,41600,'p'),(41600,44800,'p'),(44800,48000,'p')]"
731,/Users/ssankey/PycharmProjects/AdvReverb/data/VoxCeleb1/test/id10288/dRr05CxK0jQ/00001.wav,18,"[(0,3200,'p'),(3200,6400,'p'),(6400,9600,'p'),(9600,12800,'p'),(12800,16000,'p'),(16000,19200,'p'),(19200,22400,'p'),(22400,25600,'p'),(25600,28800,'p'),(28800,32000,'p'),(32000,35200,'p'),(35200,38400,'p'),(38400,41600,'p'),(41600,44800,'p'),(44800,48000,'p')]"
732,/Users/ssankey/PycharmProjects/AdvReverb/data/VoxCeleb1/test/id10288/dRr05CxK0jQ/00002.wav,18,"[(0,3200,'p'),(3200,6400,'p'),(6400,9600,'p'),(9600,12800,'p'),(12800,16000,'p'),(16000,19200,'p'),(19200,22400,'p'),(22400,25600,'p'),(25600,28800,'p'),(28800,32000,'p'),(32000,35200,'p'),(35200,38400,'p'),(38400,41600,'p'),(41600,44800,'p'),(44800,48000,'p')]"
733,/Users/ssankey/PycharmProjects/AdvReverb/data/VoxCeleb1/test/id10288/dRr05CxK0jQ/00004.wav,18,"[(0,3200,'p'),(3200,6400,'p'),(6400,9600,'p'),(9600,12800,'p'),(12800,16000,'p'),(16000,19200,'p'),(19200,22400,'p'),(22400,25600,'p'),(25600,28800,'p'),(28800,32000,'p'),(32000,35200,'p'),(35200,38400,'p'),(38400,41600,'p'),(41600,44800,'p'),(44800,48000,'p')]"
734,/Users/ssankey/PycharmProjects/AdvReverb/data/VoxCeleb1/test/id10288/dRr05CxK0jQ/00003.wav,18,"[(0,3200,'p'),(3200,6400,'p'),(6400,9600,'p'),(9600,12800,'p'),(12800,16000,'p'),(16000,19200,'p'),(19200,22400,'p'),(22400,25600,'p'),(25600,28800,'p'),(28800,32000,'p'),(32000,35200,'p'),(35200,38400,'p'),(38400,41600,'p'),(41600,44800,'p'),(44800,48000,'p')]"
735,/Users/ssankey/PycharmProjects/AdvReverb/data/VoxCeleb1/test/id10288/dRr05CxK0jQ/00005.wav,18,"[(0,3200,'p'),(3200,6400,'p'),(6400,9600,'p'),(9600,12800,'p'),(12800,16000,'p'),(16000,19200,'p'),(19200,22400,'p'),(22400,25600,'p'),(25600,28800,'p'),(28800,32000,'p'),(32000,35200,'p'),(35200,38400,'p'),(38400,41600,'p'),(41600,44800,'p'),(44800,48000,'p')]"
736,/Users/ssankey/PycharmProjects/AdvReverb/data/VoxCeleb1/test/id10288/DyK7j3QIO9c/00001.wav,18,"[(0,3200,'p'),(3200,6400,'p'),(6400,9600,'p'),(9600,12800,'p'),(12800,16000,'p'),(16000,19200,'p'),(19200,22400,'p'),(22400,25600,'p'),(25600,28800,'p'),(28800,32000,'p'),(32000,35200,'p'),(35200,38400,'p'),(38400,41600,'p'),(41600,44800,'p'),(44800,48000,'p')]"
737,/Users/ssankey/PycharmProjects/AdvReverb/data/VoxCeleb1/test/id10288/FIxC_PNJNkc/00004.wav,18,"[(0,3200,'p'),(3200,6400,'p'),(6400,9600,'p'),(9600,12800,'p'),(12800,16000,'p'),(16000,19200,'p'),(19200,22400,'p'),(22400,25600,'p'),(25600,28800,'p'),(28800,32000,'p'),(32000,35200,'p'),(35200,38400,'p'),(38400,41600,'p'),(41600,44800,'p'),(44800,48000,'p')]"
738,/Users/ssankey/PycharmProjects/AdvReverb/data/VoxCeleb1/test/id10288/FIxC_PNJNkc/00001.wav,18,"[(0,3200,'p'),(3200,6400,'p'),(6400,9600,'p'),(9600,12800,'p'),(12800,16000,'p'),(16000,19200,'p'),(19200,22400,'p'),(22400,25600,'p'),(25600,28800,'p'),(28800,32000,'p'),(32000,35200,'p'),(35200,38400,'p'),(38400,41600,'p'),(41600,44800,'p'),(44800,48000,'p')]"
739,/Users/ssankey/PycharmProjects/AdvReverb/data/VoxCeleb1/test/id10288/FIxC_PNJNkc/00002.wav,18,"[(0,3200,'p'),(3200,6400,'p'),(6400,9600,'p'),(9600,12800,'p'),(12800,16000,'p'),(16000,19200,'p'),(19200,22400,'p'),(22400,25600,'p'),(25600,28800,'p'),(28800,32000,'p'),(32000,35200,'p'),(35200,38400,'p'),(38400,41600,'p'),(41600,44800,'p'),(44800,48000,'p')]"
740,/Users/ssankey/PycharmProjects/AdvReverb/data/VoxCeleb1/test/id10288/FIxC_PNJNkc/00003.wav,18,"[(0,3200,'p'),(3200,6400,'p'),(6400,9600,'p'),(9600,12800,'p'),(12800,16000,'p'),(16000,19200,'p'),(19200,22400,'p'),(22400,25600,'p'),(25600,28800,'p'),(28800,32000,'p'),(32000,35200,'p'),(35200,38400,'p'),(38400,41600,'p'),(41600,44800,'p'),(44800,48000,'p')]"
741,/Users/ssankey/PycharmProjects/AdvReverb/data/VoxCeleb1/test/id10288/FIxC_PNJNkc/00005.wav,18,"[(0,3200,'p'),(3200,6400,'p'),(6400,9600,'p'),(9600,12800,'p'),(12800,16000,'p'),(16000,19200,'p'),(19200,22400,'p'),(22400,25600,'p'),(25600,28800,'p'),(28800,32000,'p'),(32000,35200,'p'),(35200,38400,'p'),(38400,41600,'p'),(41600,44800,'p'),(44800,48000,'p')]"
742,/Users/ssankey/PycharmProjects/AdvReverb/data/VoxCeleb1/test/id10288/FIxC_PNJNkc/00006.wav,18,"[(0,3200,'p'),(3200,6400,'p'),(6400,9600,'p'),(9600,12800,'p'),(12800,16000,'p'),(16000,19200,'p'),(19200,22400,'p'),(22400,25600,'p'),(25600,28800,'p'),(28800,32000,'p'),(32000,35200,'p'),(35200,38400,'p'),(38400,41600,'p'),(41600,44800,'p'),(44800,48000,'p')]"
743,/Users/ssankey/PycharmProjects/AdvReverb/data/VoxCeleb1/test/id10288/FIxC_PNJNkc/00007.wav,18,"[(0,3200,'p'),(3200,6400,'p'),(6400,9600,'p'),(9600,12800,'p'),(12800,16000,'p'),(16000,19200,'p'),(19200,22400,'p'),(22400,25600,'p'),(25600,28800,'p'),(28800,32000,'p'),(32000,35200,'p'),(35200,38400,'p'),(38400,41600,'p'),(41600,44800,'p'),(44800,48000,'p')]"
744,/Users/ssankey/PycharmProjects/AdvReverb/data/VoxCeleb1/test/id10288/FIxC_PNJNkc/00008.wav,18,"[(0,3200,'p'),(3200,6400,'p'),(6400,9600,'p'),(9600,12800,'p'),(12800,16000,'p'),(16000,19200,'p'),(19200,22400,'p'),(22400,25600,'p'),(25600,28800,'p'),(28800,32000,'p'),(32000,35200,'p'),(35200,38400,'p'),(38400,41600,'p'),(41600,44800,'p'),(44800,48000,'p')]"
745,/Users/ssankey/PycharmProjects/AdvReverb/data/VoxCeleb1/test/id10288/FIxC_PNJNkc/00009.wav,18,"[(0,3200,'p'),(3200,6400,'p'),(6400,9600,'p'),(9600,12800,'p'),(12800,16000,'p'),(16000,19200,'p'),(19200,22400,'p'),(22400,25600,'p'),(25600,28800,'p'),(28800,32000,'p'),(32000,35200,'p'),(35200,38400,'p'),(38400,41600,'p'),(41600,44800,'p'),(44800,48000,'p')]"
746,/Users/ssankey/PycharmProjects/AdvReverb/data/VoxCeleb1/test/id10288/JzNVSA7eFwc/00001.wav,18,"[(0,3200,'p'),(3200,6400,'p'),(6400,9600,'p'),(9600,12800,'p'),(12800,16000,'p'),(16000,19200,'p'),(19200,22400,'p'),(22400,25600,'p'),(25600,28800,'p'),(28800,32000,'p'),(32000,35200,'p'),(35200,38400,'p'),(38400,41600,'p'),(41600,44800,'p'),(44800,48000,'p')]"
747,/Users/ssankey/PycharmProjects/AdvReverb/data/VoxCeleb1/test/id10288/JzNVSA7eFwc/00002.wav,18,"[(0,3200,'p'),(3200,6400,'p'),(6400,9600,'p'),(9600,12800,'p'),(12800,16000,'p'),(16000,19200,'p'),(19200,22400,'p'),(22400,25600,'p'),(25600,28800,'p'),(28800,32000,'p'),(32000,35200,'p'),(35200,38400,'p'),(38400,41600,'p'),(41600,44800,'p'),(44800,48000,'p')]"
748,/Users/ssankey/PycharmProjects/AdvReverb/data/VoxCeleb1/test/id10288/JzNVSA7eFwc/00003.wav,18,"[(0,3200,'p'),(3200,6400,'p'),(6400,9600,'p'),(9600,12800,'p'),(12800,16000,'p'),(16000,19200,'p'),(19200,22400,'p'),(22400,25600,'p'),(25600,28800,'p'),(28800,32000,'p'),(32000,35200,'p'),(35200,38400,'p'),(38400,41600,'p'),(41600,44800,'p'),(44800,48000,'p')]"
749,/Users/ssankey/PycharmProjects/AdvReverb/data/VoxCeleb1/test/id10288/JzNVSA7eFwc/00004.wav,18,"[(0,3200,'p'),(3200,6400,'p'),(6400,9600,'p'),(9600,12800,'p'),(12800,16000,'p'),(16000,19200,'p'),(19200,22400,'p'),(22400,25600,'p'),(25600,28800,'p'),(28800,32000,'p'),(32000,35200,'p'),(35200,38400,'p'),(38400,41600,'p'),(41600,44800,'p'),(44800,48000,'p')]"
750,/Users/ssankey/PycharmProjects/AdvReverb/data/VoxCeleb1/test/id10288/JzNVSA7eFwc/00005.wav,18,"[(0,3200,'p'),(3200,6400,'p'),(6400,9600,'p'),(9600,12800,'p'),(12800,16000,'p'),(16000,19200,'p'),(19200,22400,'p'),(22400,25600,'p'),(25600,28800,'p'),(28800,32000,'p'),(32000,35200,'p'),(35200,38400,'p'),(38400,41600,'p'),(41600,44800,'p'),(44800,48000,'p')]"
751,/Users/ssankey/PycharmProjects/AdvReverb/data/VoxCeleb1/test/id10288/JzNVSA7eFwc/00006.wav,18,"[(0,3200,'p'),(3200,6400,'p'),(6400,9600,'p'),(9600,12800,'p'),(12800,16000,'p'),(16000,19200,'p'),(19200,22400,'p'),(22400,25600,'p'),(25600,28800,'p'),(28800,32000,'p'),(32000,35200,'p'),(35200,38400,'p'),(38400,41600,'p'),(41600,44800,'p'),(44800,48000,'p')]"
752,/Users/ssankey/PycharmProjects/AdvReverb/data/VoxCeleb1/test/id10288/JzNVSA7eFwc/00007.wav,18,"[(0,3200,'p'),(3200,6400,'p'),(6400,9600,'p'),(9600,12800,'p'),(12800,16000,'p'),(16000,19200,'p'),(19200,22400,'p'),(22400,25600,'p'),(25600,28800,'p'),(28800,32000,'p'),(32000,35200,'p'),(35200,38400,'p'),(38400,41600,'p'),(41600,44800,'p'),(44800,48000,'p')]"
753,/Users/ssankey/PycharmProjects/AdvReverb/data/VoxCeleb1/test/id10288/mMHfMIiIQP0/00001.wav,18,"[(0,3200,'p'),(3200,6400,'p'),(6400,9600,'p'),(9600,12800,'p'),(12800,16000,'p'),(16000,19200,'p'),(19200,22400,'p'),(22400,25600,'p'),(25600,28800,'p'),(28800,32000,'p'),(32000,35200,'p'),(35200,38400,'p'),(38400,41600,'p'),(41600,44800,'p'),(44800,48000,'p')]"
754,/Users/ssankey/PycharmProjects/AdvReverb/data/VoxCeleb1/test/id10288/owPgCDQ_URk/00001.wav,18,"[(0,3200,'p'),(3200,6400,'p'),(6400,9600,'p'),(9600,12800,'p'),(12800,16000,'p'),(16000,19200,'p'),(19200,22400,'p'),(22400,25600,'p'),(25600,28800,'p'),(28800,32000,'p'),(32000,35200,'p'),(35200,38400,'p'),(38400,41600,'p'),(41600,44800,'p'),(44800,48000,'p')]"
755,/Users/ssankey/PycharmProjects/AdvReverb/data/VoxCeleb1/test/id10288/R4S2c-NiPfA/00002.wav,18,"[(0,3200,'p'),(3200,6400,'p'),(6400,9600,'p'),(9600,12800,'p'),(12800,16000,'p'),(16000,19200,'p'),(19200,22400,'p'),(22400,25600,'p'),(25600,28800,'p'),(28800,32000,'p'),(32000,35200,'p'),(35200,38400,'p'),(38400,41600,'p'),(41600,44800,'p'),(44800,48000,'p')]"
756,/Users/ssankey/PycharmProjects/AdvReverb/data/VoxCeleb1/test/id10288/R4S2c-NiPfA/00001.wav,18,"[(0,3200,'p'),(3200,6400,'p'),(6400,9600,'p'),(9600,12800,'p'),(12800,16000,'p'),(16000,19200,'p'),(19200,22400,'p'),(22400,25600,'p'),(25600,28800,'p'),(28800,32000,'p'),(32000,35200,'p'),(35200,38400,'p'),(38400,41600,'p'),(41600,44800,'p'),(44800,48000,'p')]"
757,/Users/ssankey/PycharmProjects/AdvReverb/data/VoxCeleb1/test/id10288/R4S2c-NiPfA/00003.wav,18,"[(0,3200,'p'),(3200,6400,'p'),(6400,9600,'p'),(9600,12800,'p'),(12800,16000,'p'),(16000,19200,'p'),(19200,22400,'p'),(22400,25600,'p'),(25600,28800,'p'),(28800,32000,'p'),(32000,35200,'p'),(35200,38400,'p'),(38400,41600,'p'),(41600,44800,'p'),(44800,48000,'p')]"
758,/Users/ssankey/PycharmProjects/AdvReverb/data/VoxCeleb1/test/id10288/R4S2c-NiPfA/00004.wav,18,"[(0,3200,'p'),(3200,6400,'p'),(6400,9600,'p'),(9600,12800,'p'),(12800,16000,'p'),(16000,19200,'p'),(19200,22400,'p'),(22400,25600,'p'),(25600,28800,'p'),(28800,32000,'p'),(32000,35200,'p'),(35200,38400,'p'),(38400,41600,'p'),(41600,44800,'p'),(44800,48000,'p')]"
759,/Users/ssankey/PycharmProjects/AdvReverb/data/VoxCeleb1/test/id10288/R4S2c-NiPfA/00005.wav,18,"[(0,3200,'p'),(3200,6400,'p'),(6400,9600,'p'),(9600,12800,'p'),(12800,16000,'p'),(16000,19200,'p'),(19200,22400,'p'),(22400,25600,'p'),(25600,28800,'p'),(28800,32000,'p'),(32000,35200,'p'),(35200,38400,'p'),(38400,41600,'p'),(41600,44800,'p'),(44800,48000,'p')]"
760,/Users/ssankey/PycharmProjects/AdvReverb/data/VoxCeleb1/test/id10289/3g9CjhcNEWk/00002.wav,19,"[(0,3200,'p'),(3200,6400,'p'),(6400,9600,'p'),(9600,12800,'p'),(12800,16000,'p'),(16000,19200,'p'),(19200,22400,'p'),(22400,25600,'p'),(25600,28800,'p'),(28800,32000,'p'),(32000,35200,'p'),(35200,38400,'p'),(38400,41600,'p'),(41600,44800,'p'),(44800,48000,'p')]"
761,/Users/ssankey/PycharmProjects/AdvReverb/data/VoxCeleb1/test/id10289/3g9CjhcNEWk/00004.wav,19,"[(0,3200,'p'),(3200,6400,'p'),(6400,9600,'p'),(9600,12800,'p'),(12800,16000,'p'),(16000,19200,'p'),(19200,22400,'p'),(22400,25600,'p'),(25600,28800,'p'),(28800,32000,'p'),(32000,35200,'p'),(35200,38400,'p'),(38400,41600,'p'),(41600,44800,'p'),(44800,48000,'p')]"
762,/Users/ssankey/PycharmProjects/AdvReverb/data/VoxCeleb1/test/id10289/3g9CjhcNEWk/00006.wav,19,"[(0,3200,'p'),(3200,6400,'p'),(6400,9600,'p'),(9600,12800,'p'),(12800,16000,'p'),(16000,19200,'p'),(19200,22400,'p'),(22400,25600,'p'),(25600,28800,'p'),(28800,32000,'p'),(32000,35200,'p'),(35200,38400,'p'),(38400,41600,'p'),(41600,44800,'p'),(44800,48000,'p')]"
763,/Users/ssankey/PycharmProjects/AdvReverb/data/VoxCeleb1/test/id10289/3g9CjhcNEWk/00005.wav,19,"[(0,3200,'p'),(3200,6400,'p'),(6400,9600,'p'),(9600,12800,'p'),(12800,16000,'p'),(16000,19200,'p'),(19200,22400,'p'),(22400,25600,'p'),(25600,28800,'p'),(28800,32000,'p'),(32000,35200,'p'),(35200,38400,'p'),(38400,41600,'p'),(41600,44800,'p'),(44800,48000,'p')]"
764,/Users/ssankey/PycharmProjects/AdvReverb/data/VoxCeleb1/test/id10289/3g9CjhcNEWk/00007.wav,19,"[(0,3200,'p'),(3200,6400,'p'),(6400,9600,'p'),(9600,12800,'p'),(12800,16000,'p'),(16000,19200,'p'),(19200,22400,'p'),(22400,25600,'p'),(25600,28800,'p'),(28800,32000,'p'),(32000,35200,'p'),(35200,38400,'p'),(38400,41600,'p'),(41600,44800,'p'),(44800,48000,'p')]"
765,/Users/ssankey/PycharmProjects/AdvReverb/data/VoxCeleb1/test/id10289/3g9CjhcNEWk/00008.wav,19,"[(0,3200,'p'),(3200,6400,'p'),(6400,9600,'p'),(9600,12800,'p'),(12800,16000,'p'),(16000,19200,'p'),(19200,22400,'p'),(22400,25600,'p'),(25600,28800,'p'),(28800,32000,'p'),(32000,35200,'p'),(35200,38400,'p'),(38400,41600,'p'),(41600,44800,'p'),(44800,48000,'p')]"
766,/Users/ssankey/PycharmProjects/AdvReverb/data/VoxCeleb1/test/id10289/3g9CjhcNEWk/00009.wav,19,"[(0,3200,'p'),(3200,6400,'p'),(6400,9600,'p'),(9600,12800,'p'),(12800,16000,'p'),(16000,19200,'p'),(19200,22400,'p'),(22400,25600,'p'),(25600,28800,'p'),(28800,32000,'p'),(32000,35200,'p'),(35200,38400,'p'),(38400,41600,'p'),(41600,44800,'p'),(44800,48000,'p')]"
767,/Users/ssankey/PycharmProjects/AdvReverb/data/VoxCeleb1/test/id10289/3g9CjhcNEWk/00010.wav,19,"[(0,3200,'p'),(3200,6400,'p'),(6400,9600,'p'),(9600,12800,'p'),(12800,16000,'p'),(16000,19200,'p'),(19200,22400,'p'),(22400,25600,'p'),(25600,28800,'p'),(28800,32000,'p'),(32000,35200,'p'),(35200,38400,'p'),(38400,41600,'p'),(41600,44800,'p'),(44800,48000,'p')]"
768,/Users/ssankey/PycharmProjects/AdvReverb/data/VoxCeleb1/test/id10289/3g9CjhcNEWk/00011.wav,19,"[(0,3200,'p'),(3200,6400,'p'),(6400,9600,'p'),(9600,12800,'p'),(12800,16000,'p'),(16000,19200,'p'),(19200,22400,'p'),(22400,25600,'p'),(25600,28800,'p'),(28800,32000,'p'),(32000,35200,'p'),(35200,38400,'p'),(38400,41600,'p'),(41600,44800,'p'),(44800,48000,'p')]"
769,/Users/ssankey/PycharmProjects/AdvReverb/data/VoxCeleb1/test/id10289/3g9CjhcNEWk/00012.wav,19,"[(0,3200,'p'),(3200,6400,'p'),(6400,9600,'p'),(9600,12800,'p'),(12800,16000,'p'),(16000,19200,'p'),(19200,22400,'p'),(22400,25600,'p'),(25600,28800,'p'),(28800,32000,'p'),(32000,35200,'p'),(35200,38400,'p'),(38400,41600,'p'),(41600,44800,'p'),(44800,48000,'p')]"
770,/Users/ssankey/PycharmProjects/AdvReverb/data/VoxCeleb1/test/id10289/3g9CjhcNEWk/00013.wav,19,"[(0,3200,'p'),(3200,6400,'p'),(6400,9600,'p'),(9600,12800,'p'),(12800,16000,'p'),(16000,19200,'p'),(19200,22400,'p'),(22400,25600,'p'),(25600,28800,'p'),(28800,32000,'p'),(32000,35200,'p'),(35200,38400,'p'),(38400,41600,'p'),(41600,44800,'p'),(44800,48000,'p')]"
771,/Users/ssankey/PycharmProjects/AdvReverb/data/VoxCeleb1/test/id10289/3g9CjhcNEWk/00014.wav,19,"[(0,3200,'p'),(3200,6400,'p'),(6400,9600,'p'),(9600,12800,'p'),(12800,16000,'p'),(16000,19200,'p'),(19200,22400,'p'),(22400,25600,'p'),(25600,28800,'p'),(28800,32000,'p'),(32000,35200,'p'),(35200,38400,'p'),(38400,41600,'p'),(41600,44800,'p'),(44800,48000,'p')]"
772,/Users/ssankey/PycharmProjects/AdvReverb/data/VoxCeleb1/test/id10289/7UePD3HoAS8/00001.wav,19,"[(0,3200,'p'),(3200,6400,'p'),(6400,9600,'p'),(9600,12800,'p'),(12800,16000,'p'),(16000,19200,'p'),(19200,22400,'p'),(22400,25600,'p'),(25600,28800,'p'),(28800,32000,'p'),(32000,35200,'p'),(35200,38400,'p'),(38400,41600,'p'),(41600,44800,'p'),(44800,48000,'p')]"
773,/Users/ssankey/PycharmProjects/AdvReverb/data/VoxCeleb1/test/id10289/7UePD3HoAS8/00002.wav,19,"[(0,3200,'p'),(3200,6400,'p'),(6400,9600,'p'),(9600,12800,'p'),(12800,16000,'p'),(16000,19200,'p'),(19200,22400,'p'),(22400,25600,'p'),(25600,28800,'p'),(28800,32000,'p'),(32000,35200,'p'),(35200,38400,'p'),(38400,41600,'p'),(41600,44800,'p'),(44800,48000,'p')]"
774,/Users/ssankey/PycharmProjects/AdvReverb/data/VoxCeleb1/test/id10289/7UePD3HoAS8/00003.wav,19,"[(0,3200,'p'),(3200,6400,'p'),(6400,9600,'p'),(9600,12800,'p'),(12800,16000,'p'),(16000,19200,'p'),(19200,22400,'p'),(22400,25600,'p'),(25600,28800,'p'),(28800,32000,'p'),(32000,35200,'p'),(35200,38400,'p'),(38400,41600,'p'),(41600,44800,'p'),(44800,48000,'p')]"
775,/Users/ssankey/PycharmProjects/AdvReverb/data/VoxCeleb1/test/id10289/7UePD3HoAS8/00004.wav,19,"[(0,3200,'p'),(3200,6400,'p'),(6400,9600,'p'),(9600,12800,'p'),(12800,16000,'p'),(16000,19200,'p'),(19200,22400,'p'),(22400,25600,'p'),(25600,28800,'p'),(28800,32000,'p'),(32000,35200,'p'),(35200,38400,'p'),(38400,41600,'p'),(41600,44800,'p'),(44800,48000,'p')]"
776,/Users/ssankey/PycharmProjects/AdvReverb/data/VoxCeleb1/test/id10289/7UePD3HoAS8/00005.wav,19,"[(0,3200,'p'),(3200,6400,'p'),(6400,9600,'p'),(9600,12800,'p'),(12800,16000,'p'),(16000,19200,'p'),(19200,22400,'p'),(22400,25600,'p'),(25600,28800,'p'),(28800,32000,'p'),(32000,35200,'p'),(35200,38400,'p'),(38400,41600,'p'),(41600,44800,'p'),(44800,48000,'p')]"
777,/Users/ssankey/PycharmProjects/AdvReverb/data/VoxCeleb1/test/id10289/7UePD3HoAS8/00006.wav,19,"[(0,3200,'p'),(3200,6400,'p'),(6400,9600,'p'),(9600,12800,'p'),(12800,16000,'p'),(16000,19200,'p'),(19200,22400,'p'),(22400,25600,'p'),(25600,28800,'p'),(28800,32000,'p'),(32000,35200,'p'),(35200,38400,'p'),(38400,41600,'p'),(41600,44800,'p'),(44800,48000,'p')]"
778,/Users/ssankey/PycharmProjects/AdvReverb/data/VoxCeleb1/test/id10289/7UePD3HoAS8/00007.wav,19,"[(0,3200,'p'),(3200,6400,'p'),(6400,9600,'p'),(9600,12800,'p'),(12800,16000,'p'),(16000,19200,'p'),(19200,22400,'p'),(22400,25600,'p'),(25600,28800,'p'),(28800,32000,'p'),(32000,35200,'p'),(35200,38400,'p'),(38400,41600,'p'),(41600,44800,'p'),(44800,48000,'p')]"
779,/Users/ssankey/PycharmProjects/AdvReverb/data/VoxCeleb1/test/id10289/8l5ZnDf-FUA/00001.wav,19,"[(0,3200,'p'),(3200,6400,'p'),(6400,9600,'p'),(9600,12800,'p'),(12800,16000,'p'),(16000,19200,'p'),(19200,22400,'p'),(22400,25600,'p'),(25600,28800,'p'),(28800,32000,'p'),(32000,35200,'p'),(35200,38400,'p'),(38400,41600,'p'),(41600,44800,'p'),(44800,48000,'p')]"
780,/Users/ssankey/PycharmProjects/AdvReverb/data/VoxCeleb1/test/id10289/8l5ZnDf-FUA/00002.wav,19,"[(0,3200,'p'),(3200,6400,'p'),(6400,9600,'p'),(9600,12800,'p'),(12800,16000,'p'),(16000,19200,'p'),(19200,22400,'p'),(22400,25600,'p'),(25600,28800,'p'),(28800,32000,'p'),(32000,35200,'p'),(35200,38400,'p'),(38400,41600,'p'),(41600,44800,'p'),(44800,48000,'p')]"
781,/Users/ssankey/PycharmProjects/AdvReverb/data/VoxCeleb1/test/id10289/8l5ZnDf-FUA/00003.wav,19,"[(0,3200,'p'),(3200,6400,'p'),(6400,9600,'p'),(9600,12800,'p'),(12800,16000,'p'),(16000,19200,'p'),(19200,22400,'p'),(22400,25600,'p'),(25600,28800,'p'),(28800,32000,'p'),(32000,35200,'p'),(35200,38400,'p'),(38400,41600,'p'),(41600,44800,'p'),(44800,48000,'p')]"
782,/Users/ssankey/PycharmProjects/AdvReverb/data/VoxCeleb1/test/id10289/8l5ZnDf-FUA/00004.wav,19,"[(0,3200,'p'),(3200,6400,'p'),(6400,9600,'p'),(9600,12800,'p'),(12800,16000,'p'),(16000,19200,'p'),(19200,22400,'p'),(22400,25600,'p'),(25600,28800,'p'),(28800,32000,'p'),(32000,35200,'p'),(35200,38400,'p'),(38400,41600,'p'),(41600,44800,'p'),(44800,48000,'p')]"
783,/Users/ssankey/PycharmProjects/AdvReverb/data/VoxCeleb1/test/id10289/8l5ZnDf-FUA/00005.wav,19,"[(0,3200,'p'),(3200,6400,'p'),(6400,9600,'p'),(9600,12800,'p'),(12800,16000,'p'),(16000,19200,'p'),(19200,22400,'p'),(22400,25600,'p'),(25600,28800,'p'),(28800,32000,'p'),(32000,35200,'p'),(35200,38400,'p'),(38400,41600,'p'),(41600,44800,'p'),(44800,48000,'p')]"
784,/Users/ssankey/PycharmProjects/AdvReverb/data/VoxCeleb1/test/id10289/8l5ZnDf-FUA/00007.wav,19,"[(0,3200,'p'),(3200,6400,'p'),(6400,9600,'p'),(9600,12800,'p'),(12800,16000,'p'),(16000,19200,'p'),(19200,22400,'p'),(22400,25600,'p'),(25600,28800,'p'),(28800,32000,'p'),(32000,35200,'p'),(35200,38400,'p'),(38400,41600,'p'),(41600,44800,'p'),(44800,48000,'p')]"
785,/Users/ssankey/PycharmProjects/AdvReverb/data/VoxCeleb1/test/id10289/8l5ZnDf-FUA/00006.wav,19,"[(0,3200,'p'),(3200,6400,'p'),(6400,9600,'p'),(9600,12800,'p'),(12800,16000,'p'),(16000,19200,'p'),(19200,22400,'p'),(22400,25600,'p'),(25600,28800,'p'),(28800,32000,'p'),(32000,35200,'p'),(35200,38400,'p'),(38400,41600,'p'),(41600,44800,'p'),(44800,48000,'p')]"
786,/Users/ssankey/PycharmProjects/AdvReverb/data/VoxCeleb1/test/id10289/8l5ZnDf-FUA/00008.wav,19,"[(0,3200,'p'),(3200,6400,'p'),(6400,9600,'p'),(9600,12800,'p'),(12800,16000,'p'),(16000,19200,'p'),(19200,22400,'p'),(22400,25600,'p'),(25600,28800,'p'),(28800,32000,'p'),(32000,35200,'p'),(35200,38400,'p'),(38400,41600,'p'),(41600,44800,'p'),(44800,48000,'p')]"
787,/Users/ssankey/PycharmProjects/AdvReverb/data/VoxCeleb1/test/id10289/8l5ZnDf-FUA/00009.wav,19,"[(0,3200,'p'),(3200,6400,'p'),(6400,9600,'p'),(9600,12800,'p'),(12800,16000,'p'),(16000,19200,'p'),(19200,22400,'p'),(22400,25600,'p'),(25600,28800,'p'),(28800,32000,'p'),(32000,35200,'p'),(35200,38400,'p'),(38400,41600,'p'),(41600,44800,'p'),(44800,48000,'p')]"
788,/Users/ssankey/PycharmProjects/AdvReverb/data/VoxCeleb1/test/id10289/8l5ZnDf-FUA/00010.wav,19,"[(0,3200,'p'),(3200,6400,'p'),(6400,9600,'p'),(9600,12800,'p'),(12800,16000,'p'),(16000,19200,'p'),(19200,22400,'p'),(22400,25600,'p'),(25600,28800,'p'),(28800,32000,'p'),(32000,35200,'p'),(35200,38400,'p'),(38400,41600,'p'),(41600,44800,'p'),(44800,48000,'p')]"
789,/Users/ssankey/PycharmProjects/AdvReverb/data/VoxCeleb1/test/id10289/8l5ZnDf-FUA/00011.wav,19,"[(0,3200,'p'),(3200,6400,'p'),(6400,9600,'p'),(9600,12800,'p'),(12800,16000,'p'),(16000,19200,'p'),(19200,22400,'p'),(22400,25600,'p'),(25600,28800,'p'),(28800,32000,'p'),(32000,35200,'p'),(35200,38400,'p'),(38400,41600,'p'),(41600,44800,'p'),(44800,48000,'p')]"
790,/Users/ssankey/PycharmProjects/AdvReverb/data/VoxCeleb1/test/id10289/8l5ZnDf-FUA/00012.wav,19,"[(0,3200,'p'),(3200,6400,'p'),(6400,9600,'p'),(9600,12800,'p'),(12800,16000,'p'),(16000,19200,'p'),(19200,22400,'p'),(22400,25600,'p'),(25600,28800,'p'),(28800,32000,'p'),(32000,35200,'p'),(35200,38400,'p'),(38400,41600,'p'),(41600,44800,'p'),(44800,48000,'p')]"
791,/Users/ssankey/PycharmProjects/AdvReverb/data/VoxCeleb1/test/id10289/8l5ZnDf-FUA/00013.wav,19,"[(0,3200,'p'),(3200,6400,'p'),(6400,9600,'p'),(9600,12800,'p'),(12800,16000,'p'),(16000,19200,'p'),(19200,22400,'p'),(22400,25600,'p'),(25600,28800,'p'),(28800,32000,'p'),(32000,35200,'p'),(35200,38400,'p'),(38400,41600,'p'),(41600,44800,'p'),(44800,48000,'p')]"
792,/Users/ssankey/PycharmProjects/AdvReverb/data/VoxCeleb1/test/id10289/8l5ZnDf-FUA/00014.wav,19,"[(0,3200,'p'),(3200,6400,'p'),(6400,9600,'p'),(9600,12800,'p'),(12800,16000,'p'),(16000,19200,'p'),(19200,22400,'p'),(22400,25600,'p'),(25600,28800,'p'),(28800,32000,'p'),(32000,35200,'p'),(35200,38400,'p'),(38400,41600,'p'),(41600,44800,'p'),(44800,48000,'p')]"
793,/Users/ssankey/PycharmProjects/AdvReverb/data/VoxCeleb1/test/id10289/8l5ZnDf-FUA/00015.wav,19,"[(0,3200,'p'),(3200,6400,'p'),(6400,9600,'p'),(9600,12800,'p'),(12800,16000,'p'),(16000,19200,'p'),(19200,22400,'p'),(22400,25600,'p'),(25600,28800,'p'),(28800,32000,'p'),(32000,35200,'p'),(35200,38400,'p'),(38400,41600,'p'),(41600,44800,'p'),(44800,48000,'p')]"
794,/Users/ssankey/PycharmProjects/AdvReverb/data/VoxCeleb1/test/id10289/8l5ZnDf-FUA/00016.wav,19,"[(0,3200,'p'),(3200,6400,'p'),(6400,9600,'p'),(9600,12800,'p'),(12800,16000,'p'),(16000,19200,'p'),(19200,22400,'p'),(22400,25600,'p'),(25600,28800,'p'),(28800,32000,'p'),(32000,35200,'p'),(35200,38400,'p'),(38400,41600,'p'),(41600,44800,'p'),(44800,48000,'p')]"
795,/Users/ssankey/PycharmProjects/AdvReverb/data/VoxCeleb1/test/id10289/8l5ZnDf-FUA/00017.wav,19,"[(0,3200,'p'),(3200,6400,'p'),(6400,9600,'p'),(9600,12800,'p'),(12800,16000,'p'),(16000,19200,'p'),(19200,22400,'p'),(22400,25600,'p'),(25600,28800,'p'),(28800,32000,'p'),(32000,35200,'p'),(35200,38400,'p'),(38400,41600,'p'),(41600,44800,'p'),(44800,48000,'p')]"
796,/Users/ssankey/PycharmProjects/AdvReverb/data/VoxCeleb1/test/id10289/8l5ZnDf-FUA/00018.wav,19,"[(0,3200,'p'),(3200,6400,'p'),(6400,9600,'p'),(9600,12800,'p'),(12800,16000,'p'),(16000,19200,'p'),(19200,22400,'p'),(22400,25600,'p'),(25600,28800,'p'),(28800,32000,'p'),(32000,35200,'p'),(35200,38400,'p'),(38400,41600,'p'),(41600,44800,'p'),(44800,48000,'p')]"
797,/Users/ssankey/PycharmProjects/AdvReverb/data/VoxCeleb1/test/id10289/8l5ZnDf-FUA/00019.wav,19,"[(0,3200,'p'),(3200,6400,'p'),(6400,9600,'p'),(9600,12800,'p'),(12800,16000,'p'),(16000,19200,'p'),(19200,22400,'p'),(22400,25600,'p'),(25600,28800,'p'),(28800,32000,'p'),(32000,35200,'p'),(35200,38400,'p'),(38400,41600,'p'),(41600,44800,'p'),(44800,48000,'p')]"
798,/Users/ssankey/PycharmProjects/AdvReverb/data/VoxCeleb1/test/id10289/8l5ZnDf-FUA/00020.wav,19,"[(0,3200,'p'),(3200,6400,'p'),(6400,9600,'p'),(9600,12800,'p'),(12800,16000,'p'),(16000,19200,'p'),(19200,22400,'p'),(22400,25600,'p'),(25600,28800,'p'),(28800,32000,'p'),(32000,35200,'p'),(35200,38400,'p'),(38400,41600,'p'),(41600,44800,'p'),(44800,48000,'p')]"
799,/Users/ssankey/PycharmProjects/AdvReverb/data/VoxCeleb1/test/id10289/fGlKVvjgUdY/00001.wav,19,"[(0,3200,'p'),(3200,6400,'p'),(6400,9600,'p'),(9600,12800,'p'),(12800,16000,'p'),(16000,19200,'p'),(19200,22400,'p'),(22400,25600,'p'),(25600,28800,'p'),(28800,32000,'p'),(32000,35200,'p'),(35200,38400,'p'),(38400,41600,'p'),(41600,44800,'p'),(44800,48000,'p')]"
800,/Users/ssankey/PycharmProjects/AdvReverb/data/VoxCeleb1/test/id10290/0bA1AJCGEOo/00004.wav,20,"[(0,3200,'p'),(3200,6400,'p'),(6400,9600,'p'),(9600,12800,'p'),(12800,16000,'p'),(16000,19200,'p'),(19200,22400,'p'),(22400,25600,'p'),(25600,28800,'p'),(28800,32000,'p'),(32000,35200,'p'),(35200,38400,'p'),(38400,41600,'p'),(41600,44800,'p'),(44800,48000,'p')]"
801,/Users/ssankey/PycharmProjects/AdvReverb/data/VoxCeleb1/test/id10290/1wx7tV3CrD0/00001.wav,20,"[(0,3200,'p'),(3200,6400,'p'),(6400,9600,'p'),(9600,12800,'p'),(12800,16000,'p'),(16000,19200,'p'),(19200,22400,'p'),(22400,25600,'p'),(25600,28800,'p'),(28800,32000,'p'),(32000,35200,'p'),(35200,38400,'p'),(38400,41600,'p'),(41600,44800,'p'),(44800,48000,'p')]"
802,/Users/ssankey/PycharmProjects/AdvReverb/data/VoxCeleb1/test/id10290/A3QwQ3D35rc/00001.wav,20,"[(0,3200,'p'),(3200,6400,'p'),(6400,9600,'p'),(9600,12800,'p'),(12800,16000,'p'),(16000,19200,'p'),(19200,22400,'p'),(22400,25600,'p'),(25600,28800,'p'),(28800,32000,'p'),(32000,35200,'p'),(35200,38400,'p'),(38400,41600,'p'),(41600,44800,'p'),(44800,48000,'p')]"
803,/Users/ssankey/PycharmProjects/AdvReverb/data/VoxCeleb1/test/id10290/A3QwQ3D35rc/00002.wav,20,"[(0,3200,'p'),(3200,6400,'p'),(6400,9600,'p'),(9600,12800,'p'),(12800,16000,'p'),(16000,19200,'p'),(19200,22400,'p'),(22400,25600,'p'),(25600,28800,'p'),(28800,32000,'p'),(32000,35200,'p'),(35200,38400,'p'),(38400,41600,'p'),(41600,44800,'p'),(44800,48000,'p')]"
804,/Users/ssankey/PycharmProjects/AdvReverb/data/VoxCeleb1/test/id10290/A3QwQ3D35rc/00003.wav,20,"[(0,3200,'p'),(3200,6400,'p'),(6400,9600,'p'),(9600,12800,'p'),(12800,16000,'p'),(16000,19200,'p'),(19200,22400,'p'),(22400,25600,'p'),(25600,28800,'p'),(28800,32000,'p'),(32000,35200,'p'),(35200,38400,'p'),(38400,41600,'p'),(41600,44800,'p'),(44800,48000,'p')]"
805,/Users/ssankey/PycharmProjects/AdvReverb/data/VoxCeleb1/test/id10290/A3QwQ3D35rc/00004.wav,20,"[(0,3200,'p'),(3200,6400,'p'),(6400,9600,'p'),(9600,12800,'p'),(12800,16000,'p'),(16000,19200,'p'),(19200,22400,'p'),(22400,25600,'p'),(25600,28800,'p'),(28800,32000,'p'),(32000,35200,'p'),(35200,38400,'p'),(38400,41600,'p'),(41600,44800,'p'),(44800,48000,'p')]"
806,/Users/ssankey/PycharmProjects/AdvReverb/data/VoxCeleb1/test/id10290/A3QwQ3D35rc/00005.wav,20,"[(0,3200,'p'),(3200,6400,'p'),(6400,9600,'p'),(9600,12800,'p'),(12800,16000,'p'),(16000,19200,'p'),(19200,22400,'p'),(22400,25600,'p'),(25600,28800,'p'),(28800,32000,'p'),(32000,35200,'p'),(35200,38400,'p'),(38400,41600,'p'),(41600,44800,'p'),(44800,48000,'p')]"
807,/Users/ssankey/PycharmProjects/AdvReverb/data/VoxCeleb1/test/id10290/A3QwQ3D35rc/00006.wav,20,"[(0,3200,'p'),(3200,6400,'p'),(6400,9600,'p'),(9600,12800,'p'),(12800,16000,'p'),(16000,19200,'p'),(19200,22400,'p'),(22400,25600,'p'),(25600,28800,'p'),(28800,32000,'p'),(32000,35200,'p'),(35200,38400,'p'),(38400,41600,'p'),(41600,44800,'p'),(44800,48000,'p')]"
808,/Users/ssankey/PycharmProjects/AdvReverb/data/VoxCeleb1/test/id10290/A3QwQ3D35rc/00007.wav,20,"[(0,3200,'p'),(3200,6400,'p'),(6400,9600,'p'),(9600,12800,'p'),(12800,16000,'p'),(16000,19200,'p'),(19200,22400,'p'),(22400,25600,'p'),(25600,28800,'p'),(28800,32000,'p'),(32000,35200,'p'),(35200,38400,'p'),(38400,41600,'p'),(41600,44800,'p'),(44800,48000,'p')]"
809,/Users/ssankey/PycharmProjects/AdvReverb/data/VoxCeleb1/test/id10290/A3QwQ3D35rc/00008.wav,20,"[(0,3200,'p'),(3200,6400,'p'),(6400,9600,'p'),(9600,12800,'p'),(12800,16000,'p'),(16000,19200,'p'),(19200,22400,'p'),(22400,25600,'p'),(25600,28800,'p'),(28800,32000,'p'),(32000,35200,'p'),(35200,38400,'p'),(38400,41600,'p'),(41600,44800,'p'),(44800,48000,'p')]"
810,/Users/ssankey/PycharmProjects/AdvReverb/data/VoxCeleb1/test/id10290/A3QwQ3D35rc/00009.wav,20,"[(0,3200,'p'),(3200,6400,'p'),(6400,9600,'p'),(9600,12800,'p'),(12800,16000,'p'),(16000,19200,'p'),(19200,22400,'p'),(22400,25600,'p'),(25600,28800,'p'),(28800,32000,'p'),(32000,35200,'p'),(35200,38400,'p'),(38400,41600,'p'),(41600,44800,'p'),(44800,48000,'p')]"
811,/Users/ssankey/PycharmProjects/AdvReverb/data/VoxCeleb1/test/id10290/A3QwQ3D35rc/00010.wav,20,"[(0,3200,'p'),(3200,6400,'p'),(6400,9600,'p'),(9600,12800,'p'),(12800,16000,'p'),(16000,19200,'p'),(19200,22400,'p'),(22400,25600,'p'),(25600,28800,'p'),(28800,32000,'p'),(32000,35200,'p'),(35200,38400,'p'),(38400,41600,'p'),(41600,44800,'p'),(44800,48000,'p')]"
812,/Users/ssankey/PycharmProjects/AdvReverb/data/VoxCeleb1/test/id10290/A3QwQ3D35rc/00011.wav,20,"[(0,3200,'p'),(3200,6400,'p'),(6400,9600,'p'),(9600,12800,'p'),(12800,16000,'p'),(16000,19200,'p'),(19200,22400,'p'),(22400,25600,'p'),(25600,28800,'p'),(28800,32000,'p'),(32000,35200,'p'),(35200,38400,'p'),(38400,41600,'p'),(41600,44800,'p'),(44800,48000,'p')]"
813,/Users/ssankey/PycharmProjects/AdvReverb/data/VoxCeleb1/test/id10290/A3QwQ3D35rc/00012.wav,20,"[(0,3200,'p'),(3200,6400,'p'),(6400,9600,'p'),(9600,12800,'p'),(12800,16000,'p'),(16000,19200,'p'),(19200,22400,'p'),(22400,25600,'p'),(25600,28800,'p'),(28800,32000,'p'),(32000,35200,'p'),(35200,38400,'p'),(38400,41600,'p'),(41600,44800,'p'),(44800,48000,'p')]"
814,/Users/ssankey/PycharmProjects/AdvReverb/data/VoxCeleb1/test/id10290/A3QwQ3D35rc/00013.wav,20,"[(0,3200,'p'),(3200,6400,'p'),(6400,9600,'p'),(9600,12800,'p'),(12800,16000,'p'),(16000,19200,'p'),(19200,22400,'p'),(22400,25600,'p'),(25600,28800,'p'),(28800,32000,'p'),(32000,35200,'p'),(35200,38400,'p'),(38400,41600,'p'),(41600,44800,'p'),(44800,48000,'p')]"
815,/Users/ssankey/PycharmProjects/AdvReverb/data/VoxCeleb1/test/id10290/BTnbKeUJ5r8/00001.wav,20,"[(0,3200,'p'),(3200,6400,'p'),(6400,9600,'p'),(9600,12800,'p'),(12800,16000,'p'),(16000,19200,'p'),(19200,22400,'p'),(22400,25600,'p'),(25600,28800,'p'),(28800,32000,'p'),(32000,35200,'p'),(35200,38400,'p'),(38400,41600,'p'),(41600,44800,'p'),(44800,48000,'p')]"
816,/Users/ssankey/PycharmProjects/AdvReverb/data/VoxCeleb1/test/id10290/BTnbKeUJ5r8/00002.wav,20,"[(0,3200,'p'),(3200,6400,'p'),(6400,9600,'p'),(9600,12800,'p'),(12800,16000,'p'),(16000,19200,'p'),(19200,22400,'p'),(22400,25600,'p'),(25600,28800,'p'),(28800,32000,'p'),(32000,35200,'p'),(35200,38400,'p'),(38400,41600,'p'),(41600,44800,'p'),(44800,48000,'p')]"
817,/Users/ssankey/PycharmProjects/AdvReverb/data/VoxCeleb1/test/id10290/cIi74VD0LF0/00002.wav,20,"[(0,3200,'p'),(3200,6400,'p'),(6400,9600,'p'),(9600,12800,'p'),(12800,16000,'p'),(16000,19200,'p'),(19200,22400,'p'),(22400,25600,'p'),(25600,28800,'p'),(28800,32000,'p'),(32000,35200,'p'),(35200,38400,'p'),(38400,41600,'p'),(41600,44800,'p'),(44800,48000,'p')]"
818,/Users/ssankey/PycharmProjects/AdvReverb/data/VoxCeleb1/test/id10290/cIi74VD0LF0/00001.wav,20,"[(0,3200,'p'),(3200,6400,'p'),(6400,9600,'p'),(9600,12800,'p'),(12800,16000,'p'),(16000,19200,'p'),(19200,22400,'p'),(22400,25600,'p'),(25600,28800,'p'),(28800,32000,'p'),(32000,35200,'p'),(35200,38400,'p'),(38400,41600,'p'),(41600,44800,'p'),(44800,48000,'p')]"
819,/Users/ssankey/PycharmProjects/AdvReverb/data/VoxCeleb1/test/id10290/cIi74VD0LF0/00003.wav,20,"[(0,3200,'p'),(3200,6400,'p'),(6400,9600,'p'),(9600,12800,'p'),(12800,16000,'p'),(16000,19200,'p'),(19200,22400,'p'),(22400,25600,'p'),(25600,28800,'p'),(28800,32000,'p'),(32000,35200,'p'),(35200,38400,'p'),(38400,41600,'p'),(41600,44800,'p'),(44800,48000,'p')]"
820,/Users/ssankey/PycharmProjects/AdvReverb/data/VoxCeleb1/test/id10290/cIi74VD0LF0/00004.wav,20,"[(0,3200,'p'),(3200,6400,'p'),(6400,9600,'p'),(9600,12800,'p'),(12800,16000,'p'),(16000,19200,'p'),(19200,22400,'p'),(22400,25600,'p'),(25600,28800,'p'),(28800,32000,'p'),(32000,35200,'p'),(35200,38400,'p'),(38400,41600,'p'),(41600,44800,'p'),(44800,48000,'p')]"
821,/Users/ssankey/PycharmProjects/AdvReverb/data/VoxCeleb1/test/id10290/cIi74VD0LF0/00005.wav,20,"[(0,3200,'p'),(3200,6400,'p'),(6400,9600,'p'),(9600,12800,'p'),(12800,16000,'p'),(16000,19200,'p'),(19200,22400,'p'),(22400,25600,'p'),(25600,28800,'p'),(28800,32000,'p'),(32000,35200,'p'),(35200,38400,'p'),(38400,41600,'p'),(41600,44800,'p'),(44800,48000,'p')]"
822,/Users/ssankey/PycharmProjects/AdvReverb/data/VoxCeleb1/test/id10290/cIi74VD0LF0/00006.wav,20,"[(0,3200,'p'),(3200,6400,'p'),(6400,9600,'p'),(9600,12800,'p'),(12800,16000,'p'),(16000,19200,'p'),(19200,22400,'p'),(22400,25600,'p'),(25600,28800,'p'),(28800,32000,'p'),(32000,35200,'p'),(35200,38400,'p'),(38400,41600,'p'),(41600,44800,'p'),(44800,48000,'p')]"
823,/Users/ssankey/PycharmProjects/AdvReverb/data/VoxCeleb1/test/id10290/cIi74VD0LF0/00007.wav,20,"[(0,3200,'p'),(3200,6400,'p'),(6400,9600,'p'),(9600,12800,'p'),(12800,16000,'p'),(16000,19200,'p'),(19200,22400,'p'),(22400,25600,'p'),(25600,28800,'p'),(28800,32000,'p'),(32000,35200,'p'),(35200,38400,'p'),(38400,41600,'p'),(41600,44800,'p'),(44800,48000,'p')]"
824,/Users/ssankey/PycharmProjects/AdvReverb/data/VoxCeleb1/test/id10290/cIi74VD0LF0/00008.wav,20,"[(0,3200,'p'),(3200,6400,'p'),(6400,9600,'p'),(9600,12800,'p'),(12800,16000,'p'),(16000,19200,'p'),(19200,22400,'p'),(22400,25600,'p'),(25600,28800,'p'),(28800,32000,'p'),(32000,35200,'p'),(35200,38400,'p'),(38400,41600,'p'),(41600,44800,'p'),(44800,48000,'p')]"
825,/Users/ssankey/PycharmProjects/AdvReverb/data/VoxCeleb1/test/id10290/cIi74VD0LF0/00009.wav,20,"[(0,3200,'p'),(3200,6400,'p'),(6400,9600,'p'),(9600,12800,'p'),(12800,16000,'p'),(16000,19200,'p'),(19200,22400,'p'),(22400,25600,'p'),(25600,28800,'p'),(28800,32000,'p'),(32000,35200,'p'),(35200,38400,'p'),(38400,41600,'p'),(41600,44800,'p'),(44800,48000,'p')]"
826,/Users/ssankey/PycharmProjects/AdvReverb/data/VoxCeleb1/test/id10290/cIi74VD0LF0/00010.wav,20,"[(0,3200,'p'),(3200,6400,'p'),(6400,9600,'p'),(9600,12800,'p'),(12800,16000,'p'),(16000,19200,'p'),(19200,22400,'p'),(22400,25600,'p'),(25600,28800,'p'),(28800,32000,'p'),(32000,35200,'p'),(35200,38400,'p'),(38400,41600,'p'),(41600,44800,'p'),(44800,48000,'p')]"
827,/Users/ssankey/PycharmProjects/AdvReverb/data/VoxCeleb1/test/id10290/cIi74VD0LF0/00011.wav,20,"[(0,3200,'p'),(3200,6400,'p'),(6400,9600,'p'),(9600,12800,'p'),(12800,16000,'p'),(16000,19200,'p'),(19200,22400,'p'),(22400,25600,'p'),(25600,28800,'p'),(28800,32000,'p'),(32000,35200,'p'),(35200,38400,'p'),(38400,41600,'p'),(41600,44800,'p'),(44800,48000,'p')]"
828,/Users/ssankey/PycharmProjects/AdvReverb/data/VoxCeleb1/test/id10290/dDnqp9503Mg/00001.wav,20,"[(0,3200,'p'),(3200,6400,'p'),(6400,9600,'p'),(9600,12800,'p'),(12800,16000,'p'),(16000,19200,'p'),(19200,22400,'p'),(22400,25600,'p'),(25600,28800,'p'),(28800,32000,'p'),(32000,35200,'p'),(35200,38400,'p'),(38400,41600,'p'),(41600,44800,'p'),(44800,48000,'p')]"
829,/Users/ssankey/PycharmProjects/AdvReverb/data/VoxCeleb1/test/id10290/dDnqp9503Mg/00002.wav,20,"[(0,3200,'p'),(3200,6400,'p'),(6400,9600,'p'),(9600,12800,'p'),(12800,16000,'p'),(16000,19200,'p'),(19200,22400,'p'),(22400,25600,'p'),(25600,28800,'p'),(28800,32000,'p'),(32000,35200,'p'),(35200,38400,'p'),(38400,41600,'p'),(41600,44800,'p'),(44800,48000,'p')]"
830,/Users/ssankey/PycharmProjects/AdvReverb/data/VoxCeleb1/test/id10290/dDnqp9503Mg/00003.wav,20,"[(0,3200,'p'),(3200,6400,'p'),(6400,9600,'p'),(9600,12800,'p'),(12800,16000,'p'),(16000,19200,'p'),(19200,22400,'p'),(22400,25600,'p'),(25600,28800,'p'),(28800,32000,'p'),(32000,35200,'p'),(35200,38400,'p'),(38400,41600,'p'),(41600,44800,'p'),(44800,48000,'p')]"
831,/Users/ssankey/PycharmProjects/AdvReverb/data/VoxCeleb1/test/id10290/dDnqp9503Mg/00004.wav,20,"[(0,3200,'p'),(3200,6400,'p'),(6400,9600,'p'),(9600,12800,'p'),(12800,16000,'p'),(16000,19200,'p'),(19200,22400,'p'),(22400,25600,'p'),(25600,28800,'p'),(28800,32000,'p'),(32000,35200,'p'),(35200,38400,'p'),(38400,41600,'p'),(41600,44800,'p'),(44800,48000,'p')]"
832,/Users/ssankey/PycharmProjects/AdvReverb/data/VoxCeleb1/test/id10290/dDnqp9503Mg/00005.wav,20,"[(0,3200,'p'),(3200,6400,'p'),(6400,9600,'p'),(9600,12800,'p'),(12800,16000,'p'),(16000,19200,'p'),(19200,22400,'p'),(22400,25600,'p'),(25600,28800,'p'),(28800,32000,'p'),(32000,35200,'p'),(35200,38400,'p'),(38400,41600,'p'),(41600,44800,'p'),(44800,48000,'p')]"
833,/Users/ssankey/PycharmProjects/AdvReverb/data/VoxCeleb1/test/id10290/dDnqp9503Mg/00006.wav,20,"[(0,3200,'p'),(3200,6400,'p'),(6400,9600,'p'),(9600,12800,'p'),(12800,16000,'p'),(16000,19200,'p'),(19200,22400,'p'),(22400,25600,'p'),(25600,28800,'p'),(28800,32000,'p'),(32000,35200,'p'),(35200,38400,'p'),(38400,41600,'p'),(41600,44800,'p'),(44800,48000,'p')]"
834,/Users/ssankey/PycharmProjects/AdvReverb/data/VoxCeleb1/test/id10290/dDnqp9503Mg/00007.wav,20,"[(0,3200,'p'),(3200,6400,'p'),(6400,9600,'p'),(9600,12800,'p'),(12800,16000,'p'),(16000,19200,'p'),(19200,22400,'p'),(22400,25600,'p'),(25600,28800,'p'),(28800,32000,'p'),(32000,35200,'p'),(35200,38400,'p'),(38400,41600,'p'),(41600,44800,'p'),(44800,48000,'p')]"
835,/Users/ssankey/PycharmProjects/AdvReverb/data/VoxCeleb1/test/id10290/dDnqp9503Mg/00008.wav,20,"[(0,3200,'p'),(3200,6400,'p'),(6400,9600,'p'),(9600,12800,'p'),(12800,16000,'p'),(16000,19200,'p'),(19200,22400,'p'),(22400,25600,'p'),(25600,28800,'p'),(28800,32000,'p'),(32000,35200,'p'),(35200,38400,'p'),(38400,41600,'p'),(41600,44800,'p'),(44800,48000,'p')]"
836,/Users/ssankey/PycharmProjects/AdvReverb/data/VoxCeleb1/test/id10290/dDnqp9503Mg/00009.wav,20,"[(0,3200,'p'),(3200,6400,'p'),(6400,9600,'p'),(9600,12800,'p'),(12800,16000,'p'),(16000,19200,'p'),(19200,22400,'p'),(22400,25600,'p'),(25600,28800,'p'),(28800,32000,'p'),(32000,35200,'p'),(35200,38400,'p'),(38400,41600,'p'),(41600,44800,'p'),(44800,48000,'p')]"
837,/Users/ssankey/PycharmProjects/AdvReverb/data/VoxCeleb1/test/id10290/dDnqp9503Mg/00010.wav,20,"[(0,3200,'p'),(3200,6400,'p'),(6400,9600,'p'),(9600,12800,'p'),(12800,16000,'p'),(16000,19200,'p'),(19200,22400,'p'),(22400,25600,'p'),(25600,28800,'p'),(28800,32000,'p'),(32000,35200,'p'),(35200,38400,'p'),(38400,41600,'p'),(41600,44800,'p'),(44800,48000,'p')]"
838,/Users/ssankey/PycharmProjects/AdvReverb/data/VoxCeleb1/test/id10290/dDnqp9503Mg/00011.wav,20,"[(0,3200,'p'),(3200,6400,'p'),(6400,9600,'p'),(9600,12800,'p'),(12800,16000,'p'),(16000,19200,'p'),(19200,22400,'p'),(22400,25600,'p'),(25600,28800,'p'),(28800,32000,'p'),(32000,35200,'p'),(35200,38400,'p'),(38400,41600,'p'),(41600,44800,'p'),(44800,48000,'p')]"
839,/Users/ssankey/PycharmProjects/AdvReverb/data/VoxCeleb1/test/id10290/dDnqp9503Mg/00012.wav,20,"[(0,3200,'p'),(3200,6400,'p'),(6400,9600,'p'),(9600,12800,'p'),(12800,16000,'p'),(16000,19200,'p'),(19200,22400,'p'),(22400,25600,'p'),(25600,28800,'p'),(28800,32000,'p'),(32000,35200,'p'),(35200,38400,'p'),(38400,41600,'p'),(41600,44800,'p'),(44800,48000,'p')]"
840,/Users/ssankey/PycharmProjects/AdvReverb/data/VoxCeleb1/test/id10291/4aLg_keiGHw/00002.wav,21,"[(0,3200,'p'),(3200,6400,'p'),(6400,9600,'p'),(9600,12800,'p'),(12800,16000,'p'),(16000,19200,'p'),(19200,22400,'p'),(22400,25600,'p'),(25600,28800,'p'),(28800,32000,'p'),(32000,35200,'p'),(35200,38400,'p'),(38400,41600,'p'),(41600,44800,'p'),(44800,48000,'p')]"
841,/Users/ssankey/PycharmProjects/AdvReverb/data/VoxCeleb1/test/id10291/4aLg_keiGHw/00003.wav,21,"[(0,3200,'p'),(3200,6400,'p'),(6400,9600,'p'),(9600,12800,'p'),(12800,16000,'p'),(16000,19200,'p'),(19200,22400,'p'),(22400,25600,'p'),(25600,28800,'p'),(28800,32000,'p'),(32000,35200,'p'),(35200,38400,'p'),(38400,41600,'p'),(41600,44800,'p'),(44800,48000,'p')]"
842,/Users/ssankey/PycharmProjects/AdvReverb/data/VoxCeleb1/test/id10291/4aLg_keiGHw/00004.wav,21,"[(0,3200,'p'),(3200,6400,'p'),(6400,9600,'p'),(9600,12800,'p'),(12800,16000,'p'),(16000,19200,'p'),(19200,22400,'p'),(22400,25600,'p'),(25600,28800,'p'),(28800,32000,'p'),(32000,35200,'p'),(35200,38400,'p'),(38400,41600,'p'),(41600,44800,'p'),(44800,48000,'p')]"
843,/Users/ssankey/PycharmProjects/AdvReverb/data/VoxCeleb1/test/id10291/4aLg_keiGHw/00005.wav,21,"[(0,3200,'p'),(3200,6400,'p'),(6400,9600,'p'),(9600,12800,'p'),(12800,16000,'p'),(16000,19200,'p'),(19200,22400,'p'),(22400,25600,'p'),(25600,28800,'p'),(28800,32000,'p'),(32000,35200,'p'),(35200,38400,'p'),(38400,41600,'p'),(41600,44800,'p'),(44800,48000,'p')]"
844,/Users/ssankey/PycharmProjects/AdvReverb/data/VoxCeleb1/test/id10291/4aLg_keiGHw/00006.wav,21,"[(0,3200,'p'),(3200,6400,'p'),(6400,9600,'p'),(9600,12800,'p'),(12800,16000,'p'),(16000,19200,'p'),(19200,22400,'p'),(22400,25600,'p'),(25600,28800,'p'),(28800,32000,'p'),(32000,35200,'p'),(35200,38400,'p'),(38400,41600,'p'),(41600,44800,'p'),(44800,48000,'p')]"
845,/Users/ssankey/PycharmProjects/AdvReverb/data/VoxCeleb1/test/id10291/4aLg_keiGHw/00007.wav,21,"[(0,3200,'p'),(3200,6400,'p'),(6400,9600,'p'),(9600,12800,'p'),(12800,16000,'p'),(16000,19200,'p'),(19200,22400,'p'),(22400,25600,'p'),(25600,28800,'p'),(28800,32000,'p'),(32000,35200,'p'),(35200,38400,'p'),(38400,41600,'p'),(41600,44800,'p'),(44800,48000,'p')]"
846,/Users/ssankey/PycharmProjects/AdvReverb/data/VoxCeleb1/test/id10291/4aLg_keiGHw/00008.wav,21,"[(0,3200,'p'),(3200,6400,'p'),(6400,9600,'p'),(9600,12800,'p'),(12800,16000,'p'),(16000,19200,'p'),(19200,22400,'p'),(22400,25600,'p'),(25600,28800,'p'),(28800,32000,'p'),(32000,35200,'p'),(35200,38400,'p'),(38400,41600,'p'),(41600,44800,'p'),(44800,48000,'p')]"
847,/Users/ssankey/PycharmProjects/AdvReverb/data/VoxCeleb1/test/id10291/4aLg_keiGHw/00009.wav,21,"[(0,3200,'p'),(3200,6400,'p'),(6400,9600,'p'),(9600,12800,'p'),(12800,16000,'p'),(16000,19200,'p'),(19200,22400,'p'),(22400,25600,'p'),(25600,28800,'p'),(28800,32000,'p'),(32000,35200,'p'),(35200,38400,'p'),(38400,41600,'p'),(41600,44800,'p'),(44800,48000,'p')]"
848,/Users/ssankey/PycharmProjects/AdvReverb/data/VoxCeleb1/test/id10291/7lrVxsJOOZ4/00001.wav,21,"[(0,3200,'p'),(3200,6400,'p'),(6400,9600,'p'),(9600,12800,'p'),(12800,16000,'p'),(16000,19200,'p'),(19200,22400,'p'),(22400,25600,'p'),(25600,28800,'p'),(28800,32000,'p'),(32000,35200,'p'),(35200,38400,'p'),(38400,41600,'p'),(41600,44800,'p'),(44800,48000,'p')]"
849,/Users/ssankey/PycharmProjects/AdvReverb/data/VoxCeleb1/test/id10291/7lrVxsJOOZ4/00002.wav,21,"[(0,3200,'p'),(3200,6400,'p'),(6400,9600,'p'),(9600,12800,'p'),(12800,16000,'p'),(16000,19200,'p'),(19200,22400,'p'),(22400,25600,'p'),(25600,28800,'p'),(28800,32000,'p'),(32000,35200,'p'),(35200,38400,'p'),(38400,41600,'p'),(41600,44800,'p'),(44800,48000,'p')]"
850,/Users/ssankey/PycharmProjects/AdvReverb/data/VoxCeleb1/test/id10291/98qWWArcL3Y/00001.wav,21,"[(0,3200,'p'),(3200,6400,'p'),(6400,9600,'p'),(9600,12800,'p'),(12800,16000,'p'),(16000,19200,'p'),(19200,22400,'p'),(22400,25600,'p'),(25600,28800,'p'),(28800,32000,'p'),(32000,35200,'p'),(35200,38400,'p'),(38400,41600,'p'),(41600,44800,'p'),(44800,48000,'p')]"
851,/Users/ssankey/PycharmProjects/AdvReverb/data/VoxCeleb1/test/id10291/98qWWArcL3Y/00002.wav,21,"[(0,3200,'p'),(3200,6400,'p'),(6400,9600,'p'),(9600,12800,'p'),(12800,16000,'p'),(16000,19200,'p'),(19200,22400,'p'),(22400,25600,'p'),(25600,28800,'p'),(28800,32000,'p'),(32000,35200,'p'),(35200,38400,'p'),(38400,41600,'p'),(41600,44800,'p'),(44800,48000,'p')]"
852,/Users/ssankey/PycharmProjects/AdvReverb/data/VoxCeleb1/test/id10291/98qWWArcL3Y/00005.wav,21,"[(0,3200,'p'),(3200,6400,'p'),(6400,9600,'p'),(9600,12800,'p'),(12800,16000,'p'),(16000,19200,'p'),(19200,22400,'p'),(22400,25600,'p'),(25600,28800,'p'),(28800,32000,'p'),(32000,35200,'p'),(35200,38400,'p'),(38400,41600,'p'),(41600,44800,'p'),(44800,48000,'p')]"
853,/Users/ssankey/PycharmProjects/AdvReverb/data/VoxCeleb1/test/id10291/98qWWArcL3Y/00003.wav,21,"[(0,3200,'p'),(3200,6400,'p'),(6400,9600,'p'),(9600,12800,'p'),(12800,16000,'p'),(16000,19200,'p'),(19200,22400,'p'),(22400,25600,'p'),(25600,28800,'p'),(28800,32000,'p'),(32000,35200,'p'),(35200,38400,'p'),(38400,41600,'p'),(41600,44800,'p'),(44800,48000,'p')]"
854,/Users/ssankey/PycharmProjects/AdvReverb/data/VoxCeleb1/test/id10291/98qWWArcL3Y/00004.wav,21,"[(0,3200,'p'),(3200,6400,'p'),(6400,9600,'p'),(9600,12800,'p'),(12800,16000,'p'),(16000,19200,'p'),(19200,22400,'p'),(22400,25600,'p'),(25600,28800,'p'),(28800,32000,'p'),(32000,35200,'p'),(35200,38400,'p'),(38400,41600,'p'),(41600,44800,'p'),(44800,48000,'p')]"
855,/Users/ssankey/PycharmProjects/AdvReverb/data/VoxCeleb1/test/id10291/aQ6uxeakacs/00001.wav,21,"[(0,3200,'p'),(3200,6400,'p'),(6400,9600,'p'),(9600,12800,'p'),(12800,16000,'p'),(16000,19200,'p'),(19200,22400,'p'),(22400,25600,'p'),(25600,28800,'p'),(28800,32000,'p'),(32000,35200,'p'),(35200,38400,'p'),(38400,41600,'p'),(41600,44800,'p'),(44800,48000,'p')]"
856,/Users/ssankey/PycharmProjects/AdvReverb/data/VoxCeleb1/test/id10291/aQ6uxeakacs/00002.wav,21,"[(0,3200,'p'),(3200,6400,'p'),(6400,9600,'p'),(9600,12800,'p'),(12800,16000,'p'),(16000,19200,'p'),(19200,22400,'p'),(22400,25600,'p'),(25600,28800,'p'),(28800,32000,'p'),(32000,35200,'p'),(35200,38400,'p'),(38400,41600,'p'),(41600,44800,'p'),(44800,48000,'p')]"
857,/Users/ssankey/PycharmProjects/AdvReverb/data/VoxCeleb1/test/id10291/aQ6uxeakacs/00003.wav,21,"[(0,3200,'p'),(3200,6400,'p'),(6400,9600,'p'),(9600,12800,'p'),(12800,16000,'p'),(16000,19200,'p'),(19200,22400,'p'),(22400,25600,'p'),(25600,28800,'p'),(28800,32000,'p'),(32000,35200,'p'),(35200,38400,'p'),(38400,41600,'p'),(41600,44800,'p'),(44800,48000,'p')]"
858,/Users/ssankey/PycharmProjects/AdvReverb/data/VoxCeleb1/test/id10291/d2Lasybvo7s/00001.wav,21,"[(0,3200,'p'),(3200,6400,'p'),(6400,9600,'p'),(9600,12800,'p'),(12800,16000,'p'),(16000,19200,'p'),(19200,22400,'p'),(22400,25600,'p'),(25600,28800,'p'),(28800,32000,'p'),(32000,35200,'p'),(35200,38400,'p'),(38400,41600,'p'),(41600,44800,'p'),(44800,48000,'p')]"
859,/Users/ssankey/PycharmProjects/AdvReverb/data/VoxCeleb1/test/id10291/d2Lasybvo7s/00002.wav,21,"[(0,3200,'p'),(3200,6400,'p'),(6400,9600,'p'),(9600,12800,'p'),(12800,16000,'p'),(16000,19200,'p'),(19200,22400,'p'),(22400,25600,'p'),(25600,28800,'p'),(28800,32000,'p'),(32000,35200,'p'),(35200,38400,'p'),(38400,41600,'p'),(41600,44800,'p'),(44800,48000,'p')]"
860,/Users/ssankey/PycharmProjects/AdvReverb/data/VoxCeleb1/test/id10291/d2Lasybvo7s/00003.wav,21,"[(0,3200,'p'),(3200,6400,'p'),(6400,9600,'p'),(9600,12800,'p'),(12800,16000,'p'),(16000,19200,'p'),(19200,22400,'p'),(22400,25600,'p'),(25600,28800,'p'),(28800,32000,'p'),(32000,35200,'p'),(35200,38400,'p'),(38400,41600,'p'),(41600,44800,'p'),(44800,48000,'p')]"
861,/Users/ssankey/PycharmProjects/AdvReverb/data/VoxCeleb1/test/id10291/d2Lasybvo7s/00004.wav,21,"[(0,3200,'p'),(3200,6400,'p'),(6400,9600,'p'),(9600,12800,'p'),(12800,16000,'p'),(16000,19200,'p'),(19200,22400,'p'),(22400,25600,'p'),(25600,28800,'p'),(28800,32000,'p'),(32000,35200,'p'),(35200,38400,'p'),(38400,41600,'p'),(41600,44800,'p'),(44800,48000,'p')]"
862,/Users/ssankey/PycharmProjects/AdvReverb/data/VoxCeleb1/test/id10291/d2Lasybvo7s/00005.wav,21,"[(0,3200,'p'),(3200,6400,'p'),(6400,9600,'p'),(9600,12800,'p'),(12800,16000,'p'),(16000,19200,'p'),(19200,22400,'p'),(22400,25600,'p'),(25600,28800,'p'),(28800,32000,'p'),(32000,35200,'p'),(35200,38400,'p'),(38400,41600,'p'),(41600,44800,'p'),(44800,48000,'p')]"
863,/Users/ssankey/PycharmProjects/AdvReverb/data/VoxCeleb1/test/id10291/d2Lasybvo7s/00006.wav,21,"[(0,3200,'p'),(3200,6400,'p'),(6400,9600,'p'),(9600,12800,'p'),(12800,16000,'p'),(16000,19200,'p'),(19200,22400,'p'),(22400,25600,'p'),(25600,28800,'p'),(28800,32000,'p'),(32000,35200,'p'),(35200,38400,'p'),(38400,41600,'p'),(41600,44800,'p'),(44800,48000,'p')]"
864,/Users/ssankey/PycharmProjects/AdvReverb/data/VoxCeleb1/test/id10291/d2Lasybvo7s/00007.wav,21,"[(0,3200,'p'),(3200,6400,'p'),(6400,9600,'p'),(9600,12800,'p'),(12800,16000,'p'),(16000,19200,'p'),(19200,22400,'p'),(22400,25600,'p'),(25600,28800,'p'),(28800,32000,'p'),(32000,35200,'p'),(35200,38400,'p'),(38400,41600,'p'),(41600,44800,'p'),(44800,48000,'p')]"
865,/Users/ssankey/PycharmProjects/AdvReverb/data/VoxCeleb1/test/id10291/d2Lasybvo7s/00008.wav,21,"[(0,3200,'p'),(3200,6400,'p'),(6400,9600,'p'),(9600,12800,'p'),(12800,16000,'p'),(16000,19200,'p'),(19200,22400,'p'),(22400,25600,'p'),(25600,28800,'p'),(28800,32000,'p'),(32000,35200,'p'),(35200,38400,'p'),(38400,41600,'p'),(41600,44800,'p'),(44800,48000,'p')]"
866,/Users/ssankey/PycharmProjects/AdvReverb/data/VoxCeleb1/test/id10291/d2Lasybvo7s/00009.wav,21,"[(0,3200,'p'),(3200,6400,'p'),(6400,9600,'p'),(9600,12800,'p'),(12800,16000,'p'),(16000,19200,'p'),(19200,22400,'p'),(22400,25600,'p'),(25600,28800,'p'),(28800,32000,'p'),(32000,35200,'p'),(35200,38400,'p'),(38400,41600,'p'),(41600,44800,'p'),(44800,48000,'p')]"
867,/Users/ssankey/PycharmProjects/AdvReverb/data/VoxCeleb1/test/id10291/d2Lasybvo7s/00010.wav,21,"[(0,3200,'p'),(3200,6400,'p'),(6400,9600,'p'),(9600,12800,'p'),(12800,16000,'p'),(16000,19200,'p'),(19200,22400,'p'),(22400,25600,'p'),(25600,28800,'p'),(28800,32000,'p'),(32000,35200,'p'),(35200,38400,'p'),(38400,41600,'p'),(41600,44800,'p'),(44800,48000,'p')]"
868,/Users/ssankey/PycharmProjects/AdvReverb/data/VoxCeleb1/test/id10291/EX6SP5_i96o/00001.wav,21,"[(0,3200,'p'),(3200,6400,'p'),(6400,9600,'p'),(9600,12800,'p'),(12800,16000,'p'),(16000,19200,'p'),(19200,22400,'p'),(22400,25600,'p'),(25600,28800,'p'),(28800,32000,'p'),(32000,35200,'p'),(35200,38400,'p'),(38400,41600,'p'),(41600,44800,'p'),(44800,48000,'p')]"
869,/Users/ssankey/PycharmProjects/AdvReverb/data/VoxCeleb1/test/id10291/EX6SP5_i96o/00002.wav,21,"[(0,3200,'p'),(3200,6400,'p'),(6400,9600,'p'),(9600,12800,'p'),(12800,16000,'p'),(16000,19200,'p'),(19200,22400,'p'),(22400,25600,'p'),(25600,28800,'p'),(28800,32000,'p'),(32000,35200,'p'),(35200,38400,'p'),(38400,41600,'p'),(41600,44800,'p'),(44800,48000,'p')]"
870,/Users/ssankey/PycharmProjects/AdvReverb/data/VoxCeleb1/test/id10291/ibDSPLFJIu0/00001.wav,21,"[(0,3200,'p'),(3200,6400,'p'),(6400,9600,'p'),(9600,12800,'p'),(12800,16000,'p'),(16000,19200,'p'),(19200,22400,'p'),(22400,25600,'p'),(25600,28800,'p'),(28800,32000,'p'),(32000,35200,'p'),(35200,38400,'p'),(38400,41600,'p'),(41600,44800,'p'),(44800,48000,'p')]"
871,/Users/ssankey/PycharmProjects/AdvReverb/data/VoxCeleb1/test/id10291/ibDSPLFJIu0/00002.wav,21,"[(0,3200,'p'),(3200,6400,'p'),(6400,9600,'p'),(9600,12800,'p'),(12800,16000,'p'),(16000,19200,'p'),(19200,22400,'p'),(22400,25600,'p'),(25600,28800,'p'),(28800,32000,'p'),(32000,35200,'p'),(35200,38400,'p'),(38400,41600,'p'),(41600,44800,'p'),(44800,48000,'p')]"
872,/Users/ssankey/PycharmProjects/AdvReverb/data/VoxCeleb1/test/id10291/iPZGPcrYIZs/00001.wav,21,"[(0,3200,'p'),(3200,6400,'p'),(6400,9600,'p'),(9600,12800,'p'),(12800,16000,'p'),(16000,19200,'p'),(19200,22400,'p'),(22400,25600,'p'),(25600,28800,'p'),(28800,32000,'p'),(32000,35200,'p'),(35200,38400,'p'),(38400,41600,'p'),(41600,44800,'p'),(44800,48000,'p')]"
873,/Users/ssankey/PycharmProjects/AdvReverb/data/VoxCeleb1/test/id10291/iPZGPcrYIZs/00002.wav,21,"[(0,3200,'p'),(3200,6400,'p'),(6400,9600,'p'),(9600,12800,'p'),(12800,16000,'p'),(16000,19200,'p'),(19200,22400,'p'),(22400,25600,'p'),(25600,28800,'p'),(28800,32000,'p'),(32000,35200,'p'),(35200,38400,'p'),(38400,41600,'p'),(41600,44800,'p'),(44800,48000,'p')]"
874,/Users/ssankey/PycharmProjects/AdvReverb/data/VoxCeleb1/test/id10291/iPZGPcrYIZs/00003.wav,21,"[(0,3200,'p'),(3200,6400,'p'),(6400,9600,'p'),(9600,12800,'p'),(12800,16000,'p'),(16000,19200,'p'),(19200,22400,'p'),(22400,25600,'p'),(25600,28800,'p'),(28800,32000,'p'),(32000,35200,'p'),(35200,38400,'p'),(38400,41600,'p'),(41600,44800,'p'),(44800,48000,'p')]"
875,/Users/ssankey/PycharmProjects/AdvReverb/data/VoxCeleb1/test/id10291/iPZGPcrYIZs/00004.wav,21,"[(0,3200,'p'),(3200,6400,'p'),(6400,9600,'p'),(9600,12800,'p'),(12800,16000,'p'),(16000,19200,'p'),(19200,22400,'p'),(22400,25600,'p'),(25600,28800,'p'),(28800,32000,'p'),(32000,35200,'p'),(35200,38400,'p'),(38400,41600,'p'),(41600,44800,'p'),(44800,48000,'p')]"
876,/Users/ssankey/PycharmProjects/AdvReverb/data/VoxCeleb1/test/id10291/iPZGPcrYIZs/00005.wav,21,"[(0,3200,'p'),(3200,6400,'p'),(6400,9600,'p'),(9600,12800,'p'),(12800,16000,'p'),(16000,19200,'p'),(19200,22400,'p'),(22400,25600,'p'),(25600,28800,'p'),(28800,32000,'p'),(32000,35200,'p'),(35200,38400,'p'),(38400,41600,'p'),(41600,44800,'p'),(44800,48000,'p')]"
877,/Users/ssankey/PycharmProjects/AdvReverb/data/VoxCeleb1/test/id10291/iPZGPcrYIZs/00006.wav,21,"[(0,3200,'p'),(3200,6400,'p'),(6400,9600,'p'),(9600,12800,'p'),(12800,16000,'p'),(16000,19200,'p'),(19200,22400,'p'),(22400,25600,'p'),(25600,28800,'p'),(28800,32000,'p'),(32000,35200,'p'),(35200,38400,'p'),(38400,41600,'p'),(41600,44800,'p'),(44800,48000,'p')]"
878,/Users/ssankey/PycharmProjects/AdvReverb/data/VoxCeleb1/test/id10291/iPZGPcrYIZs/00007.wav,21,"[(0,3200,'p'),(3200,6400,'p'),(6400,9600,'p'),(9600,12800,'p'),(12800,16000,'p'),(16000,19200,'p'),(19200,22400,'p'),(22400,25600,'p'),(25600,28800,'p'),(28800,32000,'p'),(32000,35200,'p'),(35200,38400,'p'),(38400,41600,'p'),(41600,44800,'p'),(44800,48000,'p')]"
879,/Users/ssankey/PycharmProjects/AdvReverb/data/VoxCeleb1/test/id10291/iPZGPcrYIZs/00008.wav,21,"[(0,3200,'p'),(3200,6400,'p'),(6400,9600,'p'),(9600,12800,'p'),(12800,16000,'p'),(16000,19200,'p'),(19200,22400,'p'),(22400,25600,'p'),(25600,28800,'p'),(28800,32000,'p'),(32000,35200,'p'),(35200,38400,'p'),(38400,41600,'p'),(41600,44800,'p'),(44800,48000,'p')]"
880,/Users/ssankey/PycharmProjects/AdvReverb/data/VoxCeleb1/test/id10292/0H91VC07Q3s/00004.wav,22,"[(0,3200,'p'),(3200,6400,'p'),(6400,9600,'p'),(9600,12800,'p'),(12800,16000,'p'),(16000,19200,'p'),(19200,22400,'p'),(22400,25600,'p'),(25600,28800,'p'),(28800,32000,'p'),(32000,35200,'p'),(35200,38400,'p'),(38400,41600,'p'),(41600,44800,'p'),(44800,48000,'p')]"
881,/Users/ssankey/PycharmProjects/AdvReverb/data/VoxCeleb1/test/id10292/0H91VC07Q3s/00005.wav,22,"[(0,3200,'p'),(3200,6400,'p'),(6400,9600,'p'),(9600,12800,'p'),(12800,16000,'p'),(16000,19200,'p'),(19200,22400,'p'),(22400,25600,'p'),(25600,28800,'p'),(28800,32000,'p'),(32000,35200,'p'),(35200,38400,'p'),(38400,41600,'p'),(41600,44800,'p'),(44800,48000,'p')]"
882,/Users/ssankey/PycharmProjects/AdvReverb/data/VoxCeleb1/test/id10292/0H91VC07Q3s/00006.wav,22,"[(0,3200,'p'),(3200,6400,'p'),(6400,9600,'p'),(9600,12800,'p'),(12800,16000,'p'),(16000,19200,'p'),(19200,22400,'p'),(22400,25600,'p'),(25600,28800,'p'),(28800,32000,'p'),(32000,35200,'p'),(35200,38400,'p'),(38400,41600,'p'),(41600,44800,'p'),(44800,48000,'p')]"
883,/Users/ssankey/PycharmProjects/AdvReverb/data/VoxCeleb1/test/id10292/0zvzJa5HOUQ/00001.wav,22,"[(0,3200,'p'),(3200,6400,'p'),(6400,9600,'p'),(9600,12800,'p'),(12800,16000,'p'),(16000,19200,'p'),(19200,22400,'p'),(22400,25600,'p'),(25600,28800,'p'),(28800,32000,'p'),(32000,35200,'p'),(35200,38400,'p'),(38400,41600,'p'),(41600,44800,'p'),(44800,48000,'p')]"
884,/Users/ssankey/PycharmProjects/AdvReverb/data/VoxCeleb1/test/id10292/0zvzJa5HOUQ/00002.wav,22,"[(0,3200,'p'),(3200,6400,'p'),(6400,9600,'p'),(9600,12800,'p'),(12800,16000,'p'),(16000,19200,'p'),(19200,22400,'p'),(22400,25600,'p'),(25600,28800,'p'),(28800,32000,'p'),(32000,35200,'p'),(35200,38400,'p'),(38400,41600,'p'),(41600,44800,'p'),(44800,48000,'p')]"
885,/Users/ssankey/PycharmProjects/AdvReverb/data/VoxCeleb1/test/id10292/0zvzJa5HOUQ/00003.wav,22,"[(0,3200,'p'),(3200,6400,'p'),(6400,9600,'p'),(9600,12800,'p'),(12800,16000,'p'),(16000,19200,'p'),(19200,22400,'p'),(22400,25600,'p'),(25600,28800,'p'),(28800,32000,'p'),(32000,35200,'p'),(35200,38400,'p'),(38400,41600,'p'),(41600,44800,'p'),(44800,48000,'p')]"
886,/Users/ssankey/PycharmProjects/AdvReverb/data/VoxCeleb1/test/id10292/0zvzJa5HOUQ/00004.wav,22,"[(0,3200,'p'),(3200,6400,'p'),(6400,9600,'p'),(9600,12800,'p'),(12800,16000,'p'),(16000,19200,'p'),(19200,22400,'p'),(22400,25600,'p'),(25600,28800,'p'),(28800,32000,'p'),(32000,35200,'p'),(35200,38400,'p'),(38400,41600,'p'),(41600,44800,'p'),(44800,48000,'p')]"
887,/Users/ssankey/PycharmProjects/AdvReverb/data/VoxCeleb1/test/id10292/2oMmz2DTAp4/00001.wav,22,"[(0,3200,'p'),(3200,6400,'p'),(6400,9600,'p'),(9600,12800,'p'),(12800,16000,'p'),(16000,19200,'p'),(19200,22400,'p'),(22400,25600,'p'),(25600,28800,'p'),(28800,32000,'p'),(32000,35200,'p'),(35200,38400,'p'),(38400,41600,'p'),(41600,44800,'p'),(44800,48000,'p')]"
888,/Users/ssankey/PycharmProjects/AdvReverb/data/VoxCeleb1/test/id10292/2oMmz2DTAp4/00002.wav,22,"[(0,3200,'p'),(3200,6400,'p'),(6400,9600,'p'),(9600,12800,'p'),(12800,16000,'p'),(16000,19200,'p'),(19200,22400,'p'),(22400,25600,'p'),(25600,28800,'p'),(28800,32000,'p'),(32000,35200,'p'),(35200,38400,'p'),(38400,41600,'p'),(41600,44800,'p'),(44800,48000,'p')]"
889,/Users/ssankey/PycharmProjects/AdvReverb/data/VoxCeleb1/test/id10292/2qlrpSAc9Xs/00001.wav,22,"[(0,3200,'p'),(3200,6400,'p'),(6400,9600,'p'),(9600,12800,'p'),(12800,16000,'p'),(16000,19200,'p'),(19200,22400,'p'),(22400,25600,'p'),(25600,28800,'p'),(28800,32000,'p'),(32000,35200,'p'),(35200,38400,'p'),(38400,41600,'p'),(41600,44800,'p'),(44800,48000,'p')]"
890,/Users/ssankey/PycharmProjects/AdvReverb/data/VoxCeleb1/test/id10292/2qlrpSAc9Xs/00002.wav,22,"[(0,3200,'p'),(3200,6400,'p'),(6400,9600,'p'),(9600,12800,'p'),(12800,16000,'p'),(16000,19200,'p'),(19200,22400,'p'),(22400,25600,'p'),(25600,28800,'p'),(28800,32000,'p'),(32000,35200,'p'),(35200,38400,'p'),(38400,41600,'p'),(41600,44800,'p'),(44800,48000,'p')]"
891,/Users/ssankey/PycharmProjects/AdvReverb/data/VoxCeleb1/test/id10292/2qlrpSAc9Xs/00003.wav,22,"[(0,3200,'p'),(3200,6400,'p'),(6400,9600,'p'),(9600,12800,'p'),(12800,16000,'p'),(16000,19200,'p'),(19200,22400,'p'),(22400,25600,'p'),(25600,28800,'p'),(28800,32000,'p'),(32000,35200,'p'),(35200,38400,'p'),(38400,41600,'p'),(41600,44800,'p'),(44800,48000,'p')]"
892,/Users/ssankey/PycharmProjects/AdvReverb/data/VoxCeleb1/test/id10292/2qlrpSAc9Xs/00004.wav,22,"[(0,3200,'p'),(3200,6400,'p'),(6400,9600,'p'),(9600,12800,'p'),(12800,16000,'p'),(16000,19200,'p'),(19200,22400,'p'),(22400,25600,'p'),(25600,28800,'p'),(28800,32000,'p'),(32000,35200,'p'),(35200,38400,'p'),(38400,41600,'p'),(41600,44800,'p'),(44800,48000,'p')]"
893,/Users/ssankey/PycharmProjects/AdvReverb/data/VoxCeleb1/test/id10292/2qlrpSAc9Xs/00005.wav,22,"[(0,3200,'p'),(3200,6400,'p'),(6400,9600,'p'),(9600,12800,'p'),(12800,16000,'p'),(16000,19200,'p'),(19200,22400,'p'),(22400,25600,'p'),(25600,28800,'p'),(28800,32000,'p'),(32000,35200,'p'),(35200,38400,'p'),(38400,41600,'p'),(41600,44800,'p'),(44800,48000,'p')]"
894,/Users/ssankey/PycharmProjects/AdvReverb/data/VoxCeleb1/test/id10292/2qlrpSAc9Xs/00006.wav,22,"[(0,3200,'p'),(3200,6400,'p'),(6400,9600,'p'),(9600,12800,'p'),(12800,16000,'p'),(16000,19200,'p'),(19200,22400,'p'),(22400,25600,'p'),(25600,28800,'p'),(28800,32000,'p'),(32000,35200,'p'),(35200,38400,'p'),(38400,41600,'p'),(41600,44800,'p'),(44800,48000,'p')]"
895,/Users/ssankey/PycharmProjects/AdvReverb/data/VoxCeleb1/test/id10292/2qlrpSAc9Xs/00007.wav,22,"[(0,3200,'p'),(3200,6400,'p'),(6400,9600,'p'),(9600,12800,'p'),(12800,16000,'p'),(16000,19200,'p'),(19200,22400,'p'),(22400,25600,'p'),(25600,28800,'p'),(28800,32000,'p'),(32000,35200,'p'),(35200,38400,'p'),(38400,41600,'p'),(41600,44800,'p'),(44800,48000,'p')]"
896,/Users/ssankey/PycharmProjects/AdvReverb/data/VoxCeleb1/test/id10292/2qlrpSAc9Xs/00008.wav,22,"[(0,3200,'p'),(3200,6400,'p'),(6400,9600,'p'),(9600,12800,'p'),(12800,16000,'p'),(16000,19200,'p'),(19200,22400,'p'),(22400,25600,'p'),(25600,28800,'p'),(28800,32000,'p'),(32000,35200,'p'),(35200,38400,'p'),(38400,41600,'p'),(41600,44800,'p'),(44800,48000,'p')]"
897,/Users/ssankey/PycharmProjects/AdvReverb/data/VoxCeleb1/test/id10292/2qlrpSAc9Xs/00009.wav,22,"[(0,3200,'p'),(3200,6400,'p'),(6400,9600,'p'),(9600,12800,'p'),(12800,16000,'p'),(16000,19200,'p'),(19200,22400,'p'),(22400,25600,'p'),(25600,28800,'p'),(28800,32000,'p'),(32000,35200,'p'),(35200,38400,'p'),(38400,41600,'p'),(41600,44800,'p'),(44800,48000,'p')]"
898,/Users/ssankey/PycharmProjects/AdvReverb/data/VoxCeleb1/test/id10292/2qlrpSAc9Xs/00010.wav,22,"[(0,3200,'p'),(3200,6400,'p'),(6400,9600,'p'),(9600,12800,'p'),(12800,16000,'p'),(16000,19200,'p'),(19200,22400,'p'),(22400,25600,'p'),(25600,28800,'p'),(28800,32000,'p'),(32000,35200,'p'),(35200,38400,'p'),(38400,41600,'p'),(41600,44800,'p'),(44800,48000,'p')]"
899,/Users/ssankey/PycharmProjects/AdvReverb/data/VoxCeleb1/test/id10292/2qlrpSAc9Xs/00011.wav,22,"[(0,3200,'p'),(3200,6400,'p'),(6400,9600,'p'),(9600,12800,'p'),(12800,16000,'p'),(16000,19200,'p'),(19200,22400,'p'),(22400,25600,'p'),(25600,28800,'p'),(28800,32000,'p'),(32000,35200,'p'),(35200,38400,'p'),(38400,41600,'p'),(41600,44800,'p'),(44800,48000,'p')]"
900,/Users/ssankey/PycharmProjects/AdvReverb/data/VoxCeleb1/test/id10292/2qlrpSAc9Xs/00012.wav,22,"[(0,3200,'p'),(3200,6400,'p'),(6400,9600,'p'),(9600,12800,'p'),(12800,16000,'p'),(16000,19200,'p'),(19200,22400,'p'),(22400,25600,'p'),(25600,28800,'p'),(28800,32000,'p'),(32000,35200,'p'),(35200,38400,'p'),(38400,41600,'p'),(41600,44800,'p'),(44800,48000,'p')]"
901,/Users/ssankey/PycharmProjects/AdvReverb/data/VoxCeleb1/test/id10292/2qlrpSAc9Xs/00013.wav,22,"[(0,3200,'p'),(3200,6400,'p'),(6400,9600,'p'),(9600,12800,'p'),(12800,16000,'p'),(16000,19200,'p'),(19200,22400,'p'),(22400,25600,'p'),(25600,28800,'p'),(28800,32000,'p'),(32000,35200,'p'),(35200,38400,'p'),(38400,41600,'p'),(41600,44800,'p'),(44800,48000,'p')]"
902,/Users/ssankey/PycharmProjects/AdvReverb/data/VoxCeleb1/test/id10292/2qlrpSAc9Xs/00014.wav,22,"[(0,3200,'p'),(3200,6400,'p'),(6400,9600,'p'),(9600,12800,'p'),(12800,16000,'p'),(16000,19200,'p'),(19200,22400,'p'),(22400,25600,'p'),(25600,28800,'p'),(28800,32000,'p'),(32000,35200,'p'),(35200,38400,'p'),(38400,41600,'p'),(41600,44800,'p'),(44800,48000,'p')]"
903,/Users/ssankey/PycharmProjects/AdvReverb/data/VoxCeleb1/test/id10292/2qlrpSAc9Xs/00015.wav,22,"[(0,3200,'p'),(3200,6400,'p'),(6400,9600,'p'),(9600,12800,'p'),(12800,16000,'p'),(16000,19200,'p'),(19200,22400,'p'),(22400,25600,'p'),(25600,28800,'p'),(28800,32000,'p'),(32000,35200,'p'),(35200,38400,'p'),(38400,41600,'p'),(41600,44800,'p'),(44800,48000,'p')]"
904,/Users/ssankey/PycharmProjects/AdvReverb/data/VoxCeleb1/test/id10292/2qlrpSAc9Xs/00016.wav,22,"[(0,3200,'p'),(3200,6400,'p'),(6400,9600,'p'),(9600,12800,'p'),(12800,16000,'p'),(16000,19200,'p'),(19200,22400,'p'),(22400,25600,'p'),(25600,28800,'p'),(28800,32000,'p'),(32000,35200,'p'),(35200,38400,'p'),(38400,41600,'p'),(41600,44800,'p'),(44800,48000,'p')]"
905,/Users/ssankey/PycharmProjects/AdvReverb/data/VoxCeleb1/test/id10292/2qlrpSAc9Xs/00017.wav,22,"[(0,3200,'p'),(3200,6400,'p'),(6400,9600,'p'),(9600,12800,'p'),(12800,16000,'p'),(16000,19200,'p'),(19200,22400,'p'),(22400,25600,'p'),(25600,28800,'p'),(28800,32000,'p'),(32000,35200,'p'),(35200,38400,'p'),(38400,41600,'p'),(41600,44800,'p'),(44800,48000,'p')]"
906,/Users/ssankey/PycharmProjects/AdvReverb/data/VoxCeleb1/test/id10292/2qlrpSAc9Xs/00018.wav,22,"[(0,3200,'p'),(3200,6400,'p'),(6400,9600,'p'),(9600,12800,'p'),(12800,16000,'p'),(16000,19200,'p'),(19200,22400,'p'),(22400,25600,'p'),(25600,28800,'p'),(28800,32000,'p'),(32000,35200,'p'),(35200,38400,'p'),(38400,41600,'p'),(41600,44800,'p'),(44800,48000,'p')]"
907,/Users/ssankey/PycharmProjects/AdvReverb/data/VoxCeleb1/test/id10292/2qlrpSAc9Xs/00019.wav,22,"[(0,3200,'p'),(3200,6400,'p'),(6400,9600,'p'),(9600,12800,'p'),(12800,16000,'p'),(16000,19200,'p'),(19200,22400,'p'),(22400,25600,'p'),(25600,28800,'p'),(28800,32000,'p'),(32000,35200,'p'),(35200,38400,'p'),(38400,41600,'p'),(41600,44800,'p'),(44800,48000,'p')]"
908,/Users/ssankey/PycharmProjects/AdvReverb/data/VoxCeleb1/test/id10292/2qlrpSAc9Xs/00020.wav,22,"[(0,3200,'p'),(3200,6400,'p'),(6400,9600,'p'),(9600,12800,'p'),(12800,16000,'p'),(16000,19200,'p'),(19200,22400,'p'),(22400,25600,'p'),(25600,28800,'p'),(28800,32000,'p'),(32000,35200,'p'),(35200,38400,'p'),(38400,41600,'p'),(41600,44800,'p'),(44800,48000,'p')]"
909,/Users/ssankey/PycharmProjects/AdvReverb/data/VoxCeleb1/test/id10292/2qlrpSAc9Xs/00021.wav,22,"[(0,3200,'p'),(3200,6400,'p'),(6400,9600,'p'),(9600,12800,'p'),(12800,16000,'p'),(16000,19200,'p'),(19200,22400,'p'),(22400,25600,'p'),(25600,28800,'p'),(28800,32000,'p'),(32000,35200,'p'),(35200,38400,'p'),(38400,41600,'p'),(41600,44800,'p'),(44800,48000,'p')]"
910,/Users/ssankey/PycharmProjects/AdvReverb/data/VoxCeleb1/test/id10292/2qlrpSAc9Xs/00022.wav,22,"[(0,3200,'p'),(3200,6400,'p'),(6400,9600,'p'),(9600,12800,'p'),(12800,16000,'p'),(16000,19200,'p'),(19200,22400,'p'),(22400,25600,'p'),(25600,28800,'p'),(28800,32000,'p'),(32000,35200,'p'),(35200,38400,'p'),(38400,41600,'p'),(41600,44800,'p'),(44800,48000,'p')]"
911,/Users/ssankey/PycharmProjects/AdvReverb/data/VoxCeleb1/test/id10292/2qlrpSAc9Xs/00023.wav,22,"[(0,3200,'p'),(3200,6400,'p'),(6400,9600,'p'),(9600,12800,'p'),(12800,16000,'p'),(16000,19200,'p'),(19200,22400,'p'),(22400,25600,'p'),(25600,28800,'p'),(28800,32000,'p'),(32000,35200,'p'),(35200,38400,'p'),(38400,41600,'p'),(41600,44800,'p'),(44800,48000,'p')]"
912,/Users/ssankey/PycharmProjects/AdvReverb/data/VoxCeleb1/test/id10292/3kzw8lTcUBU/00001.wav,22,"[(0,3200,'p'),(3200,6400,'p'),(6400,9600,'p'),(9600,12800,'p'),(12800,16000,'p'),(16000,19200,'p'),(19200,22400,'p'),(22400,25600,'p'),(25600,28800,'p'),(28800,32000,'p'),(32000,35200,'p'),(35200,38400,'p'),(38400,41600,'p'),(41600,44800,'p'),(44800,48000,'p')]"
913,/Users/ssankey/PycharmProjects/AdvReverb/data/VoxCeleb1/test/id10292/3kzw8lTcUBU/00002.wav,22,"[(0,3200,'p'),(3200,6400,'p'),(6400,9600,'p'),(9600,12800,'p'),(12800,16000,'p'),(16000,19200,'p'),(19200,22400,'p'),(22400,25600,'p'),(25600,28800,'p'),(28800,32000,'p'),(32000,35200,'p'),(35200,38400,'p'),(38400,41600,'p'),(41600,44800,'p'),(44800,48000,'p')]"
914,/Users/ssankey/PycharmProjects/AdvReverb/data/VoxCeleb1/test/id10292/3kzw8lTcUBU/00003.wav,22,"[(0,3200,'p'),(3200,6400,'p'),(6400,9600,'p'),(9600,12800,'p'),(12800,16000,'p'),(16000,19200,'p'),(19200,22400,'p'),(22400,25600,'p'),(25600,28800,'p'),(28800,32000,'p'),(32000,35200,'p'),(35200,38400,'p'),(38400,41600,'p'),(41600,44800,'p'),(44800,48000,'p')]"
915,/Users/ssankey/PycharmProjects/AdvReverb/data/VoxCeleb1/test/id10292/3kzw8lTcUBU/00004.wav,22,"[(0,3200,'p'),(3200,6400,'p'),(6400,9600,'p'),(9600,12800,'p'),(12800,16000,'p'),(16000,19200,'p'),(19200,22400,'p'),(22400,25600,'p'),(25600,28800,'p'),(28800,32000,'p'),(32000,35200,'p'),(35200,38400,'p'),(38400,41600,'p'),(41600,44800,'p'),(44800,48000,'p')]"
916,/Users/ssankey/PycharmProjects/AdvReverb/data/VoxCeleb1/test/id10292/3kzw8lTcUBU/00005.wav,22,"[(0,3200,'p'),(3200,6400,'p'),(6400,9600,'p'),(9600,12800,'p'),(12800,16000,'p'),(16000,19200,'p'),(19200,22400,'p'),(22400,25600,'p'),(25600,28800,'p'),(28800,32000,'p'),(32000,35200,'p'),(35200,38400,'p'),(38400,41600,'p'),(41600,44800,'p'),(44800,48000,'p')]"
917,/Users/ssankey/PycharmProjects/AdvReverb/data/VoxCeleb1/test/id10292/3kzw8lTcUBU/00006.wav,22,"[(0,3200,'p'),(3200,6400,'p'),(6400,9600,'p'),(9600,12800,'p'),(12800,16000,'p'),(16000,19200,'p'),(19200,22400,'p'),(22400,25600,'p'),(25600,28800,'p'),(28800,32000,'p'),(32000,35200,'p'),(35200,38400,'p'),(38400,41600,'p'),(41600,44800,'p'),(44800,48000,'p')]"
918,/Users/ssankey/PycharmProjects/AdvReverb/data/VoxCeleb1/test/id10292/3kzw8lTcUBU/00007.wav,22,"[(0,3200,'p'),(3200,6400,'p'),(6400,9600,'p'),(9600,12800,'p'),(12800,16000,'p'),(16000,19200,'p'),(19200,22400,'p'),(22400,25600,'p'),(25600,28800,'p'),(28800,32000,'p'),(32000,35200,'p'),(35200,38400,'p'),(38400,41600,'p'),(41600,44800,'p'),(44800,48000,'p')]"
919,/Users/ssankey/PycharmProjects/AdvReverb/data/VoxCeleb1/test/id10292/3kzw8lTcUBU/00008.wav,22,"[(0,3200,'p'),(3200,6400,'p'),(6400,9600,'p'),(9600,12800,'p'),(12800,16000,'p'),(16000,19200,'p'),(19200,22400,'p'),(22400,25600,'p'),(25600,28800,'p'),(28800,32000,'p'),(32000,35200,'p'),(35200,38400,'p'),(38400,41600,'p'),(41600,44800,'p'),(44800,48000,'p')]"
920,/Users/ssankey/PycharmProjects/AdvReverb/data/VoxCeleb1/test/id10293/8lGvPwJszxI/00004.wav,23,"[(0,3200,'p'),(3200,6400,'p'),(6400,9600,'p'),(9600,12800,'p'),(12800,16000,'p'),(16000,19200,'p'),(19200,22400,'p'),(22400,25600,'p'),(25600,28800,'p'),(28800,32000,'p'),(32000,35200,'p'),(35200,38400,'p'),(38400,41600,'p'),(41600,44800,'p'),(44800,48000,'p')]"
921,/Users/ssankey/PycharmProjects/AdvReverb/data/VoxCeleb1/test/id10293/Aj0X181Clk0/00001.wav,23,"[(0,3200,'p'),(3200,6400,'p'),(6400,9600,'p'),(9600,12800,'p'),(12800,16000,'p'),(16000,19200,'p'),(19200,22400,'p'),(22400,25600,'p'),(25600,28800,'p'),(28800,32000,'p'),(32000,35200,'p'),(35200,38400,'p'),(38400,41600,'p'),(41600,44800,'p'),(44800,48000,'p')]"
922,/Users/ssankey/PycharmProjects/AdvReverb/data/VoxCeleb1/test/id10293/BbAymRBSpPM/00001.wav,23,"[(0,3200,'p'),(3200,6400,'p'),(6400,9600,'p'),(9600,12800,'p'),(12800,16000,'p'),(16000,19200,'p'),(19200,22400,'p'),(22400,25600,'p'),(25600,28800,'p'),(28800,32000,'p'),(32000,35200,'p'),(35200,38400,'p'),(38400,41600,'p'),(41600,44800,'p'),(44800,48000,'p')]"
923,/Users/ssankey/PycharmProjects/AdvReverb/data/VoxCeleb1/test/id10293/BbAymRBSpPM/00002.wav,23,"[(0,3200,'p'),(3200,6400,'p'),(6400,9600,'p'),(9600,12800,'p'),(12800,16000,'p'),(16000,19200,'p'),(19200,22400,'p'),(22400,25600,'p'),(25600,28800,'p'),(28800,32000,'p'),(32000,35200,'p'),(35200,38400,'p'),(38400,41600,'p'),(41600,44800,'p'),(44800,48000,'p')]"
924,/Users/ssankey/PycharmProjects/AdvReverb/data/VoxCeleb1/test/id10293/BbAymRBSpPM/00003.wav,23,"[(0,3200,'p'),(3200,6400,'p'),(6400,9600,'p'),(9600,12800,'p'),(12800,16000,'p'),(16000,19200,'p'),(19200,22400,'p'),(22400,25600,'p'),(25600,28800,'p'),(28800,32000,'p'),(32000,35200,'p'),(35200,38400,'p'),(38400,41600,'p'),(41600,44800,'p'),(44800,48000,'p')]"
925,/Users/ssankey/PycharmProjects/AdvReverb/data/VoxCeleb1/test/id10293/BbAymRBSpPM/00004.wav,23,"[(0,3200,'p'),(3200,6400,'p'),(6400,9600,'p'),(9600,12800,'p'),(12800,16000,'p'),(16000,19200,'p'),(19200,22400,'p'),(22400,25600,'p'),(25600,28800,'p'),(28800,32000,'p'),(32000,35200,'p'),(35200,38400,'p'),(38400,41600,'p'),(41600,44800,'p'),(44800,48000,'p')]"
926,/Users/ssankey/PycharmProjects/AdvReverb/data/VoxCeleb1/test/id10293/BbAymRBSpPM/00005.wav,23,"[(0,3200,'p'),(3200,6400,'p'),(6400,9600,'p'),(9600,12800,'p'),(12800,16000,'p'),(16000,19200,'p'),(19200,22400,'p'),(22400,25600,'p'),(25600,28800,'p'),(28800,32000,'p'),(32000,35200,'p'),(35200,38400,'p'),(38400,41600,'p'),(41600,44800,'p'),(44800,48000,'p')]"
927,/Users/ssankey/PycharmProjects/AdvReverb/data/VoxCeleb1/test/id10293/CvoEw4AJj6c/00001.wav,23,"[(0,3200,'p'),(3200,6400,'p'),(6400,9600,'p'),(9600,12800,'p'),(12800,16000,'p'),(16000,19200,'p'),(19200,22400,'p'),(22400,25600,'p'),(25600,28800,'p'),(28800,32000,'p'),(32000,35200,'p'),(35200,38400,'p'),(38400,41600,'p'),(41600,44800,'p'),(44800,48000,'p')]"
928,/Users/ssankey/PycharmProjects/AdvReverb/data/VoxCeleb1/test/id10293/CvoEw4AJj6c/00002.wav,23,"[(0,3200,'p'),(3200,6400,'p'),(6400,9600,'p'),(9600,12800,'p'),(12800,16000,'p'),(16000,19200,'p'),(19200,22400,'p'),(22400,25600,'p'),(25600,28800,'p'),(28800,32000,'p'),(32000,35200,'p'),(35200,38400,'p'),(38400,41600,'p'),(41600,44800,'p'),(44800,48000,'p')]"
929,/Users/ssankey/PycharmProjects/AdvReverb/data/VoxCeleb1/test/id10293/CvoEw4AJj6c/00003.wav,23,"[(0,3200,'p'),(3200,6400,'p'),(6400,9600,'p'),(9600,12800,'p'),(12800,16000,'p'),(16000,19200,'p'),(19200,22400,'p'),(22400,25600,'p'),(25600,28800,'p'),(28800,32000,'p'),(32000,35200,'p'),(35200,38400,'p'),(38400,41600,'p'),(41600,44800,'p'),(44800,48000,'p')]"
930,/Users/ssankey/PycharmProjects/AdvReverb/data/VoxCeleb1/test/id10293/EHtXD7XFeeI/00001.wav,23,"[(0,3200,'p'),(3200,6400,'p'),(6400,9600,'p'),(9600,12800,'p'),(12800,16000,'p'),(16000,19200,'p'),(19200,22400,'p'),(22400,25600,'p'),(25600,28800,'p'),(28800,32000,'p'),(32000,35200,'p'),(35200,38400,'p'),(38400,41600,'p'),(41600,44800,'p'),(44800,48000,'p')]"
931,/Users/ssankey/PycharmProjects/AdvReverb/data/VoxCeleb1/test/id10293/EHtXD7XFeeI/00002.wav,23,"[(0,3200,'p'),(3200,6400,'p'),(6400,9600,'p'),(9600,12800,'p'),(12800,16000,'p'),(16000,19200,'p'),(19200,22400,'p'),(22400,25600,'p'),(25600,28800,'p'),(28800,32000,'p'),(32000,35200,'p'),(35200,38400,'p'),(38400,41600,'p'),(41600,44800,'p'),(44800,48000,'p')]"
932,/Users/ssankey/PycharmProjects/AdvReverb/data/VoxCeleb1/test/id10293/EHtXD7XFeeI/00003.wav,23,"[(0,3200,'p'),(3200,6400,'p'),(6400,9600,'p'),(9600,12800,'p'),(12800,16000,'p'),(16000,19200,'p'),(19200,22400,'p'),(22400,25600,'p'),(25600,28800,'p'),(28800,32000,'p'),(32000,35200,'p'),(35200,38400,'p'),(38400,41600,'p'),(41600,44800,'p'),(44800,48000,'p')]"
933,/Users/ssankey/PycharmProjects/AdvReverb/data/VoxCeleb1/test/id10293/EHtXD7XFeeI/00004.wav,23,"[(0,3200,'p'),(3200,6400,'p'),(6400,9600,'p'),(9600,12800,'p'),(12800,16000,'p'),(16000,19200,'p'),(19200,22400,'p'),(22400,25600,'p'),(25600,28800,'p'),(28800,32000,'p'),(32000,35200,'p'),(35200,38400,'p'),(38400,41600,'p'),(41600,44800,'p'),(44800,48000,'p')]"
934,/Users/ssankey/PycharmProjects/AdvReverb/data/VoxCeleb1/test/id10293/g2jVmC3qCNA/00001.wav,23,"[(0,3200,'p'),(3200,6400,'p'),(6400,9600,'p'),(9600,12800,'p'),(12800,16000,'p'),(16000,19200,'p'),(19200,22400,'p'),(22400,25600,'p'),(25600,28800,'p'),(28800,32000,'p'),(32000,35200,'p'),(35200,38400,'p'),(38400,41600,'p'),(41600,44800,'p'),(44800,48000,'p')]"
935,/Users/ssankey/PycharmProjects/AdvReverb/data/VoxCeleb1/test/id10293/g2jVmC3qCNA/00002.wav,23,"[(0,3200,'p'),(3200,6400,'p'),(6400,9600,'p'),(9600,12800,'p'),(12800,16000,'p'),(16000,19200,'p'),(19200,22400,'p'),(22400,25600,'p'),(25600,28800,'p'),(28800,32000,'p'),(32000,35200,'p'),(35200,38400,'p'),(38400,41600,'p'),(41600,44800,'p'),(44800,48000,'p')]"
936,/Users/ssankey/PycharmProjects/AdvReverb/data/VoxCeleb1/test/id10293/g2jVmC3qCNA/00003.wav,23,"[(0,3200,'p'),(3200,6400,'p'),(6400,9600,'p'),(9600,12800,'p'),(12800,16000,'p'),(16000,19200,'p'),(19200,22400,'p'),(22400,25600,'p'),(25600,28800,'p'),(28800,32000,'p'),(32000,35200,'p'),(35200,38400,'p'),(38400,41600,'p'),(41600,44800,'p'),(44800,48000,'p')]"
937,/Users/ssankey/PycharmProjects/AdvReverb/data/VoxCeleb1/test/id10293/g2jVmC3qCNA/00004.wav,23,"[(0,3200,'p'),(3200,6400,'p'),(6400,9600,'p'),(9600,12800,'p'),(12800,16000,'p'),(16000,19200,'p'),(19200,22400,'p'),(22400,25600,'p'),(25600,28800,'p'),(28800,32000,'p'),(32000,35200,'p'),(35200,38400,'p'),(38400,41600,'p'),(41600,44800,'p'),(44800,48000,'p')]"
938,/Users/ssankey/PycharmProjects/AdvReverb/data/VoxCeleb1/test/id10293/g2jVmC3qCNA/00005.wav,23,"[(0,3200,'p'),(3200,6400,'p'),(6400,9600,'p'),(9600,12800,'p'),(12800,16000,'p'),(16000,19200,'p'),(19200,22400,'p'),(22400,25600,'p'),(25600,28800,'p'),(28800,32000,'p'),(32000,35200,'p'),(35200,38400,'p'),(38400,41600,'p'),(41600,44800,'p'),(44800,48000,'p')]"
939,/Users/ssankey/PycharmProjects/AdvReverb/data/VoxCeleb1/test/id10293/g2jVmC3qCNA/00006.wav,23,"[(0,3200,'p'),(3200,6400,'p'),(6400,9600,'p'),(9600,12800,'p'),(12800,16000,'p'),(16000,19200,'p'),(19200,22400,'p'),(22400,25600,'p'),(25600,28800,'p'),(28800,32000,'p'),(32000,35200,'p'),(35200,38400,'p'),(38400,41600,'p'),(41600,44800,'p'),(44800,48000,'p')]"
940,/Users/ssankey/PycharmProjects/AdvReverb/data/VoxCeleb1/test/id10293/g2jVmC3qCNA/00007.wav,23,"[(0,3200,'p'),(3200,6400,'p'),(6400,9600,'p'),(9600,12800,'p'),(12800,16000,'p'),(16000,19200,'p'),(19200,22400,'p'),(22400,25600,'p'),(25600,28800,'p'),(28800,32000,'p'),(32000,35200,'p'),(35200,38400,'p'),(38400,41600,'p'),(41600,44800,'p'),(44800,48000,'p')]"
941,/Users/ssankey/PycharmProjects/AdvReverb/data/VoxCeleb1/test/id10293/g2jVmC3qCNA/00008.wav,23,"[(0,3200,'p'),(3200,6400,'p'),(6400,9600,'p'),(9600,12800,'p'),(12800,16000,'p'),(16000,19200,'p'),(19200,22400,'p'),(22400,25600,'p'),(25600,28800,'p'),(28800,32000,'p'),(32000,35200,'p'),(35200,38400,'p'),(38400,41600,'p'),(41600,44800,'p'),(44800,48000,'p')]"
942,/Users/ssankey/PycharmProjects/AdvReverb/data/VoxCeleb1/test/id10293/gegIAYxfpVA/00001.wav,23,"[(0,3200,'p'),(3200,6400,'p'),(6400,9600,'p'),(9600,12800,'p'),(12800,16000,'p'),(16000,19200,'p'),(19200,22400,'p'),(22400,25600,'p'),(25600,28800,'p'),(28800,32000,'p'),(32000,35200,'p'),(35200,38400,'p'),(38400,41600,'p'),(41600,44800,'p'),(44800,48000,'p')]"
943,/Users/ssankey/PycharmProjects/AdvReverb/data/VoxCeleb1/test/id10293/gegIAYxfpVA/00002.wav,23,"[(0,3200,'p'),(3200,6400,'p'),(6400,9600,'p'),(9600,12800,'p'),(12800,16000,'p'),(16000,19200,'p'),(19200,22400,'p'),(22400,25600,'p'),(25600,28800,'p'),(28800,32000,'p'),(32000,35200,'p'),(35200,38400,'p'),(38400,41600,'p'),(41600,44800,'p'),(44800,48000,'p')]"
944,/Users/ssankey/PycharmProjects/AdvReverb/data/VoxCeleb1/test/id10293/gegIAYxfpVA/00003.wav,23,"[(0,3200,'p'),(3200,6400,'p'),(6400,9600,'p'),(9600,12800,'p'),(12800,16000,'p'),(16000,19200,'p'),(19200,22400,'p'),(22400,25600,'p'),(25600,28800,'p'),(28800,32000,'p'),(32000,35200,'p'),(35200,38400,'p'),(38400,41600,'p'),(41600,44800,'p'),(44800,48000,'p')]"
945,/Users/ssankey/PycharmProjects/AdvReverb/data/VoxCeleb1/test/id10293/gegIAYxfpVA/00004.wav,23,"[(0,3200,'p'),(3200,6400,'p'),(6400,9600,'p'),(9600,12800,'p'),(12800,16000,'p'),(16000,19200,'p'),(19200,22400,'p'),(22400,25600,'p'),(25600,28800,'p'),(28800,32000,'p'),(32000,35200,'p'),(35200,38400,'p'),(38400,41600,'p'),(41600,44800,'p'),(44800,48000,'p')]"
946,/Users/ssankey/PycharmProjects/AdvReverb/data/VoxCeleb1/test/id10293/gegIAYxfpVA/00005.wav,23,"[(0,3200,'p'),(3200,6400,'p'),(6400,9600,'p'),(9600,12800,'p'),(12800,16000,'p'),(16000,19200,'p'),(19200,22400,'p'),(22400,25600,'p'),(25600,28800,'p'),(28800,32000,'p'),(32000,35200,'p'),(35200,38400,'p'),(38400,41600,'p'),(41600,44800,'p'),(44800,48000,'p')]"
947,/Users/ssankey/PycharmProjects/AdvReverb/data/VoxCeleb1/test/id10293/gegIAYxfpVA/00006.wav,23,"[(0,3200,'p'),(3200,6400,'p'),(6400,9600,'p'),(9600,12800,'p'),(12800,16000,'p'),(16000,19200,'p'),(19200,22400,'p'),(22400,25600,'p'),(25600,28800,'p'),(28800,32000,'p'),(32000,35200,'p'),(35200,38400,'p'),(38400,41600,'p'),(41600,44800,'p'),(44800,48000,'p')]"
948,/Users/ssankey/PycharmProjects/AdvReverb/data/VoxCeleb1/test/id10293/gegIAYxfpVA/00007.wav,23,"[(0,3200,'p'),(3200,6400,'p'),(6400,9600,'p'),(9600,12800,'p'),(12800,16000,'p'),(16000,19200,'p'),(19200,22400,'p'),(22400,25600,'p'),(25600,28800,'p'),(28800,32000,'p'),(32000,35200,'p'),(35200,38400,'p'),(38400,41600,'p'),(41600,44800,'p'),(44800,48000,'p')]"
949,/Users/ssankey/PycharmProjects/AdvReverb/data/VoxCeleb1/test/id10293/gegIAYxfpVA/00008.wav,23,"[(0,3200,'p'),(3200,6400,'p'),(6400,9600,'p'),(9600,12800,'p'),(12800,16000,'p'),(16000,19200,'p'),(19200,22400,'p'),(22400,25600,'p'),(25600,28800,'p'),(28800,32000,'p'),(32000,35200,'p'),(35200,38400,'p'),(38400,41600,'p'),(41600,44800,'p'),(44800,48000,'p')]"
950,/Users/ssankey/PycharmProjects/AdvReverb/data/VoxCeleb1/test/id10293/k1jiAINXHRI/00001.wav,23,"[(0,3200,'p'),(3200,6400,'p'),(6400,9600,'p'),(9600,12800,'p'),(12800,16000,'p'),(16000,19200,'p'),(19200,22400,'p'),(22400,25600,'p'),(25600,28800,'p'),(28800,32000,'p'),(32000,35200,'p'),(35200,38400,'p'),(38400,41600,'p'),(41600,44800,'p'),(44800,48000,'p')]"
951,/Users/ssankey/PycharmProjects/AdvReverb/data/VoxCeleb1/test/id10293/k1jiAINXHRI/00002.wav,23,"[(0,3200,'p'),(3200,6400,'p'),(6400,9600,'p'),(9600,12800,'p'),(12800,16000,'p'),(16000,19200,'p'),(19200,22400,'p'),(22400,25600,'p'),(25600,28800,'p'),(28800,32000,'p'),(32000,35200,'p'),(35200,38400,'p'),(38400,41600,'p'),(41600,44800,'p'),(44800,48000,'p')]"
952,/Users/ssankey/PycharmProjects/AdvReverb/data/VoxCeleb1/test/id10293/k1jiAINXHRI/00003.wav,23,"[(0,3200,'p'),(3200,6400,'p'),(6400,9600,'p'),(9600,12800,'p'),(12800,16000,'p'),(16000,19200,'p'),(19200,22400,'p'),(22400,25600,'p'),(25600,28800,'p'),(28800,32000,'p'),(32000,35200,'p'),(35200,38400,'p'),(38400,41600,'p'),(41600,44800,'p'),(44800,48000,'p')]"
953,/Users/ssankey/PycharmProjects/AdvReverb/data/VoxCeleb1/test/id10293/k1jiAINXHRI/00004.wav,23,"[(0,3200,'p'),(3200,6400,'p'),(6400,9600,'p'),(9600,12800,'p'),(12800,16000,'p'),(16000,19200,'p'),(19200,22400,'p'),(22400,25600,'p'),(25600,28800,'p'),(28800,32000,'p'),(32000,35200,'p'),(35200,38400,'p'),(38400,41600,'p'),(41600,44800,'p'),(44800,48000,'p')]"
954,/Users/ssankey/PycharmProjects/AdvReverb/data/VoxCeleb1/test/id10293/k1jiAINXHRI/00005.wav,23,"[(0,3200,'p'),(3200,6400,'p'),(6400,9600,'p'),(9600,12800,'p'),(12800,16000,'p'),(16000,19200,'p'),(19200,22400,'p'),(22400,25600,'p'),(25600,28800,'p'),(28800,32000,'p'),(32000,35200,'p'),(35200,38400,'p'),(38400,41600,'p'),(41600,44800,'p'),(44800,48000,'p')]"
955,/Users/ssankey/PycharmProjects/AdvReverb/data/VoxCeleb1/test/id10293/k1jiAINXHRI/00006.wav,23,"[(0,3200,'p'),(3200,6400,'p'),(6400,9600,'p'),(9600,12800,'p'),(12800,16000,'p'),(16000,19200,'p'),(19200,22400,'p'),(22400,25600,'p'),(25600,28800,'p'),(28800,32000,'p'),(32000,35200,'p'),(35200,38400,'p'),(38400,41600,'p'),(41600,44800,'p'),(44800,48000,'p')]"
956,/Users/ssankey/PycharmProjects/AdvReverb/data/VoxCeleb1/test/id10293/k1jiAINXHRI/00007.wav,23,"[(0,3200,'p'),(3200,6400,'p'),(6400,9600,'p'),(9600,12800,'p'),(12800,16000,'p'),(16000,19200,'p'),(19200,22400,'p'),(22400,25600,'p'),(25600,28800,'p'),(28800,32000,'p'),(32000,35200,'p'),(35200,38400,'p'),(38400,41600,'p'),(41600,44800,'p'),(44800,48000,'p')]"
957,/Users/ssankey/PycharmProjects/AdvReverb/data/VoxCeleb1/test/id10293/k1jiAINXHRI/00008.wav,23,"[(0,3200,'p'),(3200,6400,'p'),(6400,9600,'p'),(9600,12800,'p'),(12800,16000,'p'),(16000,19200,'p'),(19200,22400,'p'),(22400,25600,'p'),(25600,28800,'p'),(28800,32000,'p'),(32000,35200,'p'),(35200,38400,'p'),(38400,41600,'p'),(41600,44800,'p'),(44800,48000,'p')]"
958,/Users/ssankey/PycharmProjects/AdvReverb/data/VoxCeleb1/test/id10293/k1jiAINXHRI/00009.wav,23,"[(0,3200,'p'),(3200,6400,'p'),(6400,9600,'p'),(9600,12800,'p'),(12800,16000,'p'),(16000,19200,'p'),(19200,22400,'p'),(22400,25600,'p'),(25600,28800,'p'),(28800,32000,'p'),(32000,35200,'p'),(35200,38400,'p'),(38400,41600,'p'),(41600,44800,'p'),(44800,48000,'p')]"
959,/Users/ssankey/PycharmProjects/AdvReverb/data/VoxCeleb1/test/id10293/k1jiAINXHRI/00010.wav,23,"[(0,3200,'p'),(3200,6400,'p'),(6400,9600,'p'),(9600,12800,'p'),(12800,16000,'p'),(16000,19200,'p'),(19200,22400,'p'),(22400,25600,'p'),(25600,28800,'p'),(28800,32000,'p'),(32000,35200,'p'),(35200,38400,'p'),(38400,41600,'p'),(41600,44800,'p'),(44800,48000,'p')]"
960,/Users/ssankey/PycharmProjects/AdvReverb/data/VoxCeleb1/test/id10294/1l9B0dz7gjc/00004.wav,24,"[(0,3200,'p'),(3200,6400,'p'),(6400,9600,'p'),(9600,12800,'p'),(12800,16000,'p'),(16000,19200,'p'),(19200,22400,'p'),(22400,25600,'p'),(25600,28800,'p'),(28800,32000,'p'),(32000,35200,'p'),(35200,38400,'p'),(38400,41600,'p'),(41600,44800,'p'),(44800,48000,'p')]"
961,/Users/ssankey/PycharmProjects/AdvReverb/data/VoxCeleb1/test/id10294/1l9B0dz7gjc/00005.wav,24,"[(0,3200,'p'),(3200,6400,'p'),(6400,9600,'p'),(9600,12800,'p'),(12800,16000,'p'),(16000,19200,'p'),(19200,22400,'p'),(22400,25600,'p'),(25600,28800,'p'),(28800,32000,'p'),(32000,35200,'p'),(35200,38400,'p'),(38400,41600,'p'),(41600,44800,'p'),(44800,48000,'p')]"
962,/Users/ssankey/PycharmProjects/AdvReverb/data/VoxCeleb1/test/id10294/1l9B0dz7gjc/00006.wav,24,"[(0,3200,'p'),(3200,6400,'p'),(6400,9600,'p'),(9600,12800,'p'),(12800,16000,'p'),(16000,19200,'p'),(19200,22400,'p'),(22400,25600,'p'),(25600,28800,'p'),(28800,32000,'p'),(32000,35200,'p'),(35200,38400,'p'),(38400,41600,'p'),(41600,44800,'p'),(44800,48000,'p')]"
963,/Users/ssankey/PycharmProjects/AdvReverb/data/VoxCeleb1/test/id10294/1l9B0dz7gjc/00007.wav,24,"[(0,3200,'p'),(3200,6400,'p'),(6400,9600,'p'),(9600,12800,'p'),(12800,16000,'p'),(16000,19200,'p'),(19200,22400,'p'),(22400,25600,'p'),(25600,28800,'p'),(28800,32000,'p'),(32000,35200,'p'),(35200,38400,'p'),(38400,41600,'p'),(41600,44800,'p'),(44800,48000,'p')]"
964,/Users/ssankey/PycharmProjects/AdvReverb/data/VoxCeleb1/test/id10294/1l9B0dz7gjc/00008.wav,24,"[(0,3200,'p'),(3200,6400,'p'),(6400,9600,'p'),(9600,12800,'p'),(12800,16000,'p'),(16000,19200,'p'),(19200,22400,'p'),(22400,25600,'p'),(25600,28800,'p'),(28800,32000,'p'),(32000,35200,'p'),(35200,38400,'p'),(38400,41600,'p'),(41600,44800,'p'),(44800,48000,'p')]"
965,/Users/ssankey/PycharmProjects/AdvReverb/data/VoxCeleb1/test/id10294/1l9B0dz7gjc/00009.wav,24,"[(0,3200,'p'),(3200,6400,'p'),(6400,9600,'p'),(9600,12800,'p'),(12800,16000,'p'),(16000,19200,'p'),(19200,22400,'p'),(22400,25600,'p'),(25600,28800,'p'),(28800,32000,'p'),(32000,35200,'p'),(35200,38400,'p'),(38400,41600,'p'),(41600,44800,'p'),(44800,48000,'p')]"
966,/Users/ssankey/PycharmProjects/AdvReverb/data/VoxCeleb1/test/id10294/1l9B0dz7gjc/00010.wav,24,"[(0,3200,'p'),(3200,6400,'p'),(6400,9600,'p'),(9600,12800,'p'),(12800,16000,'p'),(16000,19200,'p'),(19200,22400,'p'),(22400,25600,'p'),(25600,28800,'p'),(28800,32000,'p'),(32000,35200,'p'),(35200,38400,'p'),(38400,41600,'p'),(41600,44800,'p'),(44800,48000,'p')]"
967,/Users/ssankey/PycharmProjects/AdvReverb/data/VoxCeleb1/test/id10294/1l9B0dz7gjc/00011.wav,24,"[(0,3200,'p'),(3200,6400,'p'),(6400,9600,'p'),(9600,12800,'p'),(12800,16000,'p'),(16000,19200,'p'),(19200,22400,'p'),(22400,25600,'p'),(25600,28800,'p'),(28800,32000,'p'),(32000,35200,'p'),(35200,38400,'p'),(38400,41600,'p'),(41600,44800,'p'),(44800,48000,'p')]"
968,/Users/ssankey/PycharmProjects/AdvReverb/data/VoxCeleb1/test/id10294/1l9B0dz7gjc/00012.wav,24,"[(0,3200,'p'),(3200,6400,'p'),(6400,9600,'p'),(9600,12800,'p'),(12800,16000,'p'),(16000,19200,'p'),(19200,22400,'p'),(22400,25600,'p'),(25600,28800,'p'),(28800,32000,'p'),(32000,35200,'p'),(35200,38400,'p'),(38400,41600,'p'),(41600,44800,'p'),(44800,48000,'p')]"
969,/Users/ssankey/PycharmProjects/AdvReverb/data/VoxCeleb1/test/id10294/1l9B0dz7gjc/00013.wav,24,"[(0,3200,'p'),(3200,6400,'p'),(6400,9600,'p'),(9600,12800,'p'),(12800,16000,'p'),(16000,19200,'p'),(19200,22400,'p'),(22400,25600,'p'),(25600,28800,'p'),(28800,32000,'p'),(32000,35200,'p'),(35200,38400,'p'),(38400,41600,'p'),(41600,44800,'p'),(44800,48000,'p')]"
970,/Users/ssankey/PycharmProjects/AdvReverb/data/VoxCeleb1/test/id10294/1l9B0dz7gjc/00014.wav,24,"[(0,3200,'p'),(3200,6400,'p'),(6400,9600,'p'),(9600,12800,'p'),(12800,16000,'p'),(16000,19200,'p'),(19200,22400,'p'),(22400,25600,'p'),(25600,28800,'p'),(28800,32000,'p'),(32000,35200,'p'),(35200,38400,'p'),(38400,41600,'p'),(41600,44800,'p'),(44800,48000,'p')]"
971,/Users/ssankey/PycharmProjects/AdvReverb/data/VoxCeleb1/test/id10294/3BRezdwX-4I/00001.wav,24,"[(0,3200,'p'),(3200,6400,'p'),(6400,9600,'p'),(9600,12800,'p'),(12800,16000,'p'),(16000,19200,'p'),(19200,22400,'p'),(22400,25600,'p'),(25600,28800,'p'),(28800,32000,'p'),(32000,35200,'p'),(35200,38400,'p'),(38400,41600,'p'),(41600,44800,'p'),(44800,48000,'p')]"
972,/Users/ssankey/PycharmProjects/AdvReverb/data/VoxCeleb1/test/id10294/3BRezdwX-4I/00002.wav,24,"[(0,3200,'p'),(3200,6400,'p'),(6400,9600,'p'),(9600,12800,'p'),(12800,16000,'p'),(16000,19200,'p'),(19200,22400,'p'),(22400,25600,'p'),(25600,28800,'p'),(28800,32000,'p'),(32000,35200,'p'),(35200,38400,'p'),(38400,41600,'p'),(41600,44800,'p'),(44800,48000,'p')]"
973,/Users/ssankey/PycharmProjects/AdvReverb/data/VoxCeleb1/test/id10294/3BRezdwX-4I/00003.wav,24,"[(0,3200,'p'),(3200,6400,'p'),(6400,9600,'p'),(9600,12800,'p'),(12800,16000,'p'),(16000,19200,'p'),(19200,22400,'p'),(22400,25600,'p'),(25600,28800,'p'),(28800,32000,'p'),(32000,35200,'p'),(35200,38400,'p'),(38400,41600,'p'),(41600,44800,'p'),(44800,48000,'p')]"
974,/Users/ssankey/PycharmProjects/AdvReverb/data/VoxCeleb1/test/id10294/3BRezdwX-4I/00004.wav,24,"[(0,3200,'p'),(3200,6400,'p'),(6400,9600,'p'),(9600,12800,'p'),(12800,16000,'p'),(16000,19200,'p'),(19200,22400,'p'),(22400,25600,'p'),(25600,28800,'p'),(28800,32000,'p'),(32000,35200,'p'),(35200,38400,'p'),(38400,41600,'p'),(41600,44800,'p'),(44800,48000,'p')]"
975,/Users/ssankey/PycharmProjects/AdvReverb/data/VoxCeleb1/test/id10294/3BRezdwX-4I/00005.wav,24,"[(0,3200,'p'),(3200,6400,'p'),(6400,9600,'p'),(9600,12800,'p'),(12800,16000,'p'),(16000,19200,'p'),(19200,22400,'p'),(22400,25600,'p'),(25600,28800,'p'),(28800,32000,'p'),(32000,35200,'p'),(35200,38400,'p'),(38400,41600,'p'),(41600,44800,'p'),(44800,48000,'p')]"
976,/Users/ssankey/PycharmProjects/AdvReverb/data/VoxCeleb1/test/id10294/3BRezdwX-4I/00006.wav,24,"[(0,3200,'p'),(3200,6400,'p'),(6400,9600,'p'),(9600,12800,'p'),(12800,16000,'p'),(16000,19200,'p'),(19200,22400,'p'),(22400,25600,'p'),(25600,28800,'p'),(28800,32000,'p'),(32000,35200,'p'),(35200,38400,'p'),(38400,41600,'p'),(41600,44800,'p'),(44800,48000,'p')]"
977,/Users/ssankey/PycharmProjects/AdvReverb/data/VoxCeleb1/test/id10294/3BRezdwX-4I/00007.wav,24,"[(0,3200,'p'),(3200,6400,'p'),(6400,9600,'p'),(9600,12800,'p'),(12800,16000,'p'),(16000,19200,'p'),(19200,22400,'p'),(22400,25600,'p'),(25600,28800,'p'),(28800,32000,'p'),(32000,35200,'p'),(35200,38400,'p'),(38400,41600,'p'),(41600,44800,'p'),(44800,48000,'p')]"
978,/Users/ssankey/PycharmProjects/AdvReverb/data/VoxCeleb1/test/id10294/49XYNpeN23I/00001.wav,24,"[(0,3200,'p'),(3200,6400,'p'),(6400,9600,'p'),(9600,12800,'p'),(12800,16000,'p'),(16000,19200,'p'),(19200,22400,'p'),(22400,25600,'p'),(25600,28800,'p'),(28800,32000,'p'),(32000,35200,'p'),(35200,38400,'p'),(38400,41600,'p'),(41600,44800,'p'),(44800,48000,'p')]"
979,/Users/ssankey/PycharmProjects/AdvReverb/data/VoxCeleb1/test/id10294/49XYNpeN23I/00002.wav,24,"[(0,3200,'p'),(3200,6400,'p'),(6400,9600,'p'),(9600,12800,'p'),(12800,16000,'p'),(16000,19200,'p'),(19200,22400,'p'),(22400,25600,'p'),(25600,28800,'p'),(28800,32000,'p'),(32000,35200,'p'),(35200,38400,'p'),(38400,41600,'p'),(41600,44800,'p'),(44800,48000,'p')]"
980,/Users/ssankey/PycharmProjects/AdvReverb/data/VoxCeleb1/test/id10294/49XYNpeN23I/00003.wav,24,"[(0,3200,'p'),(3200,6400,'p'),(6400,9600,'p'),(9600,12800,'p'),(12800,16000,'p'),(16000,19200,'p'),(19200,22400,'p'),(22400,25600,'p'),(25600,28800,'p'),(28800,32000,'p'),(32000,35200,'p'),(35200,38400,'p'),(38400,41600,'p'),(41600,44800,'p'),(44800,48000,'p')]"
981,/Users/ssankey/PycharmProjects/AdvReverb/data/VoxCeleb1/test/id10294/49XYNpeN23I/00004.wav,24,"[(0,3200,'p'),(3200,6400,'p'),(6400,9600,'p'),(9600,12800,'p'),(12800,16000,'p'),(16000,19200,'p'),(19200,22400,'p'),(22400,25600,'p'),(25600,28800,'p'),(28800,32000,'p'),(32000,35200,'p'),(35200,38400,'p'),(38400,41600,'p'),(41600,44800,'p'),(44800,48000,'p')]"
982,/Users/ssankey/PycharmProjects/AdvReverb/data/VoxCeleb1/test/id10294/49XYNpeN23I/00005.wav,24,"[(0,3200,'p'),(3200,6400,'p'),(6400,9600,'p'),(9600,12800,'p'),(12800,16000,'p'),(16000,19200,'p'),(19200,22400,'p'),(22400,25600,'p'),(25600,28800,'p'),(28800,32000,'p'),(32000,35200,'p'),(35200,38400,'p'),(38400,41600,'p'),(41600,44800,'p'),(44800,48000,'p')]"
983,/Users/ssankey/PycharmProjects/AdvReverb/data/VoxCeleb1/test/id10294/49XYNpeN23I/00006.wav,24,"[(0,3200,'p'),(3200,6400,'p'),(6400,9600,'p'),(9600,12800,'p'),(12800,16000,'p'),(16000,19200,'p'),(19200,22400,'p'),(22400,25600,'p'),(25600,28800,'p'),(28800,32000,'p'),(32000,35200,'p'),(35200,38400,'p'),(38400,41600,'p'),(41600,44800,'p'),(44800,48000,'p')]"
984,/Users/ssankey/PycharmProjects/AdvReverb/data/VoxCeleb1/test/id10294/49XYNpeN23I/00007.wav,24,"[(0,3200,'p'),(3200,6400,'p'),(6400,9600,'p'),(9600,12800,'p'),(12800,16000,'p'),(16000,19200,'p'),(19200,22400,'p'),(22400,25600,'p'),(25600,28800,'p'),(28800,32000,'p'),(32000,35200,'p'),(35200,38400,'p'),(38400,41600,'p'),(41600,44800,'p'),(44800,48000,'p')]"
985,/Users/ssankey/PycharmProjects/AdvReverb/data/VoxCeleb1/test/id10294/49XYNpeN23I/00008.wav,24,"[(0,3200,'p'),(3200,6400,'p'),(6400,9600,'p'),(9600,12800,'p'),(12800,16000,'p'),(16000,19200,'p'),(19200,22400,'p'),(22400,25600,'p'),(25600,28800,'p'),(28800,32000,'p'),(32000,35200,'p'),(35200,38400,'p'),(38400,41600,'p'),(41600,44800,'p'),(44800,48000,'p')]"
986,/Users/ssankey/PycharmProjects/AdvReverb/data/VoxCeleb1/test/id10294/49XYNpeN23I/00009.wav,24,"[(0,3200,'p'),(3200,6400,'p'),(6400,9600,'p'),(9600,12800,'p'),(12800,16000,'p'),(16000,19200,'p'),(19200,22400,'p'),(22400,25600,'p'),(25600,28800,'p'),(28800,32000,'p'),(32000,35200,'p'),(35200,38400,'p'),(38400,41600,'p'),(41600,44800,'p'),(44800,48000,'p')]"
987,/Users/ssankey/PycharmProjects/AdvReverb/data/VoxCeleb1/test/id10294/49XYNpeN23I/00010.wav,24,"[(0,3200,'p'),(3200,6400,'p'),(6400,9600,'p'),(9600,12800,'p'),(12800,16000,'p'),(16000,19200,'p'),(19200,22400,'p'),(22400,25600,'p'),(25600,28800,'p'),(28800,32000,'p'),(32000,35200,'p'),(35200,38400,'p'),(38400,41600,'p'),(41600,44800,'p'),(44800,48000,'p')]"
988,/Users/ssankey/PycharmProjects/AdvReverb/data/VoxCeleb1/test/id10294/49XYNpeN23I/00011.wav,24,"[(0,3200,'p'),(3200,6400,'p'),(6400,9600,'p'),(9600,12800,'p'),(12800,16000,'p'),(16000,19200,'p'),(19200,22400,'p'),(22400,25600,'p'),(25600,28800,'p'),(28800,32000,'p'),(32000,35200,'p'),(35200,38400,'p'),(38400,41600,'p'),(41600,44800,'p'),(44800,48000,'p')]"
989,/Users/ssankey/PycharmProjects/AdvReverb/data/VoxCeleb1/test/id10294/49XYNpeN23I/00012.wav,24,"[(0,3200,'p'),(3200,6400,'p'),(6400,9600,'p'),(9600,12800,'p'),(12800,16000,'p'),(16000,19200,'p'),(19200,22400,'p'),(22400,25600,'p'),(25600,28800,'p'),(28800,32000,'p'),(32000,35200,'p'),(35200,38400,'p'),(38400,41600,'p'),(41600,44800,'p'),(44800,48000,'p')]"
990,/Users/ssankey/PycharmProjects/AdvReverb/data/VoxCeleb1/test/id10294/49XYNpeN23I/00013.wav,24,"[(0,3200,'p'),(3200,6400,'p'),(6400,9600,'p'),(9600,12800,'p'),(12800,16000,'p'),(16000,19200,'p'),(19200,22400,'p'),(22400,25600,'p'),(25600,28800,'p'),(28800,32000,'p'),(32000,35200,'p'),(35200,38400,'p'),(38400,41600,'p'),(41600,44800,'p'),(44800,48000,'p')]"
991,/Users/ssankey/PycharmProjects/AdvReverb/data/VoxCeleb1/test/id10294/a4msZPEjhMc/00001.wav,24,"[(0,3200,'p'),(3200,6400,'p'),(6400,9600,'p'),(9600,12800,'p'),(12800,16000,'p'),(16000,19200,'p'),(19200,22400,'p'),(22400,25600,'p'),(25600,28800,'p'),(28800,32000,'p'),(32000,35200,'p'),(35200,38400,'p'),(38400,41600,'p'),(41600,44800,'p'),(44800,48000,'p')]"
992,/Users/ssankey/PycharmProjects/AdvReverb/data/VoxCeleb1/test/id10294/a4msZPEjhMc/00002.wav,24,"[(0,3200,'p'),(3200,6400,'p'),(6400,9600,'p'),(9600,12800,'p'),(12800,16000,'p'),(16000,19200,'p'),(19200,22400,'p'),(22400,25600,'p'),(25600,28800,'p'),(28800,32000,'p'),(32000,35200,'p'),(35200,38400,'p'),(38400,41600,'p'),(41600,44800,'p'),(44800,48000,'p')]"
993,/Users/ssankey/PycharmProjects/AdvReverb/data/VoxCeleb1/test/id10294/a4msZPEjhMc/00003.wav,24,"[(0,3200,'p'),(3200,6400,'p'),(6400,9600,'p'),(9600,12800,'p'),(12800,16000,'p'),(16000,19200,'p'),(19200,22400,'p'),(22400,25600,'p'),(25600,28800,'p'),(28800,32000,'p'),(32000,35200,'p'),(35200,38400,'p'),(38400,41600,'p'),(41600,44800,'p'),(44800,48000,'p')]"
994,/Users/ssankey/PycharmProjects/AdvReverb/data/VoxCeleb1/test/id10294/a4msZPEjhMc/00004.wav,24,"[(0,3200,'p'),(3200,6400,'p'),(6400,9600,'p'),(9600,12800,'p'),(12800,16000,'p'),(16000,19200,'p'),(19200,22400,'p'),(22400,25600,'p'),(25600,28800,'p'),(28800,32000,'p'),(32000,35200,'p'),(35200,38400,'p'),(38400,41600,'p'),(41600,44800,'p'),(44800,48000,'p')]"
995,/Users/ssankey/PycharmProjects/AdvReverb/data/VoxCeleb1/test/id10294/a4msZPEjhMc/00005.wav,24,"[(0,3200,'p'),(3200,6400,'p'),(6400,9600,'p'),(9600,12800,'p'),(12800,16000,'p'),(16000,19200,'p'),(19200,22400,'p'),(22400,25600,'p'),(25600,28800,'p'),(28800,32000,'p'),(32000,35200,'p'),(35200,38400,'p'),(38400,41600,'p'),(41600,44800,'p'),(44800,48000,'p')]"
996,/Users/ssankey/PycharmProjects/AdvReverb/data/VoxCeleb1/test/id10294/a4msZPEjhMc/00006.wav,24,"[(0,3200,'p'),(3200,6400,'p'),(6400,9600,'p'),(9600,12800,'p'),(12800,16000,'p'),(16000,19200,'p'),(19200,22400,'p'),(22400,25600,'p'),(25600,28800,'p'),(28800,32000,'p'),(32000,35200,'p'),(35200,38400,'p'),(38400,41600,'p'),(41600,44800,'p'),(44800,48000,'p')]"
997,/Users/ssankey/PycharmProjects/AdvReverb/data/VoxCeleb1/test/id10294/ba0ZhyVTodw/00001.wav,24,"[(0,3200,'p'),(3200,6400,'p'),(6400,9600,'p'),(9600,12800,'p'),(12800,16000,'p'),(16000,19200,'p'),(19200,22400,'p'),(22400,25600,'p'),(25600,28800,'p'),(28800,32000,'p'),(32000,35200,'p'),(35200,38400,'p'),(38400,41600,'p'),(41600,44800,'p'),(44800,48000,'p')]"
998,/Users/ssankey/PycharmProjects/AdvReverb/data/VoxCeleb1/test/id10294/ba0ZhyVTodw/00002.wav,24,"[(0,3200,'p'),(3200,6400,'p'),(6400,9600,'p'),(9600,12800,'p'),(12800,16000,'p'),(16000,19200,'p'),(19200,22400,'p'),(22400,25600,'p'),(25600,28800,'p'),(28800,32000,'p'),(32000,35200,'p'),(35200,38400,'p'),(38400,41600,'p'),(41600,44800,'p'),(44800,48000,'p')]"
999,/Users/ssankey/PycharmProjects/AdvReverb/data/VoxCeleb1/test/id10294/ba0ZhyVTodw/00003.wav,24,"[(0,3200,'p'),(3200,6400,'p'),(6400,9600,'p'),(9600,12800,'p'),(12800,16000,'p'),(16000,19200,'p'),(19200,22400,'p'),(22400,25600,'p'),(25600,28800,'p'),(28800,32000,'p'),(32000,35200,'p'),(35200,38400,'p'),(38400,41600,'p'),(41600,44800,'p'),(44800,48000,'p')]"
1000,/Users/ssankey/PycharmProjects/AdvReverb/data/VoxCeleb1/test/id10295/3tvnlmkCiTw/00002.wav,25,"[(0,3200,'p'),(3200,6400,'p'),(6400,9600,'p'),(9600,12800,'p'),(12800,16000,'p'),(16000,19200,'p'),(19200,22400,'p'),(22400,25600,'p'),(25600,28800,'p'),(28800,32000,'p'),(32000,35200,'p'),(35200,38400,'p'),(38400,41600,'p'),(41600,44800,'p'),(44800,48000,'p')]"
1001,/Users/ssankey/PycharmProjects/AdvReverb/data/VoxCeleb1/test/id10295/3tvnlmkCiTw/00005.wav,25,"[(0,3200,'p'),(3200,6400,'p'),(6400,9600,'p'),(9600,12800,'p'),(12800,16000,'p'),(16000,19200,'p'),(19200,22400,'p'),(22400,25600,'p'),(25600,28800,'p'),(28800,32000,'p'),(32000,35200,'p'),(35200,38400,'p'),(38400,41600,'p'),(41600,44800,'p'),(44800,48000,'p')]"
1002,/Users/ssankey/PycharmProjects/AdvReverb/data/VoxCeleb1/test/id10295/3tvnlmkCiTw/00003.wav,25,"[(0,3200,'p'),(3200,6400,'p'),(6400,9600,'p'),(9600,12800,'p'),(12800,16000,'p'),(16000,19200,'p'),(19200,22400,'p'),(22400,25600,'p'),(25600,28800,'p'),(28800,32000,'p'),(32000,35200,'p'),(35200,38400,'p'),(38400,41600,'p'),(41600,44800,'p'),(44800,48000,'p')]"
1003,/Users/ssankey/PycharmProjects/AdvReverb/data/VoxCeleb1/test/id10295/3tvnlmkCiTw/00006.wav,25,"[(0,3200,'p'),(3200,6400,'p'),(6400,9600,'p'),(9600,12800,'p'),(12800,16000,'p'),(16000,19200,'p'),(19200,22400,'p'),(22400,25600,'p'),(25600,28800,'p'),(28800,32000,'p'),(32000,35200,'p'),(35200,38400,'p'),(38400,41600,'p'),(41600,44800,'p'),(44800,48000,'p')]"
1004,/Users/ssankey/PycharmProjects/AdvReverb/data/VoxCeleb1/test/id10295/3tvnlmkCiTw/00007.wav,25,"[(0,3200,'p'),(3200,6400,'p'),(6400,9600,'p'),(9600,12800,'p'),(12800,16000,'p'),(16000,19200,'p'),(19200,22400,'p'),(22400,25600,'p'),(25600,28800,'p'),(28800,32000,'p'),(32000,35200,'p'),(35200,38400,'p'),(38400,41600,'p'),(41600,44800,'p'),(44800,48000,'p')]"
1005,/Users/ssankey/PycharmProjects/AdvReverb/data/VoxCeleb1/test/id10295/3tvnlmkCiTw/00008.wav,25,"[(0,3200,'p'),(3200,6400,'p'),(6400,9600,'p'),(9600,12800,'p'),(12800,16000,'p'),(16000,19200,'p'),(19200,22400,'p'),(22400,25600,'p'),(25600,28800,'p'),(28800,32000,'p'),(32000,35200,'p'),(35200,38400,'p'),(38400,41600,'p'),(41600,44800,'p'),(44800,48000,'p')]"
1006,/Users/ssankey/PycharmProjects/AdvReverb/data/VoxCeleb1/test/id10295/3tvnlmkCiTw/00004.wav,25,"[(0,3200,'p'),(3200,6400,'p'),(6400,9600,'p'),(9600,12800,'p'),(12800,16000,'p'),(16000,19200,'p'),(19200,22400,'p'),(22400,25600,'p'),(25600,28800,'p'),(28800,32000,'p'),(32000,35200,'p'),(35200,38400,'p'),(38400,41600,'p'),(41600,44800,'p'),(44800,48000,'p')]"
1007,/Users/ssankey/PycharmProjects/AdvReverb/data/VoxCeleb1/test/id10295/3tvnlmkCiTw/00009.wav,25,"[(0,3200,'p'),(3200,6400,'p'),(6400,9600,'p'),(9600,12800,'p'),(12800,16000,'p'),(16000,19200,'p'),(19200,22400,'p'),(22400,25600,'p'),(25600,28800,'p'),(28800,32000,'p'),(32000,35200,'p'),(35200,38400,'p'),(38400,41600,'p'),(41600,44800,'p'),(44800,48000,'p')]"
1008,/Users/ssankey/PycharmProjects/AdvReverb/data/VoxCeleb1/test/id10295/3tvnlmkCiTw/00010.wav,25,"[(0,3200,'p'),(3200,6400,'p'),(6400,9600,'p'),(9600,12800,'p'),(12800,16000,'p'),(16000,19200,'p'),(19200,22400,'p'),(22400,25600,'p'),(25600,28800,'p'),(28800,32000,'p'),(32000,35200,'p'),(35200,38400,'p'),(38400,41600,'p'),(41600,44800,'p'),(44800,48000,'p')]"
1009,/Users/ssankey/PycharmProjects/AdvReverb/data/VoxCeleb1/test/id10295/3tvnlmkCiTw/00011.wav,25,"[(0,3200,'p'),(3200,6400,'p'),(6400,9600,'p'),(9600,12800,'p'),(12800,16000,'p'),(16000,19200,'p'),(19200,22400,'p'),(22400,25600,'p'),(25600,28800,'p'),(28800,32000,'p'),(32000,35200,'p'),(35200,38400,'p'),(38400,41600,'p'),(41600,44800,'p'),(44800,48000,'p')]"
1010,/Users/ssankey/PycharmProjects/AdvReverb/data/VoxCeleb1/test/id10295/3tvnlmkCiTw/00012.wav,25,"[(0,3200,'p'),(3200,6400,'p'),(6400,9600,'p'),(9600,12800,'p'),(12800,16000,'p'),(16000,19200,'p'),(19200,22400,'p'),(22400,25600,'p'),(25600,28800,'p'),(28800,32000,'p'),(32000,35200,'p'),(35200,38400,'p'),(38400,41600,'p'),(41600,44800,'p'),(44800,48000,'p')]"
1011,/Users/ssankey/PycharmProjects/AdvReverb/data/VoxCeleb1/test/id10295/3tvnlmkCiTw/00013.wav,25,"[(0,3200,'p'),(3200,6400,'p'),(6400,9600,'p'),(9600,12800,'p'),(12800,16000,'p'),(16000,19200,'p'),(19200,22400,'p'),(22400,25600,'p'),(25600,28800,'p'),(28800,32000,'p'),(32000,35200,'p'),(35200,38400,'p'),(38400,41600,'p'),(41600,44800,'p'),(44800,48000,'p')]"
1012,/Users/ssankey/PycharmProjects/AdvReverb/data/VoxCeleb1/test/id10295/3tvnlmkCiTw/00014.wav,25,"[(0,3200,'p'),(3200,6400,'p'),(6400,9600,'p'),(9600,12800,'p'),(12800,16000,'p'),(16000,19200,'p'),(19200,22400,'p'),(22400,25600,'p'),(25600,28800,'p'),(28800,32000,'p'),(32000,35200,'p'),(35200,38400,'p'),(38400,41600,'p'),(41600,44800,'p'),(44800,48000,'p')]"
1013,/Users/ssankey/PycharmProjects/AdvReverb/data/VoxCeleb1/test/id10295/3tvnlmkCiTw/00015.wav,25,"[(0,3200,'p'),(3200,6400,'p'),(6400,9600,'p'),(9600,12800,'p'),(12800,16000,'p'),(16000,19200,'p'),(19200,22400,'p'),(22400,25600,'p'),(25600,28800,'p'),(28800,32000,'p'),(32000,35200,'p'),(35200,38400,'p'),(38400,41600,'p'),(41600,44800,'p'),(44800,48000,'p')]"
1014,/Users/ssankey/PycharmProjects/AdvReverb/data/VoxCeleb1/test/id10295/3tvnlmkCiTw/00016.wav,25,"[(0,3200,'p'),(3200,6400,'p'),(6400,9600,'p'),(9600,12800,'p'),(12800,16000,'p'),(16000,19200,'p'),(19200,22400,'p'),(22400,25600,'p'),(25600,28800,'p'),(28800,32000,'p'),(32000,35200,'p'),(35200,38400,'p'),(38400,41600,'p'),(41600,44800,'p'),(44800,48000,'p')]"
1015,/Users/ssankey/PycharmProjects/AdvReverb/data/VoxCeleb1/test/id10295/D8jV1M4V6UQ/00001.wav,25,"[(0,3200,'p'),(3200,6400,'p'),(6400,9600,'p'),(9600,12800,'p'),(12800,16000,'p'),(16000,19200,'p'),(19200,22400,'p'),(22400,25600,'p'),(25600,28800,'p'),(28800,32000,'p'),(32000,35200,'p'),(35200,38400,'p'),(38400,41600,'p'),(41600,44800,'p'),(44800,48000,'p')]"
1016,/Users/ssankey/PycharmProjects/AdvReverb/data/VoxCeleb1/test/id10295/D8jV1M4V6UQ/00002.wav,25,"[(0,3200,'p'),(3200,6400,'p'),(6400,9600,'p'),(9600,12800,'p'),(12800,16000,'p'),(16000,19200,'p'),(19200,22400,'p'),(22400,25600,'p'),(25600,28800,'p'),(28800,32000,'p'),(32000,35200,'p'),(35200,38400,'p'),(38400,41600,'p'),(41600,44800,'p'),(44800,48000,'p')]"
1017,/Users/ssankey/PycharmProjects/AdvReverb/data/VoxCeleb1/test/id10295/D8jV1M4V6UQ/00003.wav,25,"[(0,3200,'p'),(3200,6400,'p'),(6400,9600,'p'),(9600,12800,'p'),(12800,16000,'p'),(16000,19200,'p'),(19200,22400,'p'),(22400,25600,'p'),(25600,28800,'p'),(28800,32000,'p'),(32000,35200,'p'),(35200,38400,'p'),(38400,41600,'p'),(41600,44800,'p'),(44800,48000,'p')]"
1018,/Users/ssankey/PycharmProjects/AdvReverb/data/VoxCeleb1/test/id10295/D8jV1M4V6UQ/00004.wav,25,"[(0,3200,'p'),(3200,6400,'p'),(6400,9600,'p'),(9600,12800,'p'),(12800,16000,'p'),(16000,19200,'p'),(19200,22400,'p'),(22400,25600,'p'),(25600,28800,'p'),(28800,32000,'p'),(32000,35200,'p'),(35200,38400,'p'),(38400,41600,'p'),(41600,44800,'p'),(44800,48000,'p')]"
1019,/Users/ssankey/PycharmProjects/AdvReverb/data/VoxCeleb1/test/id10295/D8jV1M4V6UQ/00005.wav,25,"[(0,3200,'p'),(3200,6400,'p'),(6400,9600,'p'),(9600,12800,'p'),(12800,16000,'p'),(16000,19200,'p'),(19200,22400,'p'),(22400,25600,'p'),(25600,28800,'p'),(28800,32000,'p'),(32000,35200,'p'),(35200,38400,'p'),(38400,41600,'p'),(41600,44800,'p'),(44800,48000,'p')]"
1020,/Users/ssankey/PycharmProjects/AdvReverb/data/VoxCeleb1/test/id10295/D8jV1M4V6UQ/00006.wav,25,"[(0,3200,'p'),(3200,6400,'p'),(6400,9600,'p'),(9600,12800,'p'),(12800,16000,'p'),(16000,19200,'p'),(19200,22400,'p'),(22400,25600,'p'),(25600,28800,'p'),(28800,32000,'p'),(32000,35200,'p'),(35200,38400,'p'),(38400,41600,'p'),(41600,44800,'p'),(44800,48000,'p')]"
1021,/Users/ssankey/PycharmProjects/AdvReverb/data/VoxCeleb1/test/id10295/iVxjBZtQwBg/00001.wav,25,"[(0,3200,'p'),(3200,6400,'p'),(6400,9600,'p'),(9600,12800,'p'),(12800,16000,'p'),(16000,19200,'p'),(19200,22400,'p'),(22400,25600,'p'),(25600,28800,'p'),(28800,32000,'p'),(32000,35200,'p'),(35200,38400,'p'),(38400,41600,'p'),(41600,44800,'p'),(44800,48000,'p')]"
1022,/Users/ssankey/PycharmProjects/AdvReverb/data/VoxCeleb1/test/id10295/iVxjBZtQwBg/00002.wav,25,"[(0,3200,'p'),(3200,6400,'p'),(6400,9600,'p'),(9600,12800,'p'),(12800,16000,'p'),(16000,19200,'p'),(19200,22400,'p'),(22400,25600,'p'),(25600,28800,'p'),(28800,32000,'p'),(32000,35200,'p'),(35200,38400,'p'),(38400,41600,'p'),(41600,44800,'p'),(44800,48000,'p')]"
1023,/Users/ssankey/PycharmProjects/AdvReverb/data/VoxCeleb1/test/id10295/iVxjBZtQwBg/00003.wav,25,"[(0,3200,'p'),(3200,6400,'p'),(6400,9600,'p'),(9600,12800,'p'),(12800,16000,'p'),(16000,19200,'p'),(19200,22400,'p'),(22400,25600,'p'),(25600,28800,'p'),(28800,32000,'p'),(32000,35200,'p'),(35200,38400,'p'),(38400,41600,'p'),(41600,44800,'p'),(44800,48000,'p')]"
1024,/Users/ssankey/PycharmProjects/AdvReverb/data/VoxCeleb1/test/id10295/K1gPy1UKmBE/00001.wav,25,"[(0,3200,'p'),(3200,6400,'p'),(6400,9600,'p'),(9600,12800,'p'),(12800,16000,'p'),(16000,19200,'p'),(19200,22400,'p'),(22400,25600,'p'),(25600,28800,'p'),(28800,32000,'p'),(32000,35200,'p'),(35200,38400,'p'),(38400,41600,'p'),(41600,44800,'p'),(44800,48000,'p')]"
1025,/Users/ssankey/PycharmProjects/AdvReverb/data/VoxCeleb1/test/id10295/K1gPy1UKmBE/00002.wav,25,"[(0,3200,'p'),(3200,6400,'p'),(6400,9600,'p'),(9600,12800,'p'),(12800,16000,'p'),(16000,19200,'p'),(19200,22400,'p'),(22400,25600,'p'),(25600,28800,'p'),(28800,32000,'p'),(32000,35200,'p'),(35200,38400,'p'),(38400,41600,'p'),(41600,44800,'p'),(44800,48000,'p')]"
1026,/Users/ssankey/PycharmProjects/AdvReverb/data/VoxCeleb1/test/id10295/K1gPy1UKmBE/00003.wav,25,"[(0,3200,'p'),(3200,6400,'p'),(6400,9600,'p'),(9600,12800,'p'),(12800,16000,'p'),(16000,19200,'p'),(19200,22400,'p'),(22400,25600,'p'),(25600,28800,'p'),(28800,32000,'p'),(32000,35200,'p'),(35200,38400,'p'),(38400,41600,'p'),(41600,44800,'p'),(44800,48000,'p')]"
1027,/Users/ssankey/PycharmProjects/AdvReverb/data/VoxCeleb1/test/id10295/K1gPy1UKmBE/00004.wav,25,"[(0,3200,'p'),(3200,6400,'p'),(6400,9600,'p'),(9600,12800,'p'),(12800,16000,'p'),(16000,19200,'p'),(19200,22400,'p'),(22400,25600,'p'),(25600,28800,'p'),(28800,32000,'p'),(32000,35200,'p'),(35200,38400,'p'),(38400,41600,'p'),(41600,44800,'p'),(44800,48000,'p')]"
1028,/Users/ssankey/PycharmProjects/AdvReverb/data/VoxCeleb1/test/id10295/K1gPy1UKmBE/00005.wav,25,"[(0,3200,'p'),(3200,6400,'p'),(6400,9600,'p'),(9600,12800,'p'),(12800,16000,'p'),(16000,19200,'p'),(19200,22400,'p'),(22400,25600,'p'),(25600,28800,'p'),(28800,32000,'p'),(32000,35200,'p'),(35200,38400,'p'),(38400,41600,'p'),(41600,44800,'p'),(44800,48000,'p')]"
1029,/Users/ssankey/PycharmProjects/AdvReverb/data/VoxCeleb1/test/id10295/K1gPy1UKmBE/00006.wav,25,"[(0,3200,'p'),(3200,6400,'p'),(6400,9600,'p'),(9600,12800,'p'),(12800,16000,'p'),(16000,19200,'p'),(19200,22400,'p'),(22400,25600,'p'),(25600,28800,'p'),(28800,32000,'p'),(32000,35200,'p'),(35200,38400,'p'),(38400,41600,'p'),(41600,44800,'p'),(44800,48000,'p')]"
1030,/Users/ssankey/PycharmProjects/AdvReverb/data/VoxCeleb1/test/id10295/K1gPy1UKmBE/00007.wav,25,"[(0,3200,'p'),(3200,6400,'p'),(6400,9600,'p'),(9600,12800,'p'),(12800,16000,'p'),(16000,19200,'p'),(19200,22400,'p'),(22400,25600,'p'),(25600,28800,'p'),(28800,32000,'p'),(32000,35200,'p'),(35200,38400,'p'),(38400,41600,'p'),(41600,44800,'p'),(44800,48000,'p')]"
1031,/Users/ssankey/PycharmProjects/AdvReverb/data/VoxCeleb1/test/id10295/K1gPy1UKmBE/00008.wav,25,"[(0,3200,'p'),(3200,6400,'p'),(6400,9600,'p'),(9600,12800,'p'),(12800,16000,'p'),(16000,19200,'p'),(19200,22400,'p'),(22400,25600,'p'),(25600,28800,'p'),(28800,32000,'p'),(32000,35200,'p'),(35200,38400,'p'),(38400,41600,'p'),(41600,44800,'p'),(44800,48000,'p')]"
1032,/Users/ssankey/PycharmProjects/AdvReverb/data/VoxCeleb1/test/id10295/K1gPy1UKmBE/00009.wav,25,"[(0,3200,'p'),(3200,6400,'p'),(6400,9600,'p'),(9600,12800,'p'),(12800,16000,'p'),(16000,19200,'p'),(19200,22400,'p'),(22400,25600,'p'),(25600,28800,'p'),(28800,32000,'p'),(32000,35200,'p'),(35200,38400,'p'),(38400,41600,'p'),(41600,44800,'p'),(44800,48000,'p')]"
1033,/Users/ssankey/PycharmProjects/AdvReverb/data/VoxCeleb1/test/id10295/K1gPy1UKmBE/00010.wav,25,"[(0,3200,'p'),(3200,6400,'p'),(6400,9600,'p'),(9600,12800,'p'),(12800,16000,'p'),(16000,19200,'p'),(19200,22400,'p'),(22400,25600,'p'),(25600,28800,'p'),(28800,32000,'p'),(32000,35200,'p'),(35200,38400,'p'),(38400,41600,'p'),(41600,44800,'p'),(44800,48000,'p')]"
1034,/Users/ssankey/PycharmProjects/AdvReverb/data/VoxCeleb1/test/id10295/K1gPy1UKmBE/00011.wav,25,"[(0,3200,'p'),(3200,6400,'p'),(6400,9600,'p'),(9600,12800,'p'),(12800,16000,'p'),(16000,19200,'p'),(19200,22400,'p'),(22400,25600,'p'),(25600,28800,'p'),(28800,32000,'p'),(32000,35200,'p'),(35200,38400,'p'),(38400,41600,'p'),(41600,44800,'p'),(44800,48000,'p')]"
1035,/Users/ssankey/PycharmProjects/AdvReverb/data/VoxCeleb1/test/id10295/K1gPy1UKmBE/00012.wav,25,"[(0,3200,'p'),(3200,6400,'p'),(6400,9600,'p'),(9600,12800,'p'),(12800,16000,'p'),(16000,19200,'p'),(19200,22400,'p'),(22400,25600,'p'),(25600,28800,'p'),(28800,32000,'p'),(32000,35200,'p'),(35200,38400,'p'),(38400,41600,'p'),(41600,44800,'p'),(44800,48000,'p')]"
1036,/Users/ssankey/PycharmProjects/AdvReverb/data/VoxCeleb1/test/id10295/K1gPy1UKmBE/00013.wav,25,"[(0,3200,'p'),(3200,6400,'p'),(6400,9600,'p'),(9600,12800,'p'),(12800,16000,'p'),(16000,19200,'p'),(19200,22400,'p'),(22400,25600,'p'),(25600,28800,'p'),(28800,32000,'p'),(32000,35200,'p'),(35200,38400,'p'),(38400,41600,'p'),(41600,44800,'p'),(44800,48000,'p')]"
1037,/Users/ssankey/PycharmProjects/AdvReverb/data/VoxCeleb1/test/id10295/K1gPy1UKmBE/00014.wav,25,"[(0,3200,'p'),(3200,6400,'p'),(6400,9600,'p'),(9600,12800,'p'),(12800,16000,'p'),(16000,19200,'p'),(19200,22400,'p'),(22400,25600,'p'),(25600,28800,'p'),(28800,32000,'p'),(32000,35200,'p'),(35200,38400,'p'),(38400,41600,'p'),(41600,44800,'p'),(44800,48000,'p')]"
1038,/Users/ssankey/PycharmProjects/AdvReverb/data/VoxCeleb1/test/id10295/K1gPy1UKmBE/00015.wav,25,"[(0,3200,'p'),(3200,6400,'p'),(6400,9600,'p'),(9600,12800,'p'),(12800,16000,'p'),(16000,19200,'p'),(19200,22400,'p'),(22400,25600,'p'),(25600,28800,'p'),(28800,32000,'p'),(32000,35200,'p'),(35200,38400,'p'),(38400,41600,'p'),(41600,44800,'p'),(44800,48000,'p')]"
1039,/Users/ssankey/PycharmProjects/AdvReverb/data/VoxCeleb1/test/id10295/K1gPy1UKmBE/00016.wav,25,"[(0,3200,'p'),(3200,6400,'p'),(6400,9600,'p'),(9600,12800,'p'),(12800,16000,'p'),(16000,19200,'p'),(19200,22400,'p'),(22400,25600,'p'),(25600,28800,'p'),(28800,32000,'p'),(32000,35200,'p'),(35200,38400,'p'),(38400,41600,'p'),(41600,44800,'p'),(44800,48000,'p')]"
1040,/Users/ssankey/PycharmProjects/AdvReverb/data/VoxCeleb1/test/id10296/2btSCK00syA/00001.wav,26,"[(0,3200,'p'),(3200,6400,'p'),(6400,9600,'p'),(9600,12800,'p'),(12800,16000,'p'),(16000,19200,'p'),(19200,22400,'p'),(22400,25600,'p'),(25600,28800,'p'),(28800,32000,'p'),(32000,35200,'p'),(35200,38400,'p'),(38400,41600,'p'),(41600,44800,'p'),(44800,48000,'p')]"
1041,/Users/ssankey/PycharmProjects/AdvReverb/data/VoxCeleb1/test/id10296/5K8DAWq6wJc/00001.wav,26,"[(0,3200,'p'),(3200,6400,'p'),(6400,9600,'p'),(9600,12800,'p'),(12800,16000,'p'),(16000,19200,'p'),(19200,22400,'p'),(22400,25600,'p'),(25600,28800,'p'),(28800,32000,'p'),(32000,35200,'p'),(35200,38400,'p'),(38400,41600,'p'),(41600,44800,'p'),(44800,48000,'p')]"
1042,/Users/ssankey/PycharmProjects/AdvReverb/data/VoxCeleb1/test/id10296/5K8DAWq6wJc/00002.wav,26,"[(0,3200,'p'),(3200,6400,'p'),(6400,9600,'p'),(9600,12800,'p'),(12800,16000,'p'),(16000,19200,'p'),(19200,22400,'p'),(22400,25600,'p'),(25600,28800,'p'),(28800,32000,'p'),(32000,35200,'p'),(35200,38400,'p'),(38400,41600,'p'),(41600,44800,'p'),(44800,48000,'p')]"
1043,/Users/ssankey/PycharmProjects/AdvReverb/data/VoxCeleb1/test/id10296/8X8huGiBRAc/00001.wav,26,"[(0,3200,'p'),(3200,6400,'p'),(6400,9600,'p'),(9600,12800,'p'),(12800,16000,'p'),(16000,19200,'p'),(19200,22400,'p'),(22400,25600,'p'),(25600,28800,'p'),(28800,32000,'p'),(32000,35200,'p'),(35200,38400,'p'),(38400,41600,'p'),(41600,44800,'p'),(44800,48000,'p')]"
1044,/Users/ssankey/PycharmProjects/AdvReverb/data/VoxCeleb1/test/id10296/8X8huGiBRAc/00002.wav,26,"[(0,3200,'p'),(3200,6400,'p'),(6400,9600,'p'),(9600,12800,'p'),(12800,16000,'p'),(16000,19200,'p'),(19200,22400,'p'),(22400,25600,'p'),(25600,28800,'p'),(28800,32000,'p'),(32000,35200,'p'),(35200,38400,'p'),(38400,41600,'p'),(41600,44800,'p'),(44800,48000,'p')]"
1045,/Users/ssankey/PycharmProjects/AdvReverb/data/VoxCeleb1/test/id10296/CdDxsQV7RJM/00001.wav,26,"[(0,3200,'p'),(3200,6400,'p'),(6400,9600,'p'),(9600,12800,'p'),(12800,16000,'p'),(16000,19200,'p'),(19200,22400,'p'),(22400,25600,'p'),(25600,28800,'p'),(28800,32000,'p'),(32000,35200,'p'),(35200,38400,'p'),(38400,41600,'p'),(41600,44800,'p'),(44800,48000,'p')]"
1046,/Users/ssankey/PycharmProjects/AdvReverb/data/VoxCeleb1/test/id10296/CdDxsQV7RJM/00002.wav,26,"[(0,3200,'p'),(3200,6400,'p'),(6400,9600,'p'),(9600,12800,'p'),(12800,16000,'p'),(16000,19200,'p'),(19200,22400,'p'),(22400,25600,'p'),(25600,28800,'p'),(28800,32000,'p'),(32000,35200,'p'),(35200,38400,'p'),(38400,41600,'p'),(41600,44800,'p'),(44800,48000,'p')]"
1047,/Users/ssankey/PycharmProjects/AdvReverb/data/VoxCeleb1/test/id10296/DKDZ6ENKX0o/00001.wav,26,"[(0,3200,'p'),(3200,6400,'p'),(6400,9600,'p'),(9600,12800,'p'),(12800,16000,'p'),(16000,19200,'p'),(19200,22400,'p'),(22400,25600,'p'),(25600,28800,'p'),(28800,32000,'p'),(32000,35200,'p'),(35200,38400,'p'),(38400,41600,'p'),(41600,44800,'p'),(44800,48000,'p')]"
1048,/Users/ssankey/PycharmProjects/AdvReverb/data/VoxCeleb1/test/id10296/DKDZ6ENKX0o/00002.wav,26,"[(0,3200,'p'),(3200,6400,'p'),(6400,9600,'p'),(9600,12800,'p'),(12800,16000,'p'),(16000,19200,'p'),(19200,22400,'p'),(22400,25600,'p'),(25600,28800,'p'),(28800,32000,'p'),(32000,35200,'p'),(35200,38400,'p'),(38400,41600,'p'),(41600,44800,'p'),(44800,48000,'p')]"
1049,/Users/ssankey/PycharmProjects/AdvReverb/data/VoxCeleb1/test/id10296/DKDZ6ENKX0o/00003.wav,26,"[(0,3200,'p'),(3200,6400,'p'),(6400,9600,'p'),(9600,12800,'p'),(12800,16000,'p'),(16000,19200,'p'),(19200,22400,'p'),(22400,25600,'p'),(25600,28800,'p'),(28800,32000,'p'),(32000,35200,'p'),(35200,38400,'p'),(38400,41600,'p'),(41600,44800,'p'),(44800,48000,'p')]"
1050,/Users/ssankey/PycharmProjects/AdvReverb/data/VoxCeleb1/test/id10296/DKDZ6ENKX0o/00004.wav,26,"[(0,3200,'p'),(3200,6400,'p'),(6400,9600,'p'),(9600,12800,'p'),(12800,16000,'p'),(16000,19200,'p'),(19200,22400,'p'),(22400,25600,'p'),(25600,28800,'p'),(28800,32000,'p'),(32000,35200,'p'),(35200,38400,'p'),(38400,41600,'p'),(41600,44800,'p'),(44800,48000,'p')]"
1051,/Users/ssankey/PycharmProjects/AdvReverb/data/VoxCeleb1/test/id10296/f_k09R8r_cA/00001.wav,26,"[(0,3200,'p'),(3200,6400,'p'),(6400,9600,'p'),(9600,12800,'p'),(12800,16000,'p'),(16000,19200,'p'),(19200,22400,'p'),(22400,25600,'p'),(25600,28800,'p'),(28800,32000,'p'),(32000,35200,'p'),(35200,38400,'p'),(38400,41600,'p'),(41600,44800,'p'),(44800,48000,'p')]"
1052,/Users/ssankey/PycharmProjects/AdvReverb/data/VoxCeleb1/test/id10296/f_k09R8r_cA/00002.wav,26,"[(0,3200,'p'),(3200,6400,'p'),(6400,9600,'p'),(9600,12800,'p'),(12800,16000,'p'),(16000,19200,'p'),(19200,22400,'p'),(22400,25600,'p'),(25600,28800,'p'),(28800,32000,'p'),(32000,35200,'p'),(35200,38400,'p'),(38400,41600,'p'),(41600,44800,'p'),(44800,48000,'p')]"
1053,/Users/ssankey/PycharmProjects/AdvReverb/data/VoxCeleb1/test/id10296/f_k09R8r_cA/00003.wav,26,"[(0,3200,'p'),(3200,6400,'p'),(6400,9600,'p'),(9600,12800,'p'),(12800,16000,'p'),(16000,19200,'p'),(19200,22400,'p'),(22400,25600,'p'),(25600,28800,'p'),(28800,32000,'p'),(32000,35200,'p'),(35200,38400,'p'),(38400,41600,'p'),(41600,44800,'p'),(44800,48000,'p')]"
1054,/Users/ssankey/PycharmProjects/AdvReverb/data/VoxCeleb1/test/id10296/f_k09R8r_cA/00004.wav,26,"[(0,3200,'p'),(3200,6400,'p'),(6400,9600,'p'),(9600,12800,'p'),(12800,16000,'p'),(16000,19200,'p'),(19200,22400,'p'),(22400,25600,'p'),(25600,28800,'p'),(28800,32000,'p'),(32000,35200,'p'),(35200,38400,'p'),(38400,41600,'p'),(41600,44800,'p'),(44800,48000,'p')]"
1055,/Users/ssankey/PycharmProjects/AdvReverb/data/VoxCeleb1/test/id10296/f_k09R8r_cA/00005.wav,26,"[(0,3200,'p'),(3200,6400,'p'),(6400,9600,'p'),(9600,12800,'p'),(12800,16000,'p'),(16000,19200,'p'),(19200,22400,'p'),(22400,25600,'p'),(25600,28800,'p'),(28800,32000,'p'),(32000,35200,'p'),(35200,38400,'p'),(38400,41600,'p'),(41600,44800,'p'),(44800,48000,'p')]"
1056,/Users/ssankey/PycharmProjects/AdvReverb/data/VoxCeleb1/test/id10296/iLMjiAp4rTo/00001.wav,26,"[(0,3200,'p'),(3200,6400,'p'),(6400,9600,'p'),(9600,12800,'p'),(12800,16000,'p'),(16000,19200,'p'),(19200,22400,'p'),(22400,25600,'p'),(25600,28800,'p'),(28800,32000,'p'),(32000,35200,'p'),(35200,38400,'p'),(38400,41600,'p'),(41600,44800,'p'),(44800,48000,'p')]"
1057,/Users/ssankey/PycharmProjects/AdvReverb/data/VoxCeleb1/test/id10296/iLMjiAp4rTo/00002.wav,26,"[(0,3200,'p'),(3200,6400,'p'),(6400,9600,'p'),(9600,12800,'p'),(12800,16000,'p'),(16000,19200,'p'),(19200,22400,'p'),(22400,25600,'p'),(25600,28800,'p'),(28800,32000,'p'),(32000,35200,'p'),(35200,38400,'p'),(38400,41600,'p'),(41600,44800,'p'),(44800,48000,'p')]"
1058,/Users/ssankey/PycharmProjects/AdvReverb/data/VoxCeleb1/test/id10296/iLMjiAp4rTo/00003.wav,26,"[(0,3200,'p'),(3200,6400,'p'),(6400,9600,'p'),(9600,12800,'p'),(12800,16000,'p'),(16000,19200,'p'),(19200,22400,'p'),(22400,25600,'p'),(25600,28800,'p'),(28800,32000,'p'),(32000,35200,'p'),(35200,38400,'p'),(38400,41600,'p'),(41600,44800,'p'),(44800,48000,'p')]"
1059,/Users/ssankey/PycharmProjects/AdvReverb/data/VoxCeleb1/test/id10296/iLMjiAp4rTo/00004.wav,26,"[(0,3200,'p'),(3200,6400,'p'),(6400,9600,'p'),(9600,12800,'p'),(12800,16000,'p'),(16000,19200,'p'),(19200,22400,'p'),(22400,25600,'p'),(25600,28800,'p'),(28800,32000,'p'),(32000,35200,'p'),(35200,38400,'p'),(38400,41600,'p'),(41600,44800,'p'),(44800,48000,'p')]"
1060,/Users/ssankey/PycharmProjects/AdvReverb/data/VoxCeleb1/test/id10296/iLMjiAp4rTo/00005.wav,26,"[(0,3200,'p'),(3200,6400,'p'),(6400,9600,'p'),(9600,12800,'p'),(12800,16000,'p'),(16000,19200,'p'),(19200,22400,'p'),(22400,25600,'p'),(25600,28800,'p'),(28800,32000,'p'),(32000,35200,'p'),(35200,38400,'p'),(38400,41600,'p'),(41600,44800,'p'),(44800,48000,'p')]"
1061,/Users/ssankey/PycharmProjects/AdvReverb/data/VoxCeleb1/test/id10296/iLMjiAp4rTo/00006.wav,26,"[(0,3200,'p'),(3200,6400,'p'),(6400,9600,'p'),(9600,12800,'p'),(12800,16000,'p'),(16000,19200,'p'),(19200,22400,'p'),(22400,25600,'p'),(25600,28800,'p'),(28800,32000,'p'),(32000,35200,'p'),(35200,38400,'p'),(38400,41600,'p'),(41600,44800,'p'),(44800,48000,'p')]"
1062,/Users/ssankey/PycharmProjects/AdvReverb/data/VoxCeleb1/test/id10296/iLMjiAp4rTo/00007.wav,26,"[(0,3200,'p'),(3200,6400,'p'),(6400,9600,'p'),(9600,12800,'p'),(12800,16000,'p'),(16000,19200,'p'),(19200,22400,'p'),(22400,25600,'p'),(25600,28800,'p'),(28800,32000,'p'),(32000,35200,'p'),(35200,38400,'p'),(38400,41600,'p'),(41600,44800,'p'),(44800,48000,'p')]"
1063,/Users/ssankey/PycharmProjects/AdvReverb/data/VoxCeleb1/test/id10296/iLMjiAp4rTo/00008.wav,26,"[(0,3200,'p'),(3200,6400,'p'),(6400,9600,'p'),(9600,12800,'p'),(12800,16000,'p'),(16000,19200,'p'),(19200,22400,'p'),(22400,25600,'p'),(25600,28800,'p'),(28800,32000,'p'),(32000,35200,'p'),(35200,38400,'p'),(38400,41600,'p'),(41600,44800,'p'),(44800,48000,'p')]"
1064,/Users/ssankey/PycharmProjects/AdvReverb/data/VoxCeleb1/test/id10296/iLMjiAp4rTo/00009.wav,26,"[(0,3200,'p'),(3200,6400,'p'),(6400,9600,'p'),(9600,12800,'p'),(12800,16000,'p'),(16000,19200,'p'),(19200,22400,'p'),(22400,25600,'p'),(25600,28800,'p'),(28800,32000,'p'),(32000,35200,'p'),(35200,38400,'p'),(38400,41600,'p'),(41600,44800,'p'),(44800,48000,'p')]"
1065,/Users/ssankey/PycharmProjects/AdvReverb/data/VoxCeleb1/test/id10296/KPKQZjynKsg/00001.wav,26,"[(0,3200,'p'),(3200,6400,'p'),(6400,9600,'p'),(9600,12800,'p'),(12800,16000,'p'),(16000,19200,'p'),(19200,22400,'p'),(22400,25600,'p'),(25600,28800,'p'),(28800,32000,'p'),(32000,35200,'p'),(35200,38400,'p'),(38400,41600,'p'),(41600,44800,'p'),(44800,48000,'p')]"
1066,/Users/ssankey/PycharmProjects/AdvReverb/data/VoxCeleb1/test/id10296/KPKQZjynKsg/00002.wav,26,"[(0,3200,'p'),(3200,6400,'p'),(6400,9600,'p'),(9600,12800,'p'),(12800,16000,'p'),(16000,19200,'p'),(19200,22400,'p'),(22400,25600,'p'),(25600,28800,'p'),(28800,32000,'p'),(32000,35200,'p'),(35200,38400,'p'),(38400,41600,'p'),(41600,44800,'p'),(44800,48000,'p')]"
1067,/Users/ssankey/PycharmProjects/AdvReverb/data/VoxCeleb1/test/id10296/LUFoMNPpdbY/00001.wav,26,"[(0,3200,'p'),(3200,6400,'p'),(6400,9600,'p'),(9600,12800,'p'),(12800,16000,'p'),(16000,19200,'p'),(19200,22400,'p'),(22400,25600,'p'),(25600,28800,'p'),(28800,32000,'p'),(32000,35200,'p'),(35200,38400,'p'),(38400,41600,'p'),(41600,44800,'p'),(44800,48000,'p')]"
1068,/Users/ssankey/PycharmProjects/AdvReverb/data/VoxCeleb1/test/id10296/LUFoMNPpdbY/00002.wav,26,"[(0,3200,'p'),(3200,6400,'p'),(6400,9600,'p'),(9600,12800,'p'),(12800,16000,'p'),(16000,19200,'p'),(19200,22400,'p'),(22400,25600,'p'),(25600,28800,'p'),(28800,32000,'p'),(32000,35200,'p'),(35200,38400,'p'),(38400,41600,'p'),(41600,44800,'p'),(44800,48000,'p')]"
1069,/Users/ssankey/PycharmProjects/AdvReverb/data/VoxCeleb1/test/id10296/LUFoMNPpdbY/00003.wav,26,"[(0,3200,'p'),(3200,6400,'p'),(6400,9600,'p'),(9600,12800,'p'),(12800,16000,'p'),(16000,19200,'p'),(19200,22400,'p'),(22400,25600,'p'),(25600,28800,'p'),(28800,32000,'p'),(32000,35200,'p'),(35200,38400,'p'),(38400,41600,'p'),(41600,44800,'p'),(44800,48000,'p')]"
1070,/Users/ssankey/PycharmProjects/AdvReverb/data/VoxCeleb1/test/id10296/LUFoMNPpdbY/00004.wav,26,"[(0,3200,'p'),(3200,6400,'p'),(6400,9600,'p'),(9600,12800,'p'),(12800,16000,'p'),(16000,19200,'p'),(19200,22400,'p'),(22400,25600,'p'),(25600,28800,'p'),(28800,32000,'p'),(32000,35200,'p'),(35200,38400,'p'),(38400,41600,'p'),(41600,44800,'p'),(44800,48000,'p')]"
1071,/Users/ssankey/PycharmProjects/AdvReverb/data/VoxCeleb1/test/id10296/LUFoMNPpdbY/00005.wav,26,"[(0,3200,'p'),(3200,6400,'p'),(6400,9600,'p'),(9600,12800,'p'),(12800,16000,'p'),(16000,19200,'p'),(19200,22400,'p'),(22400,25600,'p'),(25600,28800,'p'),(28800,32000,'p'),(32000,35200,'p'),(35200,38400,'p'),(38400,41600,'p'),(41600,44800,'p'),(44800,48000,'p')]"
1072,/Users/ssankey/PycharmProjects/AdvReverb/data/VoxCeleb1/test/id10296/LUFoMNPpdbY/00006.wav,26,"[(0,3200,'p'),(3200,6400,'p'),(6400,9600,'p'),(9600,12800,'p'),(12800,16000,'p'),(16000,19200,'p'),(19200,22400,'p'),(22400,25600,'p'),(25600,28800,'p'),(28800,32000,'p'),(32000,35200,'p'),(35200,38400,'p'),(38400,41600,'p'),(41600,44800,'p'),(44800,48000,'p')]"
1073,/Users/ssankey/PycharmProjects/AdvReverb/data/VoxCeleb1/test/id10296/LUFoMNPpdbY/00007.wav,26,"[(0,3200,'p'),(3200,6400,'p'),(6400,9600,'p'),(9600,12800,'p'),(12800,16000,'p'),(16000,19200,'p'),(19200,22400,'p'),(22400,25600,'p'),(25600,28800,'p'),(28800,32000,'p'),(32000,35200,'p'),(35200,38400,'p'),(38400,41600,'p'),(41600,44800,'p'),(44800,48000,'p')]"
1074,/Users/ssankey/PycharmProjects/AdvReverb/data/VoxCeleb1/test/id10296/LUFoMNPpdbY/00008.wav,26,"[(0,3200,'p'),(3200,6400,'p'),(6400,9600,'p'),(9600,12800,'p'),(12800,16000,'p'),(16000,19200,'p'),(19200,22400,'p'),(22400,25600,'p'),(25600,28800,'p'),(28800,32000,'p'),(32000,35200,'p'),(35200,38400,'p'),(38400,41600,'p'),(41600,44800,'p'),(44800,48000,'p')]"
1075,/Users/ssankey/PycharmProjects/AdvReverb/data/VoxCeleb1/test/id10296/LUFoMNPpdbY/00009.wav,26,"[(0,3200,'p'),(3200,6400,'p'),(6400,9600,'p'),(9600,12800,'p'),(12800,16000,'p'),(16000,19200,'p'),(19200,22400,'p'),(22400,25600,'p'),(25600,28800,'p'),(28800,32000,'p'),(32000,35200,'p'),(35200,38400,'p'),(38400,41600,'p'),(41600,44800,'p'),(44800,48000,'p')]"
1076,/Users/ssankey/PycharmProjects/AdvReverb/data/VoxCeleb1/test/id10296/mQ5JkSVET7c/00001.wav,26,"[(0,3200,'p'),(3200,6400,'p'),(6400,9600,'p'),(9600,12800,'p'),(12800,16000,'p'),(16000,19200,'p'),(19200,22400,'p'),(22400,25600,'p'),(25600,28800,'p'),(28800,32000,'p'),(32000,35200,'p'),(35200,38400,'p'),(38400,41600,'p'),(41600,44800,'p'),(44800,48000,'p')]"
1077,/Users/ssankey/PycharmProjects/AdvReverb/data/VoxCeleb1/test/id10296/mQ5JkSVET7c/00002.wav,26,"[(0,3200,'p'),(3200,6400,'p'),(6400,9600,'p'),(9600,12800,'p'),(12800,16000,'p'),(16000,19200,'p'),(19200,22400,'p'),(22400,25600,'p'),(25600,28800,'p'),(28800,32000,'p'),(32000,35200,'p'),(35200,38400,'p'),(38400,41600,'p'),(41600,44800,'p'),(44800,48000,'p')]"
1078,/Users/ssankey/PycharmProjects/AdvReverb/data/VoxCeleb1/test/id10296/mQ5JkSVET7c/00003.wav,26,"[(0,3200,'p'),(3200,6400,'p'),(6400,9600,'p'),(9600,12800,'p'),(12800,16000,'p'),(16000,19200,'p'),(19200,22400,'p'),(22400,25600,'p'),(25600,28800,'p'),(28800,32000,'p'),(32000,35200,'p'),(35200,38400,'p'),(38400,41600,'p'),(41600,44800,'p'),(44800,48000,'p')]"
1079,/Users/ssankey/PycharmProjects/AdvReverb/data/VoxCeleb1/test/id10296/mQ5JkSVET7c/00004.wav,26,"[(0,3200,'p'),(3200,6400,'p'),(6400,9600,'p'),(9600,12800,'p'),(12800,16000,'p'),(16000,19200,'p'),(19200,22400,'p'),(22400,25600,'p'),(25600,28800,'p'),(28800,32000,'p'),(32000,35200,'p'),(35200,38400,'p'),(38400,41600,'p'),(41600,44800,'p'),(44800,48000,'p')]"
1080,/Users/ssankey/PycharmProjects/AdvReverb/data/VoxCeleb1/test/id10297/0mtJFC7OJv4/00004.wav,27,"[(0,3200,'p'),(3200,6400,'p'),(6400,9600,'p'),(9600,12800,'p'),(12800,16000,'p'),(16000,19200,'p'),(19200,22400,'p'),(22400,25600,'p'),(25600,28800,'p'),(28800,32000,'p'),(32000,35200,'p'),(35200,38400,'p'),(38400,41600,'p'),(41600,44800,'p'),(44800,48000,'p')]"
1081,/Users/ssankey/PycharmProjects/AdvReverb/data/VoxCeleb1/test/id10297/0mtJFC7OJv4/00005.wav,27,"[(0,3200,'p'),(3200,6400,'p'),(6400,9600,'p'),(9600,12800,'p'),(12800,16000,'p'),(16000,19200,'p'),(19200,22400,'p'),(22400,25600,'p'),(25600,28800,'p'),(28800,32000,'p'),(32000,35200,'p'),(35200,38400,'p'),(38400,41600,'p'),(41600,44800,'p'),(44800,48000,'p')]"
1082,/Users/ssankey/PycharmProjects/AdvReverb/data/VoxCeleb1/test/id10297/0mtJFC7OJv4/00006.wav,27,"[(0,3200,'p'),(3200,6400,'p'),(6400,9600,'p'),(9600,12800,'p'),(12800,16000,'p'),(16000,19200,'p'),(19200,22400,'p'),(22400,25600,'p'),(25600,28800,'p'),(28800,32000,'p'),(32000,35200,'p'),(35200,38400,'p'),(38400,41600,'p'),(41600,44800,'p'),(44800,48000,'p')]"
1083,/Users/ssankey/PycharmProjects/AdvReverb/data/VoxCeleb1/test/id10297/23tlx1v1UCA/00001.wav,27,"[(0,3200,'p'),(3200,6400,'p'),(6400,9600,'p'),(9600,12800,'p'),(12800,16000,'p'),(16000,19200,'p'),(19200,22400,'p'),(22400,25600,'p'),(25600,28800,'p'),(28800,32000,'p'),(32000,35200,'p'),(35200,38400,'p'),(38400,41600,'p'),(41600,44800,'p'),(44800,48000,'p')]"
1084,/Users/ssankey/PycharmProjects/AdvReverb/data/VoxCeleb1/test/id10297/2eJ33J6xFVM/00001.wav,27,"[(0,3200,'p'),(3200,6400,'p'),(6400,9600,'p'),(9600,12800,'p'),(12800,16000,'p'),(16000,19200,'p'),(19200,22400,'p'),(22400,25600,'p'),(25600,28800,'p'),(28800,32000,'p'),(32000,35200,'p'),(35200,38400,'p'),(38400,41600,'p'),(41600,44800,'p'),(44800,48000,'p')]"
1085,/Users/ssankey/PycharmProjects/AdvReverb/data/VoxCeleb1/test/id10297/31XtFWtF7Sc/00001.wav,27,"[(0,3200,'p'),(3200,6400,'p'),(6400,9600,'p'),(9600,12800,'p'),(12800,16000,'p'),(16000,19200,'p'),(19200,22400,'p'),(22400,25600,'p'),(25600,28800,'p'),(28800,32000,'p'),(32000,35200,'p'),(35200,38400,'p'),(38400,41600,'p'),(41600,44800,'p'),(44800,48000,'p')]"
1086,/Users/ssankey/PycharmProjects/AdvReverb/data/VoxCeleb1/test/id10297/31XtFWtF7Sc/00002.wav,27,"[(0,3200,'p'),(3200,6400,'p'),(6400,9600,'p'),(9600,12800,'p'),(12800,16000,'p'),(16000,19200,'p'),(19200,22400,'p'),(22400,25600,'p'),(25600,28800,'p'),(28800,32000,'p'),(32000,35200,'p'),(35200,38400,'p'),(38400,41600,'p'),(41600,44800,'p'),(44800,48000,'p')]"
1087,/Users/ssankey/PycharmProjects/AdvReverb/data/VoxCeleb1/test/id10297/31XtFWtF7Sc/00003.wav,27,"[(0,3200,'p'),(3200,6400,'p'),(6400,9600,'p'),(9600,12800,'p'),(12800,16000,'p'),(16000,19200,'p'),(19200,22400,'p'),(22400,25600,'p'),(25600,28800,'p'),(28800,32000,'p'),(32000,35200,'p'),(35200,38400,'p'),(38400,41600,'p'),(41600,44800,'p'),(44800,48000,'p')]"
1088,/Users/ssankey/PycharmProjects/AdvReverb/data/VoxCeleb1/test/id10297/31XtFWtF7Sc/00004.wav,27,"[(0,3200,'p'),(3200,6400,'p'),(6400,9600,'p'),(9600,12800,'p'),(12800,16000,'p'),(16000,19200,'p'),(19200,22400,'p'),(22400,25600,'p'),(25600,28800,'p'),(28800,32000,'p'),(32000,35200,'p'),(35200,38400,'p'),(38400,41600,'p'),(41600,44800,'p'),(44800,48000,'p')]"
1089,/Users/ssankey/PycharmProjects/AdvReverb/data/VoxCeleb1/test/id10297/31XtFWtF7Sc/00005.wav,27,"[(0,3200,'p'),(3200,6400,'p'),(6400,9600,'p'),(9600,12800,'p'),(12800,16000,'p'),(16000,19200,'p'),(19200,22400,'p'),(22400,25600,'p'),(25600,28800,'p'),(28800,32000,'p'),(32000,35200,'p'),(35200,38400,'p'),(38400,41600,'p'),(41600,44800,'p'),(44800,48000,'p')]"
1090,/Users/ssankey/PycharmProjects/AdvReverb/data/VoxCeleb1/test/id10297/31XtFWtF7Sc/00006.wav,27,"[(0,3200,'p'),(3200,6400,'p'),(6400,9600,'p'),(9600,12800,'p'),(12800,16000,'p'),(16000,19200,'p'),(19200,22400,'p'),(22400,25600,'p'),(25600,28800,'p'),(28800,32000,'p'),(32000,35200,'p'),(35200,38400,'p'),(38400,41600,'p'),(41600,44800,'p'),(44800,48000,'p')]"
1091,/Users/ssankey/PycharmProjects/AdvReverb/data/VoxCeleb1/test/id10297/31XtFWtF7Sc/00007.wav,27,"[(0,3200,'p'),(3200,6400,'p'),(6400,9600,'p'),(9600,12800,'p'),(12800,16000,'p'),(16000,19200,'p'),(19200,22400,'p'),(22400,25600,'p'),(25600,28800,'p'),(28800,32000,'p'),(32000,35200,'p'),(35200,38400,'p'),(38400,41600,'p'),(41600,44800,'p'),(44800,48000,'p')]"
1092,/Users/ssankey/PycharmProjects/AdvReverb/data/VoxCeleb1/test/id10297/31XtFWtF7Sc/00008.wav,27,"[(0,3200,'p'),(3200,6400,'p'),(6400,9600,'p'),(9600,12800,'p'),(12800,16000,'p'),(16000,19200,'p'),(19200,22400,'p'),(22400,25600,'p'),(25600,28800,'p'),(28800,32000,'p'),(32000,35200,'p'),(35200,38400,'p'),(38400,41600,'p'),(41600,44800,'p'),(44800,48000,'p')]"
1093,/Users/ssankey/PycharmProjects/AdvReverb/data/VoxCeleb1/test/id10297/31XtFWtF7Sc/00009.wav,27,"[(0,3200,'p'),(3200,6400,'p'),(6400,9600,'p'),(9600,12800,'p'),(12800,16000,'p'),(16000,19200,'p'),(19200,22400,'p'),(22400,25600,'p'),(25600,28800,'p'),(28800,32000,'p'),(32000,35200,'p'),(35200,38400,'p'),(38400,41600,'p'),(41600,44800,'p'),(44800,48000,'p')]"
1094,/Users/ssankey/PycharmProjects/AdvReverb/data/VoxCeleb1/test/id10297/31XtFWtF7Sc/00010.wav,27,"[(0,3200,'p'),(3200,6400,'p'),(6400,9600,'p'),(9600,12800,'p'),(12800,16000,'p'),(16000,19200,'p'),(19200,22400,'p'),(22400,25600,'p'),(25600,28800,'p'),(28800,32000,'p'),(32000,35200,'p'),(35200,38400,'p'),(38400,41600,'p'),(41600,44800,'p'),(44800,48000,'p')]"
1095,/Users/ssankey/PycharmProjects/AdvReverb/data/VoxCeleb1/test/id10297/31XtFWtF7Sc/00011.wav,27,"[(0,3200,'p'),(3200,6400,'p'),(6400,9600,'p'),(9600,12800,'p'),(12800,16000,'p'),(16000,19200,'p'),(19200,22400,'p'),(22400,25600,'p'),(25600,28800,'p'),(28800,32000,'p'),(32000,35200,'p'),(35200,38400,'p'),(38400,41600,'p'),(41600,44800,'p'),(44800,48000,'p')]"
1096,/Users/ssankey/PycharmProjects/AdvReverb/data/VoxCeleb1/test/id10297/3vnz4Iy5fMg/00001.wav,27,"[(0,3200,'p'),(3200,6400,'p'),(6400,9600,'p'),(9600,12800,'p'),(12800,16000,'p'),(16000,19200,'p'),(19200,22400,'p'),(22400,25600,'p'),(25600,28800,'p'),(28800,32000,'p'),(32000,35200,'p'),(35200,38400,'p'),(38400,41600,'p'),(41600,44800,'p'),(44800,48000,'p')]"
1097,/Users/ssankey/PycharmProjects/AdvReverb/data/VoxCeleb1/test/id10297/3vnz4Iy5fMg/00002.wav,27,"[(0,3200,'p'),(3200,6400,'p'),(6400,9600,'p'),(9600,12800,'p'),(12800,16000,'p'),(16000,19200,'p'),(19200,22400,'p'),(22400,25600,'p'),(25600,28800,'p'),(28800,32000,'p'),(32000,35200,'p'),(35200,38400,'p'),(38400,41600,'p'),(41600,44800,'p'),(44800,48000,'p')]"
1098,/Users/ssankey/PycharmProjects/AdvReverb/data/VoxCeleb1/test/id10297/6-VE8e8RtZE/00001.wav,27,"[(0,3200,'p'),(3200,6400,'p'),(6400,9600,'p'),(9600,12800,'p'),(12800,16000,'p'),(16000,19200,'p'),(19200,22400,'p'),(22400,25600,'p'),(25600,28800,'p'),(28800,32000,'p'),(32000,35200,'p'),(35200,38400,'p'),(38400,41600,'p'),(41600,44800,'p'),(44800,48000,'p')]"
1099,/Users/ssankey/PycharmProjects/AdvReverb/data/VoxCeleb1/test/id10297/6-VE8e8RtZE/00002.wav,27,"[(0,3200,'p'),(3200,6400,'p'),(6400,9600,'p'),(9600,12800,'p'),(12800,16000,'p'),(16000,19200,'p'),(19200,22400,'p'),(22400,25600,'p'),(25600,28800,'p'),(28800,32000,'p'),(32000,35200,'p'),(35200,38400,'p'),(38400,41600,'p'),(41600,44800,'p'),(44800,48000,'p')]"
1100,/Users/ssankey/PycharmProjects/AdvReverb/data/VoxCeleb1/test/id10297/6-VE8e8RtZE/00003.wav,27,"[(0,3200,'p'),(3200,6400,'p'),(6400,9600,'p'),(9600,12800,'p'),(12800,16000,'p'),(16000,19200,'p'),(19200,22400,'p'),(22400,25600,'p'),(25600,28800,'p'),(28800,32000,'p'),(32000,35200,'p'),(35200,38400,'p'),(38400,41600,'p'),(41600,44800,'p'),(44800,48000,'p')]"
1101,/Users/ssankey/PycharmProjects/AdvReverb/data/VoxCeleb1/test/id10297/6pjKcuVoHLM/00001.wav,27,"[(0,3200,'p'),(3200,6400,'p'),(6400,9600,'p'),(9600,12800,'p'),(12800,16000,'p'),(16000,19200,'p'),(19200,22400,'p'),(22400,25600,'p'),(25600,28800,'p'),(28800,32000,'p'),(32000,35200,'p'),(35200,38400,'p'),(38400,41600,'p'),(41600,44800,'p'),(44800,48000,'p')]"
1102,/Users/ssankey/PycharmProjects/AdvReverb/data/VoxCeleb1/test/id10297/6pjKcuVoHLM/00002.wav,27,"[(0,3200,'p'),(3200,6400,'p'),(6400,9600,'p'),(9600,12800,'p'),(12800,16000,'p'),(16000,19200,'p'),(19200,22400,'p'),(22400,25600,'p'),(25600,28800,'p'),(28800,32000,'p'),(32000,35200,'p'),(35200,38400,'p'),(38400,41600,'p'),(41600,44800,'p'),(44800,48000,'p')]"
1103,/Users/ssankey/PycharmProjects/AdvReverb/data/VoxCeleb1/test/id10297/6pjKcuVoHLM/00003.wav,27,"[(0,3200,'p'),(3200,6400,'p'),(6400,9600,'p'),(9600,12800,'p'),(12800,16000,'p'),(16000,19200,'p'),(19200,22400,'p'),(22400,25600,'p'),(25600,28800,'p'),(28800,32000,'p'),(32000,35200,'p'),(35200,38400,'p'),(38400,41600,'p'),(41600,44800,'p'),(44800,48000,'p')]"
1104,/Users/ssankey/PycharmProjects/AdvReverb/data/VoxCeleb1/test/id10297/6pjKcuVoHLM/00004.wav,27,"[(0,3200,'p'),(3200,6400,'p'),(6400,9600,'p'),(9600,12800,'p'),(12800,16000,'p'),(16000,19200,'p'),(19200,22400,'p'),(22400,25600,'p'),(25600,28800,'p'),(28800,32000,'p'),(32000,35200,'p'),(35200,38400,'p'),(38400,41600,'p'),(41600,44800,'p'),(44800,48000,'p')]"
1105,/Users/ssankey/PycharmProjects/AdvReverb/data/VoxCeleb1/test/id10297/6pjKcuVoHLM/00005.wav,27,"[(0,3200,'p'),(3200,6400,'p'),(6400,9600,'p'),(9600,12800,'p'),(12800,16000,'p'),(16000,19200,'p'),(19200,22400,'p'),(22400,25600,'p'),(25600,28800,'p'),(28800,32000,'p'),(32000,35200,'p'),(35200,38400,'p'),(38400,41600,'p'),(41600,44800,'p'),(44800,48000,'p')]"
1106,/Users/ssankey/PycharmProjects/AdvReverb/data/VoxCeleb1/test/id10297/6pjKcuVoHLM/00006.wav,27,"[(0,3200,'p'),(3200,6400,'p'),(6400,9600,'p'),(9600,12800,'p'),(12800,16000,'p'),(16000,19200,'p'),(19200,22400,'p'),(22400,25600,'p'),(25600,28800,'p'),(28800,32000,'p'),(32000,35200,'p'),(35200,38400,'p'),(38400,41600,'p'),(41600,44800,'p'),(44800,48000,'p')]"
1107,/Users/ssankey/PycharmProjects/AdvReverb/data/VoxCeleb1/test/id10297/6pjKcuVoHLM/00007.wav,27,"[(0,3200,'p'),(3200,6400,'p'),(6400,9600,'p'),(9600,12800,'p'),(12800,16000,'p'),(16000,19200,'p'),(19200,22400,'p'),(22400,25600,'p'),(25600,28800,'p'),(28800,32000,'p'),(32000,35200,'p'),(35200,38400,'p'),(38400,41600,'p'),(41600,44800,'p'),(44800,48000,'p')]"
1108,/Users/ssankey/PycharmProjects/AdvReverb/data/VoxCeleb1/test/id10297/6pjKcuVoHLM/00008.wav,27,"[(0,3200,'p'),(3200,6400,'p'),(6400,9600,'p'),(9600,12800,'p'),(12800,16000,'p'),(16000,19200,'p'),(19200,22400,'p'),(22400,25600,'p'),(25600,28800,'p'),(28800,32000,'p'),(32000,35200,'p'),(35200,38400,'p'),(38400,41600,'p'),(41600,44800,'p'),(44800,48000,'p')]"
1109,/Users/ssankey/PycharmProjects/AdvReverb/data/VoxCeleb1/test/id10297/6pjKcuVoHLM/00009.wav,27,"[(0,3200,'p'),(3200,6400,'p'),(6400,9600,'p'),(9600,12800,'p'),(12800,16000,'p'),(16000,19200,'p'),(19200,22400,'p'),(22400,25600,'p'),(25600,28800,'p'),(28800,32000,'p'),(32000,35200,'p'),(35200,38400,'p'),(38400,41600,'p'),(41600,44800,'p'),(44800,48000,'p')]"
1110,/Users/ssankey/PycharmProjects/AdvReverb/data/VoxCeleb1/test/id10297/6pjKcuVoHLM/00010.wav,27,"[(0,3200,'p'),(3200,6400,'p'),(6400,9600,'p'),(9600,12800,'p'),(12800,16000,'p'),(16000,19200,'p'),(19200,22400,'p'),(22400,25600,'p'),(25600,28800,'p'),(28800,32000,'p'),(32000,35200,'p'),(35200,38400,'p'),(38400,41600,'p'),(41600,44800,'p'),(44800,48000,'p')]"
1111,/Users/ssankey/PycharmProjects/AdvReverb/data/VoxCeleb1/test/id10297/6pjKcuVoHLM/00011.wav,27,"[(0,3200,'p'),(3200,6400,'p'),(6400,9600,'p'),(9600,12800,'p'),(12800,16000,'p'),(16000,19200,'p'),(19200,22400,'p'),(22400,25600,'p'),(25600,28800,'p'),(28800,32000,'p'),(32000,35200,'p'),(35200,38400,'p'),(38400,41600,'p'),(41600,44800,'p'),(44800,48000,'p')]"
1112,/Users/ssankey/PycharmProjects/AdvReverb/data/VoxCeleb1/test/id10297/6pjKcuVoHLM/00012.wav,27,"[(0,3200,'p'),(3200,6400,'p'),(6400,9600,'p'),(9600,12800,'p'),(12800,16000,'p'),(16000,19200,'p'),(19200,22400,'p'),(22400,25600,'p'),(25600,28800,'p'),(28800,32000,'p'),(32000,35200,'p'),(35200,38400,'p'),(38400,41600,'p'),(41600,44800,'p'),(44800,48000,'p')]"
1113,/Users/ssankey/PycharmProjects/AdvReverb/data/VoxCeleb1/test/id10297/6pjKcuVoHLM/00013.wav,27,"[(0,3200,'p'),(3200,6400,'p'),(6400,9600,'p'),(9600,12800,'p'),(12800,16000,'p'),(16000,19200,'p'),(19200,22400,'p'),(22400,25600,'p'),(25600,28800,'p'),(28800,32000,'p'),(32000,35200,'p'),(35200,38400,'p'),(38400,41600,'p'),(41600,44800,'p'),(44800,48000,'p')]"
1114,/Users/ssankey/PycharmProjects/AdvReverb/data/VoxCeleb1/test/id10297/FvbLoirHpx0/00001.wav,27,"[(0,3200,'p'),(3200,6400,'p'),(6400,9600,'p'),(9600,12800,'p'),(12800,16000,'p'),(16000,19200,'p'),(19200,22400,'p'),(22400,25600,'p'),(25600,28800,'p'),(28800,32000,'p'),(32000,35200,'p'),(35200,38400,'p'),(38400,41600,'p'),(41600,44800,'p'),(44800,48000,'p')]"
1115,/Users/ssankey/PycharmProjects/AdvReverb/data/VoxCeleb1/test/id10297/FvbLoirHpx0/00002.wav,27,"[(0,3200,'p'),(3200,6400,'p'),(6400,9600,'p'),(9600,12800,'p'),(12800,16000,'p'),(16000,19200,'p'),(19200,22400,'p'),(22400,25600,'p'),(25600,28800,'p'),(28800,32000,'p'),(32000,35200,'p'),(35200,38400,'p'),(38400,41600,'p'),(41600,44800,'p'),(44800,48000,'p')]"
1116,/Users/ssankey/PycharmProjects/AdvReverb/data/VoxCeleb1/test/id10297/FvbLoirHpx0/00003.wav,27,"[(0,3200,'p'),(3200,6400,'p'),(6400,9600,'p'),(9600,12800,'p'),(12800,16000,'p'),(16000,19200,'p'),(19200,22400,'p'),(22400,25600,'p'),(25600,28800,'p'),(28800,32000,'p'),(32000,35200,'p'),(35200,38400,'p'),(38400,41600,'p'),(41600,44800,'p'),(44800,48000,'p')]"
1117,/Users/ssankey/PycharmProjects/AdvReverb/data/VoxCeleb1/test/id10297/FvbLoirHpx0/00004.wav,27,"[(0,3200,'p'),(3200,6400,'p'),(6400,9600,'p'),(9600,12800,'p'),(12800,16000,'p'),(16000,19200,'p'),(19200,22400,'p'),(22400,25600,'p'),(25600,28800,'p'),(28800,32000,'p'),(32000,35200,'p'),(35200,38400,'p'),(38400,41600,'p'),(41600,44800,'p'),(44800,48000,'p')]"
1118,/Users/ssankey/PycharmProjects/AdvReverb/data/VoxCeleb1/test/id10297/FvbLoirHpx0/00005.wav,27,"[(0,3200,'p'),(3200,6400,'p'),(6400,9600,'p'),(9600,12800,'p'),(12800,16000,'p'),(16000,19200,'p'),(19200,22400,'p'),(22400,25600,'p'),(25600,28800,'p'),(28800,32000,'p'),(32000,35200,'p'),(35200,38400,'p'),(38400,41600,'p'),(41600,44800,'p'),(44800,48000,'p')]"
1119,/Users/ssankey/PycharmProjects/AdvReverb/data/VoxCeleb1/test/id10297/FvbLoirHpx0/00006.wav,27,"[(0,3200,'p'),(3200,6400,'p'),(6400,9600,'p'),(9600,12800,'p'),(12800,16000,'p'),(16000,19200,'p'),(19200,22400,'p'),(22400,25600,'p'),(25600,28800,'p'),(28800,32000,'p'),(32000,35200,'p'),(35200,38400,'p'),(38400,41600,'p'),(41600,44800,'p'),(44800,48000,'p')]"
1120,/Users/ssankey/PycharmProjects/AdvReverb/data/VoxCeleb1/test/id10298/6qFnVechX9o/00003.wav,28,"[(0,3200,'p'),(3200,6400,'p'),(6400,9600,'p'),(9600,12800,'p'),(12800,16000,'p'),(16000,19200,'p'),(19200,22400,'p'),(22400,25600,'p'),(25600,28800,'p'),(28800,32000,'p'),(32000,35200,'p'),(35200,38400,'p'),(38400,41600,'p'),(41600,44800,'p'),(44800,48000,'p')]"
1121,/Users/ssankey/PycharmProjects/AdvReverb/data/VoxCeleb1/test/id10298/6qFnVechX9o/00004.wav,28,"[(0,3200,'p'),(3200,6400,'p'),(6400,9600,'p'),(9600,12800,'p'),(12800,16000,'p'),(16000,19200,'p'),(19200,22400,'p'),(22400,25600,'p'),(25600,28800,'p'),(28800,32000,'p'),(32000,35200,'p'),(35200,38400,'p'),(38400,41600,'p'),(41600,44800,'p'),(44800,48000,'p')]"
1122,/Users/ssankey/PycharmProjects/AdvReverb/data/VoxCeleb1/test/id10298/6qFnVechX9o/00005.wav,28,"[(0,3200,'p'),(3200,6400,'p'),(6400,9600,'p'),(9600,12800,'p'),(12800,16000,'p'),(16000,19200,'p'),(19200,22400,'p'),(22400,25600,'p'),(25600,28800,'p'),(28800,32000,'p'),(32000,35200,'p'),(35200,38400,'p'),(38400,41600,'p'),(41600,44800,'p'),(44800,48000,'p')]"
1123,/Users/ssankey/PycharmProjects/AdvReverb/data/VoxCeleb1/test/id10298/6qFnVechX9o/00006.wav,28,"[(0,3200,'p'),(3200,6400,'p'),(6400,9600,'p'),(9600,12800,'p'),(12800,16000,'p'),(16000,19200,'p'),(19200,22400,'p'),(22400,25600,'p'),(25600,28800,'p'),(28800,32000,'p'),(32000,35200,'p'),(35200,38400,'p'),(38400,41600,'p'),(41600,44800,'p'),(44800,48000,'p')]"
1124,/Users/ssankey/PycharmProjects/AdvReverb/data/VoxCeleb1/test/id10298/6qFnVechX9o/00007.wav,28,"[(0,3200,'p'),(3200,6400,'p'),(6400,9600,'p'),(9600,12800,'p'),(12800,16000,'p'),(16000,19200,'p'),(19200,22400,'p'),(22400,25600,'p'),(25600,28800,'p'),(28800,32000,'p'),(32000,35200,'p'),(35200,38400,'p'),(38400,41600,'p'),(41600,44800,'p'),(44800,48000,'p')]"
1125,/Users/ssankey/PycharmProjects/AdvReverb/data/VoxCeleb1/test/id10298/6qFnVechX9o/00008.wav,28,"[(0,3200,'p'),(3200,6400,'p'),(6400,9600,'p'),(9600,12800,'p'),(12800,16000,'p'),(16000,19200,'p'),(19200,22400,'p'),(22400,25600,'p'),(25600,28800,'p'),(28800,32000,'p'),(32000,35200,'p'),(35200,38400,'p'),(38400,41600,'p'),(41600,44800,'p'),(44800,48000,'p')]"
1126,/Users/ssankey/PycharmProjects/AdvReverb/data/VoxCeleb1/test/id10298/6qFnVechX9o/00009.wav,28,"[(0,3200,'p'),(3200,6400,'p'),(6400,9600,'p'),(9600,12800,'p'),(12800,16000,'p'),(16000,19200,'p'),(19200,22400,'p'),(22400,25600,'p'),(25600,28800,'p'),(28800,32000,'p'),(32000,35200,'p'),(35200,38400,'p'),(38400,41600,'p'),(41600,44800,'p'),(44800,48000,'p')]"
1127,/Users/ssankey/PycharmProjects/AdvReverb/data/VoxCeleb1/test/id10298/6qFnVechX9o/00010.wav,28,"[(0,3200,'p'),(3200,6400,'p'),(6400,9600,'p'),(9600,12800,'p'),(12800,16000,'p'),(16000,19200,'p'),(19200,22400,'p'),(22400,25600,'p'),(25600,28800,'p'),(28800,32000,'p'),(32000,35200,'p'),(35200,38400,'p'),(38400,41600,'p'),(41600,44800,'p'),(44800,48000,'p')]"
1128,/Users/ssankey/PycharmProjects/AdvReverb/data/VoxCeleb1/test/id10298/6qFnVechX9o/00011.wav,28,"[(0,3200,'p'),(3200,6400,'p'),(6400,9600,'p'),(9600,12800,'p'),(12800,16000,'p'),(16000,19200,'p'),(19200,22400,'p'),(22400,25600,'p'),(25600,28800,'p'),(28800,32000,'p'),(32000,35200,'p'),(35200,38400,'p'),(38400,41600,'p'),(41600,44800,'p'),(44800,48000,'p')]"
1129,/Users/ssankey/PycharmProjects/AdvReverb/data/VoxCeleb1/test/id10298/6qFnVechX9o/00012.wav,28,"[(0,3200,'p'),(3200,6400,'p'),(6400,9600,'p'),(9600,12800,'p'),(12800,16000,'p'),(16000,19200,'p'),(19200,22400,'p'),(22400,25600,'p'),(25600,28800,'p'),(28800,32000,'p'),(32000,35200,'p'),(35200,38400,'p'),(38400,41600,'p'),(41600,44800,'p'),(44800,48000,'p')]"
1130,/Users/ssankey/PycharmProjects/AdvReverb/data/VoxCeleb1/test/id10298/6qFnVechX9o/00013.wav,28,"[(0,3200,'p'),(3200,6400,'p'),(6400,9600,'p'),(9600,12800,'p'),(12800,16000,'p'),(16000,19200,'p'),(19200,22400,'p'),(22400,25600,'p'),(25600,28800,'p'),(28800,32000,'p'),(32000,35200,'p'),(35200,38400,'p'),(38400,41600,'p'),(41600,44800,'p'),(44800,48000,'p')]"
1131,/Users/ssankey/PycharmProjects/AdvReverb/data/VoxCeleb1/test/id10298/6qFnVechX9o/00014.wav,28,"[(0,3200,'p'),(3200,6400,'p'),(6400,9600,'p'),(9600,12800,'p'),(12800,16000,'p'),(16000,19200,'p'),(19200,22400,'p'),(22400,25600,'p'),(25600,28800,'p'),(28800,32000,'p'),(32000,35200,'p'),(35200,38400,'p'),(38400,41600,'p'),(41600,44800,'p'),(44800,48000,'p')]"
1132,/Users/ssankey/PycharmProjects/AdvReverb/data/VoxCeleb1/test/id10298/6qFnVechX9o/00015.wav,28,"[(0,3200,'p'),(3200,6400,'p'),(6400,9600,'p'),(9600,12800,'p'),(12800,16000,'p'),(16000,19200,'p'),(19200,22400,'p'),(22400,25600,'p'),(25600,28800,'p'),(28800,32000,'p'),(32000,35200,'p'),(35200,38400,'p'),(38400,41600,'p'),(41600,44800,'p'),(44800,48000,'p')]"
1133,/Users/ssankey/PycharmProjects/AdvReverb/data/VoxCeleb1/test/id10298/6qFnVechX9o/00016.wav,28,"[(0,3200,'p'),(3200,6400,'p'),(6400,9600,'p'),(9600,12800,'p'),(12800,16000,'p'),(16000,19200,'p'),(19200,22400,'p'),(22400,25600,'p'),(25600,28800,'p'),(28800,32000,'p'),(32000,35200,'p'),(35200,38400,'p'),(38400,41600,'p'),(41600,44800,'p'),(44800,48000,'p')]"
1134,/Users/ssankey/PycharmProjects/AdvReverb/data/VoxCeleb1/test/id10298/6qFnVechX9o/00017.wav,28,"[(0,3200,'p'),(3200,6400,'p'),(6400,9600,'p'),(9600,12800,'p'),(12800,16000,'p'),(16000,19200,'p'),(19200,22400,'p'),(22400,25600,'p'),(25600,28800,'p'),(28800,32000,'p'),(32000,35200,'p'),(35200,38400,'p'),(38400,41600,'p'),(41600,44800,'p'),(44800,48000,'p')]"
1135,/Users/ssankey/PycharmProjects/AdvReverb/data/VoxCeleb1/test/id10298/6qFnVechX9o/00018.wav,28,"[(0,3200,'p'),(3200,6400,'p'),(6400,9600,'p'),(9600,12800,'p'),(12800,16000,'p'),(16000,19200,'p'),(19200,22400,'p'),(22400,25600,'p'),(25600,28800,'p'),(28800,32000,'p'),(32000,35200,'p'),(35200,38400,'p'),(38400,41600,'p'),(41600,44800,'p'),(44800,48000,'p')]"
1136,/Users/ssankey/PycharmProjects/AdvReverb/data/VoxCeleb1/test/id10298/6qFnVechX9o/00019.wav,28,"[(0,3200,'p'),(3200,6400,'p'),(6400,9600,'p'),(9600,12800,'p'),(12800,16000,'p'),(16000,19200,'p'),(19200,22400,'p'),(22400,25600,'p'),(25600,28800,'p'),(28800,32000,'p'),(32000,35200,'p'),(35200,38400,'p'),(38400,41600,'p'),(41600,44800,'p'),(44800,48000,'p')]"
1137,/Users/ssankey/PycharmProjects/AdvReverb/data/VoxCeleb1/test/id10298/6qFnVechX9o/00020.wav,28,"[(0,3200,'p'),(3200,6400,'p'),(6400,9600,'p'),(9600,12800,'p'),(12800,16000,'p'),(16000,19200,'p'),(19200,22400,'p'),(22400,25600,'p'),(25600,28800,'p'),(28800,32000,'p'),(32000,35200,'p'),(35200,38400,'p'),(38400,41600,'p'),(41600,44800,'p'),(44800,48000,'p')]"
1138,/Users/ssankey/PycharmProjects/AdvReverb/data/VoxCeleb1/test/id10298/6qFnVechX9o/00021.wav,28,"[(0,3200,'p'),(3200,6400,'p'),(6400,9600,'p'),(9600,12800,'p'),(12800,16000,'p'),(16000,19200,'p'),(19200,22400,'p'),(22400,25600,'p'),(25600,28800,'p'),(28800,32000,'p'),(32000,35200,'p'),(35200,38400,'p'),(38400,41600,'p'),(41600,44800,'p'),(44800,48000,'p')]"
1139,/Users/ssankey/PycharmProjects/AdvReverb/data/VoxCeleb1/test/id10298/6qFnVechX9o/00022.wav,28,"[(0,3200,'p'),(3200,6400,'p'),(6400,9600,'p'),(9600,12800,'p'),(12800,16000,'p'),(16000,19200,'p'),(19200,22400,'p'),(22400,25600,'p'),(25600,28800,'p'),(28800,32000,'p'),(32000,35200,'p'),(35200,38400,'p'),(38400,41600,'p'),(41600,44800,'p'),(44800,48000,'p')]"
1140,/Users/ssankey/PycharmProjects/AdvReverb/data/VoxCeleb1/test/id10298/6qFnVechX9o/00023.wav,28,"[(0,3200,'p'),(3200,6400,'p'),(6400,9600,'p'),(9600,12800,'p'),(12800,16000,'p'),(16000,19200,'p'),(19200,22400,'p'),(22400,25600,'p'),(25600,28800,'p'),(28800,32000,'p'),(32000,35200,'p'),(35200,38400,'p'),(38400,41600,'p'),(41600,44800,'p'),(44800,48000,'p')]"
1141,/Users/ssankey/PycharmProjects/AdvReverb/data/VoxCeleb1/test/id10298/6qFnVechX9o/00024.wav,28,"[(0,3200,'p'),(3200,6400,'p'),(6400,9600,'p'),(9600,12800,'p'),(12800,16000,'p'),(16000,19200,'p'),(19200,22400,'p'),(22400,25600,'p'),(25600,28800,'p'),(28800,32000,'p'),(32000,35200,'p'),(35200,38400,'p'),(38400,41600,'p'),(41600,44800,'p'),(44800,48000,'p')]"
1142,/Users/ssankey/PycharmProjects/AdvReverb/data/VoxCeleb1/test/id10298/8v0-r8HKI_0/00001.wav,28,"[(0,3200,'p'),(3200,6400,'p'),(6400,9600,'p'),(9600,12800,'p'),(12800,16000,'p'),(16000,19200,'p'),(19200,22400,'p'),(22400,25600,'p'),(25600,28800,'p'),(28800,32000,'p'),(32000,35200,'p'),(35200,38400,'p'),(38400,41600,'p'),(41600,44800,'p'),(44800,48000,'p')]"
1143,/Users/ssankey/PycharmProjects/AdvReverb/data/VoxCeleb1/test/id10298/8v0-r8HKI_0/00002.wav,28,"[(0,3200,'p'),(3200,6400,'p'),(6400,9600,'p'),(9600,12800,'p'),(12800,16000,'p'),(16000,19200,'p'),(19200,22400,'p'),(22400,25600,'p'),(25600,28800,'p'),(28800,32000,'p'),(32000,35200,'p'),(35200,38400,'p'),(38400,41600,'p'),(41600,44800,'p'),(44800,48000,'p')]"
1144,/Users/ssankey/PycharmProjects/AdvReverb/data/VoxCeleb1/test/id10298/8v0-r8HKI_0/00003.wav,28,"[(0,3200,'p'),(3200,6400,'p'),(6400,9600,'p'),(9600,12800,'p'),(12800,16000,'p'),(16000,19200,'p'),(19200,22400,'p'),(22400,25600,'p'),(25600,28800,'p'),(28800,32000,'p'),(32000,35200,'p'),(35200,38400,'p'),(38400,41600,'p'),(41600,44800,'p'),(44800,48000,'p')]"
1145,/Users/ssankey/PycharmProjects/AdvReverb/data/VoxCeleb1/test/id10298/8v0-r8HKI_0/00004.wav,28,"[(0,3200,'p'),(3200,6400,'p'),(6400,9600,'p'),(9600,12800,'p'),(12800,16000,'p'),(16000,19200,'p'),(19200,22400,'p'),(22400,25600,'p'),(25600,28800,'p'),(28800,32000,'p'),(32000,35200,'p'),(35200,38400,'p'),(38400,41600,'p'),(41600,44800,'p'),(44800,48000,'p')]"
1146,/Users/ssankey/PycharmProjects/AdvReverb/data/VoxCeleb1/test/id10298/9o3HnyKpHLM/00001.wav,28,"[(0,3200,'p'),(3200,6400,'p'),(6400,9600,'p'),(9600,12800,'p'),(12800,16000,'p'),(16000,19200,'p'),(19200,22400,'p'),(22400,25600,'p'),(25600,28800,'p'),(28800,32000,'p'),(32000,35200,'p'),(35200,38400,'p'),(38400,41600,'p'),(41600,44800,'p'),(44800,48000,'p')]"
1147,/Users/ssankey/PycharmProjects/AdvReverb/data/VoxCeleb1/test/id10298/9o3HnyKpHLM/00002.wav,28,"[(0,3200,'p'),(3200,6400,'p'),(6400,9600,'p'),(9600,12800,'p'),(12800,16000,'p'),(16000,19200,'p'),(19200,22400,'p'),(22400,25600,'p'),(25600,28800,'p'),(28800,32000,'p'),(32000,35200,'p'),(35200,38400,'p'),(38400,41600,'p'),(41600,44800,'p'),(44800,48000,'p')]"
1148,/Users/ssankey/PycharmProjects/AdvReverb/data/VoxCeleb1/test/id10298/a0S-epXYJME/00001.wav,28,"[(0,3200,'p'),(3200,6400,'p'),(6400,9600,'p'),(9600,12800,'p'),(12800,16000,'p'),(16000,19200,'p'),(19200,22400,'p'),(22400,25600,'p'),(25600,28800,'p'),(28800,32000,'p'),(32000,35200,'p'),(35200,38400,'p'),(38400,41600,'p'),(41600,44800,'p'),(44800,48000,'p')]"
1149,/Users/ssankey/PycharmProjects/AdvReverb/data/VoxCeleb1/test/id10298/a0S-epXYJME/00002.wav,28,"[(0,3200,'p'),(3200,6400,'p'),(6400,9600,'p'),(9600,12800,'p'),(12800,16000,'p'),(16000,19200,'p'),(19200,22400,'p'),(22400,25600,'p'),(25600,28800,'p'),(28800,32000,'p'),(32000,35200,'p'),(35200,38400,'p'),(38400,41600,'p'),(41600,44800,'p'),(44800,48000,'p')]"
1150,/Users/ssankey/PycharmProjects/AdvReverb/data/VoxCeleb1/test/id10298/a0S-epXYJME/00003.wav,28,"[(0,3200,'p'),(3200,6400,'p'),(6400,9600,'p'),(9600,12800,'p'),(12800,16000,'p'),(16000,19200,'p'),(19200,22400,'p'),(22400,25600,'p'),(25600,28800,'p'),(28800,32000,'p'),(32000,35200,'p'),(35200,38400,'p'),(38400,41600,'p'),(41600,44800,'p'),(44800,48000,'p')]"
1151,/Users/ssankey/PycharmProjects/AdvReverb/data/VoxCeleb1/test/id10298/a0S-epXYJME/00004.wav,28,"[(0,3200,'p'),(3200,6400,'p'),(6400,9600,'p'),(9600,12800,'p'),(12800,16000,'p'),(16000,19200,'p'),(19200,22400,'p'),(22400,25600,'p'),(25600,28800,'p'),(28800,32000,'p'),(32000,35200,'p'),(35200,38400,'p'),(38400,41600,'p'),(41600,44800,'p'),(44800,48000,'p')]"
1152,/Users/ssankey/PycharmProjects/AdvReverb/data/VoxCeleb1/test/id10298/a0S-epXYJME/00005.wav,28,"[(0,3200,'p'),(3200,6400,'p'),(6400,9600,'p'),(9600,12800,'p'),(12800,16000,'p'),(16000,19200,'p'),(19200,22400,'p'),(22400,25600,'p'),(25600,28800,'p'),(28800,32000,'p'),(32000,35200,'p'),(35200,38400,'p'),(38400,41600,'p'),(41600,44800,'p'),(44800,48000,'p')]"
1153,/Users/ssankey/PycharmProjects/AdvReverb/data/VoxCeleb1/test/id10298/aEuSKFj0xo8/00001.wav,28,"[(0,3200,'p'),(3200,6400,'p'),(6400,9600,'p'),(9600,12800,'p'),(12800,16000,'p'),(16000,19200,'p'),(19200,22400,'p'),(22400,25600,'p'),(25600,28800,'p'),(28800,32000,'p'),(32000,35200,'p'),(35200,38400,'p'),(38400,41600,'p'),(41600,44800,'p'),(44800,48000,'p')]"
1154,/Users/ssankey/PycharmProjects/AdvReverb/data/VoxCeleb1/test/id10298/Cjt5DP6qc5Q/00001.wav,28,"[(0,3200,'p'),(3200,6400,'p'),(6400,9600,'p'),(9600,12800,'p'),(12800,16000,'p'),(16000,19200,'p'),(19200,22400,'p'),(22400,25600,'p'),(25600,28800,'p'),(28800,32000,'p'),(32000,35200,'p'),(35200,38400,'p'),(38400,41600,'p'),(41600,44800,'p'),(44800,48000,'p')]"
1155,/Users/ssankey/PycharmProjects/AdvReverb/data/VoxCeleb1/test/id10298/Cjt5DP6qc5Q/00002.wav,28,"[(0,3200,'p'),(3200,6400,'p'),(6400,9600,'p'),(9600,12800,'p'),(12800,16000,'p'),(16000,19200,'p'),(19200,22400,'p'),(22400,25600,'p'),(25600,28800,'p'),(28800,32000,'p'),(32000,35200,'p'),(35200,38400,'p'),(38400,41600,'p'),(41600,44800,'p'),(44800,48000,'p')]"
1156,/Users/ssankey/PycharmProjects/AdvReverb/data/VoxCeleb1/test/id10298/Cjt5DP6qc5Q/00003.wav,28,"[(0,3200,'p'),(3200,6400,'p'),(6400,9600,'p'),(9600,12800,'p'),(12800,16000,'p'),(16000,19200,'p'),(19200,22400,'p'),(22400,25600,'p'),(25600,28800,'p'),(28800,32000,'p'),(32000,35200,'p'),(35200,38400,'p'),(38400,41600,'p'),(41600,44800,'p'),(44800,48000,'p')]"
1157,/Users/ssankey/PycharmProjects/AdvReverb/data/VoxCeleb1/test/id10298/Cjt5DP6qc5Q/00004.wav,28,"[(0,3200,'p'),(3200,6400,'p'),(6400,9600,'p'),(9600,12800,'p'),(12800,16000,'p'),(16000,19200,'p'),(19200,22400,'p'),(22400,25600,'p'),(25600,28800,'p'),(28800,32000,'p'),(32000,35200,'p'),(35200,38400,'p'),(38400,41600,'p'),(41600,44800,'p'),(44800,48000,'p')]"
1158,/Users/ssankey/PycharmProjects/AdvReverb/data/VoxCeleb1/test/id10298/Cjt5DP6qc5Q/00005.wav,28,"[(0,3200,'p'),(3200,6400,'p'),(6400,9600,'p'),(9600,12800,'p'),(12800,16000,'p'),(16000,19200,'p'),(19200,22400,'p'),(22400,25600,'p'),(25600,28800,'p'),(28800,32000,'p'),(32000,35200,'p'),(35200,38400,'p'),(38400,41600,'p'),(41600,44800,'p'),(44800,48000,'p')]"
1159,/Users/ssankey/PycharmProjects/AdvReverb/data/VoxCeleb1/test/id10298/Cjt5DP6qc5Q/00006.wav,28,"[(0,3200,'p'),(3200,6400,'p'),(6400,9600,'p'),(9600,12800,'p'),(12800,16000,'p'),(16000,19200,'p'),(19200,22400,'p'),(22400,25600,'p'),(25600,28800,'p'),(28800,32000,'p'),(32000,35200,'p'),(35200,38400,'p'),(38400,41600,'p'),(41600,44800,'p'),(44800,48000,'p')]"
1160,/Users/ssankey/PycharmProjects/AdvReverb/data/VoxCeleb1/test/id10299/DdZRjmvZKbI/00002.wav,29,"[(0,3200,'p'),(3200,6400,'p'),(6400,9600,'p'),(9600,12800,'p'),(12800,16000,'p'),(16000,19200,'p'),(19200,22400,'p'),(22400,25600,'p'),(25600,28800,'p'),(28800,32000,'p'),(32000,35200,'p'),(35200,38400,'p'),(38400,41600,'p'),(41600,44800,'p'),(44800,48000,'p')]"
1161,/Users/ssankey/PycharmProjects/AdvReverb/data/VoxCeleb1/test/id10299/fUs5d-C3k5E/00001.wav,29,"[(0,3200,'p'),(3200,6400,'p'),(6400,9600,'p'),(9600,12800,'p'),(12800,16000,'p'),(16000,19200,'p'),(19200,22400,'p'),(22400,25600,'p'),(25600,28800,'p'),(28800,32000,'p'),(32000,35200,'p'),(35200,38400,'p'),(38400,41600,'p'),(41600,44800,'p'),(44800,48000,'p')]"
1162,/Users/ssankey/PycharmProjects/AdvReverb/data/VoxCeleb1/test/id10299/fUs5d-C3k5E/00002.wav,29,"[(0,3200,'p'),(3200,6400,'p'),(6400,9600,'p'),(9600,12800,'p'),(12800,16000,'p'),(16000,19200,'p'),(19200,22400,'p'),(22400,25600,'p'),(25600,28800,'p'),(28800,32000,'p'),(32000,35200,'p'),(35200,38400,'p'),(38400,41600,'p'),(41600,44800,'p'),(44800,48000,'p')]"
1163,/Users/ssankey/PycharmProjects/AdvReverb/data/VoxCeleb1/test/id10299/HcyUmRYz-aE/00001.wav,29,"[(0,3200,'p'),(3200,6400,'p'),(6400,9600,'p'),(9600,12800,'p'),(12800,16000,'p'),(16000,19200,'p'),(19200,22400,'p'),(22400,25600,'p'),(25600,28800,'p'),(28800,32000,'p'),(32000,35200,'p'),(35200,38400,'p'),(38400,41600,'p'),(41600,44800,'p'),(44800,48000,'p')]"
1164,/Users/ssankey/PycharmProjects/AdvReverb/data/VoxCeleb1/test/id10299/HcyUmRYz-aE/00002.wav,29,"[(0,3200,'p'),(3200,6400,'p'),(6400,9600,'p'),(9600,12800,'p'),(12800,16000,'p'),(16000,19200,'p'),(19200,22400,'p'),(22400,25600,'p'),(25600,28800,'p'),(28800,32000,'p'),(32000,35200,'p'),(35200,38400,'p'),(38400,41600,'p'),(41600,44800,'p'),(44800,48000,'p')]"
1165,/Users/ssankey/PycharmProjects/AdvReverb/data/VoxCeleb1/test/id10299/HcyUmRYz-aE/00003.wav,29,"[(0,3200,'p'),(3200,6400,'p'),(6400,9600,'p'),(9600,12800,'p'),(12800,16000,'p'),(16000,19200,'p'),(19200,22400,'p'),(22400,25600,'p'),(25600,28800,'p'),(28800,32000,'p'),(32000,35200,'p'),(35200,38400,'p'),(38400,41600,'p'),(41600,44800,'p'),(44800,48000,'p')]"
1166,/Users/ssankey/PycharmProjects/AdvReverb/data/VoxCeleb1/test/id10299/HcyUmRYz-aE/00004.wav,29,"[(0,3200,'p'),(3200,6400,'p'),(6400,9600,'p'),(9600,12800,'p'),(12800,16000,'p'),(16000,19200,'p'),(19200,22400,'p'),(22400,25600,'p'),(25600,28800,'p'),(28800,32000,'p'),(32000,35200,'p'),(35200,38400,'p'),(38400,41600,'p'),(41600,44800,'p'),(44800,48000,'p')]"
1167,/Users/ssankey/PycharmProjects/AdvReverb/data/VoxCeleb1/test/id10299/HcyUmRYz-aE/00005.wav,29,"[(0,3200,'p'),(3200,6400,'p'),(6400,9600,'p'),(9600,12800,'p'),(12800,16000,'p'),(16000,19200,'p'),(19200,22400,'p'),(22400,25600,'p'),(25600,28800,'p'),(28800,32000,'p'),(32000,35200,'p'),(35200,38400,'p'),(38400,41600,'p'),(41600,44800,'p'),(44800,48000,'p')]"
1168,/Users/ssankey/PycharmProjects/AdvReverb/data/VoxCeleb1/test/id10299/it0-Z6L2128/00001.wav,29,"[(0,3200,'p'),(3200,6400,'p'),(6400,9600,'p'),(9600,12800,'p'),(12800,16000,'p'),(16000,19200,'p'),(19200,22400,'p'),(22400,25600,'p'),(25600,28800,'p'),(28800,32000,'p'),(32000,35200,'p'),(35200,38400,'p'),(38400,41600,'p'),(41600,44800,'p'),(44800,48000,'p')]"
1169,/Users/ssankey/PycharmProjects/AdvReverb/data/VoxCeleb1/test/id10299/it0-Z6L2128/00002.wav,29,"[(0,3200,'p'),(3200,6400,'p'),(6400,9600,'p'),(9600,12800,'p'),(12800,16000,'p'),(16000,19200,'p'),(19200,22400,'p'),(22400,25600,'p'),(25600,28800,'p'),(28800,32000,'p'),(32000,35200,'p'),(35200,38400,'p'),(38400,41600,'p'),(41600,44800,'p'),(44800,48000,'p')]"
1170,/Users/ssankey/PycharmProjects/AdvReverb/data/VoxCeleb1/test/id10299/it0-Z6L2128/00003.wav,29,"[(0,3200,'p'),(3200,6400,'p'),(6400,9600,'p'),(9600,12800,'p'),(12800,16000,'p'),(16000,19200,'p'),(19200,22400,'p'),(22400,25600,'p'),(25600,28800,'p'),(28800,32000,'p'),(32000,35200,'p'),(35200,38400,'p'),(38400,41600,'p'),(41600,44800,'p'),(44800,48000,'p')]"
1171,/Users/ssankey/PycharmProjects/AdvReverb/data/VoxCeleb1/test/id10299/IwB3vu418E4/00001.wav,29,"[(0,3200,'p'),(3200,6400,'p'),(6400,9600,'p'),(9600,12800,'p'),(12800,16000,'p'),(16000,19200,'p'),(19200,22400,'p'),(22400,25600,'p'),(25600,28800,'p'),(28800,32000,'p'),(32000,35200,'p'),(35200,38400,'p'),(38400,41600,'p'),(41600,44800,'p'),(44800,48000,'p')]"
1172,/Users/ssankey/PycharmProjects/AdvReverb/data/VoxCeleb1/test/id10299/IwB3vu418E4/00002.wav,29,"[(0,3200,'p'),(3200,6400,'p'),(6400,9600,'p'),(9600,12800,'p'),(12800,16000,'p'),(16000,19200,'p'),(19200,22400,'p'),(22400,25600,'p'),(25600,28800,'p'),(28800,32000,'p'),(32000,35200,'p'),(35200,38400,'p'),(38400,41600,'p'),(41600,44800,'p'),(44800,48000,'p')]"
1173,/Users/ssankey/PycharmProjects/AdvReverb/data/VoxCeleb1/test/id10299/IwB3vu418E4/00003.wav,29,"[(0,3200,'p'),(3200,6400,'p'),(6400,9600,'p'),(9600,12800,'p'),(12800,16000,'p'),(16000,19200,'p'),(19200,22400,'p'),(22400,25600,'p'),(25600,28800,'p'),(28800,32000,'p'),(32000,35200,'p'),(35200,38400,'p'),(38400,41600,'p'),(41600,44800,'p'),(44800,48000,'p')]"
1174,/Users/ssankey/PycharmProjects/AdvReverb/data/VoxCeleb1/test/id10299/IwB3vu418E4/00004.wav,29,"[(0,3200,'p'),(3200,6400,'p'),(6400,9600,'p'),(9600,12800,'p'),(12800,16000,'p'),(16000,19200,'p'),(19200,22400,'p'),(22400,25600,'p'),(25600,28800,'p'),(28800,32000,'p'),(32000,35200,'p'),(35200,38400,'p'),(38400,41600,'p'),(41600,44800,'p'),(44800,48000,'p')]"
1175,/Users/ssankey/PycharmProjects/AdvReverb/data/VoxCeleb1/test/id10299/IwB3vu418E4/00005.wav,29,"[(0,3200,'p'),(3200,6400,'p'),(6400,9600,'p'),(9600,12800,'p'),(12800,16000,'p'),(16000,19200,'p'),(19200,22400,'p'),(22400,25600,'p'),(25600,28800,'p'),(28800,32000,'p'),(32000,35200,'p'),(35200,38400,'p'),(38400,41600,'p'),(41600,44800,'p'),(44800,48000,'p')]"
1176,/Users/ssankey/PycharmProjects/AdvReverb/data/VoxCeleb1/test/id10299/IwB3vu418E4/00006.wav,29,"[(0,3200,'p'),(3200,6400,'p'),(6400,9600,'p'),(9600,12800,'p'),(12800,16000,'p'),(16000,19200,'p'),(19200,22400,'p'),(22400,25600,'p'),(25600,28800,'p'),(28800,32000,'p'),(32000,35200,'p'),(35200,38400,'p'),(38400,41600,'p'),(41600,44800,'p'),(44800,48000,'p')]"
1177,/Users/ssankey/PycharmProjects/AdvReverb/data/VoxCeleb1/test/id10299/IwB3vu418E4/00007.wav,29,"[(0,3200,'p'),(3200,6400,'p'),(6400,9600,'p'),(9600,12800,'p'),(12800,16000,'p'),(16000,19200,'p'),(19200,22400,'p'),(22400,25600,'p'),(25600,28800,'p'),(28800,32000,'p'),(32000,35200,'p'),(35200,38400,'p'),(38400,41600,'p'),(41600,44800,'p'),(44800,48000,'p')]"
1178,/Users/ssankey/PycharmProjects/AdvReverb/data/VoxCeleb1/test/id10299/IwB3vu418E4/00008.wav,29,"[(0,3200,'p'),(3200,6400,'p'),(6400,9600,'p'),(9600,12800,'p'),(12800,16000,'p'),(16000,19200,'p'),(19200,22400,'p'),(22400,25600,'p'),(25600,28800,'p'),(28800,32000,'p'),(32000,35200,'p'),(35200,38400,'p'),(38400,41600,'p'),(41600,44800,'p'),(44800,48000,'p')]"
1179,/Users/ssankey/PycharmProjects/AdvReverb/data/VoxCeleb1/test/id10299/IwB3vu418E4/00009.wav,29,"[(0,3200,'p'),(3200,6400,'p'),(6400,9600,'p'),(9600,12800,'p'),(12800,16000,'p'),(16000,19200,'p'),(19200,22400,'p'),(22400,25600,'p'),(25600,28800,'p'),(28800,32000,'p'),(32000,35200,'p'),(35200,38400,'p'),(38400,41600,'p'),(41600,44800,'p'),(44800,48000,'p')]"
1180,/Users/ssankey/PycharmProjects/AdvReverb/data/VoxCeleb1/test/id10299/SX-117N_MoI/00001.wav,29,"[(0,3200,'p'),(3200,6400,'p'),(6400,9600,'p'),(9600,12800,'p'),(12800,16000,'p'),(16000,19200,'p'),(19200,22400,'p'),(22400,25600,'p'),(25600,28800,'p'),(28800,32000,'p'),(32000,35200,'p'),(35200,38400,'p'),(38400,41600,'p'),(41600,44800,'p'),(44800,48000,'p')]"
1181,/Users/ssankey/PycharmProjects/AdvReverb/data/VoxCeleb1/test/id10299/SX-117N_MoI/00002.wav,29,"[(0,3200,'p'),(3200,6400,'p'),(6400,9600,'p'),(9600,12800,'p'),(12800,16000,'p'),(16000,19200,'p'),(19200,22400,'p'),(22400,25600,'p'),(25600,28800,'p'),(28800,32000,'p'),(32000,35200,'p'),(35200,38400,'p'),(38400,41600,'p'),(41600,44800,'p'),(44800,48000,'p')]"
1182,/Users/ssankey/PycharmProjects/AdvReverb/data/VoxCeleb1/test/id10299/SX-117N_MoI/00003.wav,29,"[(0,3200,'p'),(3200,6400,'p'),(6400,9600,'p'),(9600,12800,'p'),(12800,16000,'p'),(16000,19200,'p'),(19200,22400,'p'),(22400,25600,'p'),(25600,28800,'p'),(28800,32000,'p'),(32000,35200,'p'),(35200,38400,'p'),(38400,41600,'p'),(41600,44800,'p'),(44800,48000,'p')]"
1183,/Users/ssankey/PycharmProjects/AdvReverb/data/VoxCeleb1/test/id10299/SX-117N_MoI/00004.wav,29,"[(0,3200,'p'),(3200,6400,'p'),(6400,9600,'p'),(9600,12800,'p'),(12800,16000,'p'),(16000,19200,'p'),(19200,22400,'p'),(22400,25600,'p'),(25600,28800,'p'),(28800,32000,'p'),(32000,35200,'p'),(35200,38400,'p'),(38400,41600,'p'),(41600,44800,'p'),(44800,48000,'p')]"
1184,/Users/ssankey/PycharmProjects/AdvReverb/data/VoxCeleb1/test/id10299/SX-117N_MoI/00005.wav,29,"[(0,3200,'p'),(3200,6400,'p'),(6400,9600,'p'),(9600,12800,'p'),(12800,16000,'p'),(16000,19200,'p'),(19200,22400,'p'),(22400,25600,'p'),(25600,28800,'p'),(28800,32000,'p'),(32000,35200,'p'),(35200,38400,'p'),(38400,41600,'p'),(41600,44800,'p'),(44800,48000,'p')]"
1185,/Users/ssankey/PycharmProjects/AdvReverb/data/VoxCeleb1/test/id10299/SX-117N_MoI/00006.wav,29,"[(0,3200,'p'),(3200,6400,'p'),(6400,9600,'p'),(9600,12800,'p'),(12800,16000,'p'),(16000,19200,'p'),(19200,22400,'p'),(22400,25600,'p'),(25600,28800,'p'),(28800,32000,'p'),(32000,35200,'p'),(35200,38400,'p'),(38400,41600,'p'),(41600,44800,'p'),(44800,48000,'p')]"
1186,/Users/ssankey/PycharmProjects/AdvReverb/data/VoxCeleb1/test/id10299/uaPd2Ix-wSI/00001.wav,29,"[(0,3200,'p'),(3200,6400,'p'),(6400,9600,'p'),(9600,12800,'p'),(12800,16000,'p'),(16000,19200,'p'),(19200,22400,'p'),(22400,25600,'p'),(25600,28800,'p'),(28800,32000,'p'),(32000,35200,'p'),(35200,38400,'p'),(38400,41600,'p'),(41600,44800,'p'),(44800,48000,'p')]"
1187,/Users/ssankey/PycharmProjects/AdvReverb/data/VoxCeleb1/test/id10299/uaPd2Ix-wSI/00002.wav,29,"[(0,3200,'p'),(3200,6400,'p'),(6400,9600,'p'),(9600,12800,'p'),(12800,16000,'p'),(16000,19200,'p'),(19200,22400,'p'),(22400,25600,'p'),(25600,28800,'p'),(28800,32000,'p'),(32000,35200,'p'),(35200,38400,'p'),(38400,41600,'p'),(41600,44800,'p'),(44800,48000,'p')]"
1188,/Users/ssankey/PycharmProjects/AdvReverb/data/VoxCeleb1/test/id10299/uaPd2Ix-wSI/00003.wav,29,"[(0,3200,'p'),(3200,6400,'p'),(6400,9600,'p'),(9600,12800,'p'),(12800,16000,'p'),(16000,19200,'p'),(19200,22400,'p'),(22400,25600,'p'),(25600,28800,'p'),(28800,32000,'p'),(32000,35200,'p'),(35200,38400,'p'),(38400,41600,'p'),(41600,44800,'p'),(44800,48000,'p')]"
1189,/Users/ssankey/PycharmProjects/AdvReverb/data/VoxCeleb1/test/id10299/uaPd2Ix-wSI/00004.wav,29,"[(0,3200,'p'),(3200,6400,'p'),(6400,9600,'p'),(9600,12800,'p'),(12800,16000,'p'),(16000,19200,'p'),(19200,22400,'p'),(22400,25600,'p'),(25600,28800,'p'),(28800,32000,'p'),(32000,35200,'p'),(35200,38400,'p'),(38400,41600,'p'),(41600,44800,'p'),(44800,48000,'p')]"
1190,/Users/ssankey/PycharmProjects/AdvReverb/data/VoxCeleb1/test/id10299/uaPd2Ix-wSI/00005.wav,29,"[(0,3200,'p'),(3200,6400,'p'),(6400,9600,'p'),(9600,12800,'p'),(12800,16000,'p'),(16000,19200,'p'),(19200,22400,'p'),(22400,25600,'p'),(25600,28800,'p'),(28800,32000,'p'),(32000,35200,'p'),(35200,38400,'p'),(38400,41600,'p'),(41600,44800,'p'),(44800,48000,'p')]"
1191,/Users/ssankey/PycharmProjects/AdvReverb/data/VoxCeleb1/test/id10299/uaPd2Ix-wSI/00006.wav,29,"[(0,3200,'p'),(3200,6400,'p'),(6400,9600,'p'),(9600,12800,'p'),(12800,16000,'p'),(16000,19200,'p'),(19200,22400,'p'),(22400,25600,'p'),(25600,28800,'p'),(28800,32000,'p'),(32000,35200,'p'),(35200,38400,'p'),(38400,41600,'p'),(41600,44800,'p'),(44800,48000,'p')]"
1192,/Users/ssankey/PycharmProjects/AdvReverb/data/VoxCeleb1/test/id10299/uaPd2Ix-wSI/00007.wav,29,"[(0,3200,'p'),(3200,6400,'p'),(6400,9600,'p'),(9600,12800,'p'),(12800,16000,'p'),(16000,19200,'p'),(19200,22400,'p'),(22400,25600,'p'),(25600,28800,'p'),(28800,32000,'p'),(32000,35200,'p'),(35200,38400,'p'),(38400,41600,'p'),(41600,44800,'p'),(44800,48000,'p')]"
1193,/Users/ssankey/PycharmProjects/AdvReverb/data/VoxCeleb1/test/id10299/uaPd2Ix-wSI/00008.wav,29,"[(0,3200,'p'),(3200,6400,'p'),(6400,9600,'p'),(9600,12800,'p'),(12800,16000,'p'),(16000,19200,'p'),(19200,22400,'p'),(22400,25600,'p'),(25600,28800,'p'),(28800,32000,'p'),(32000,35200,'p'),(35200,38400,'p'),(38400,41600,'p'),(41600,44800,'p'),(44800,48000,'p')]"
1194,/Users/ssankey/PycharmProjects/AdvReverb/data/VoxCeleb1/test/id10299/uaPd2Ix-wSI/00009.wav,29,"[(0,3200,'p'),(3200,6400,'p'),(6400,9600,'p'),(9600,12800,'p'),(12800,16000,'p'),(16000,19200,'p'),(19200,22400,'p'),(22400,25600,'p'),(25600,28800,'p'),(28800,32000,'p'),(32000,35200,'p'),(35200,38400,'p'),(38400,41600,'p'),(41600,44800,'p'),(44800,48000,'p')]"
1195,/Users/ssankey/PycharmProjects/AdvReverb/data/VoxCeleb1/test/id10299/uaPd2Ix-wSI/00010.wav,29,"[(0,3200,'p'),(3200,6400,'p'),(6400,9600,'p'),(9600,12800,'p'),(12800,16000,'p'),(16000,19200,'p'),(19200,22400,'p'),(22400,25600,'p'),(25600,28800,'p'),(28800,32000,'p'),(32000,35200,'p'),(35200,38400,'p'),(38400,41600,'p'),(41600,44800,'p'),(44800,48000,'p')]"
1196,/Users/ssankey/PycharmProjects/AdvReverb/data/VoxCeleb1/test/id10299/uaPd2Ix-wSI/00011.wav,29,"[(0,3200,'p'),(3200,6400,'p'),(6400,9600,'p'),(9600,12800,'p'),(12800,16000,'p'),(16000,19200,'p'),(19200,22400,'p'),(22400,25600,'p'),(25600,28800,'p'),(28800,32000,'p'),(32000,35200,'p'),(35200,38400,'p'),(38400,41600,'p'),(41600,44800,'p'),(44800,48000,'p')]"
1197,/Users/ssankey/PycharmProjects/AdvReverb/data/VoxCeleb1/test/id10299/x3QoGpHxThw/00001.wav,29,"[(0,3200,'p'),(3200,6400,'p'),(6400,9600,'p'),(9600,12800,'p'),(12800,16000,'p'),(16000,19200,'p'),(19200,22400,'p'),(22400,25600,'p'),(25600,28800,'p'),(28800,32000,'p'),(32000,35200,'p'),(35200,38400,'p'),(38400,41600,'p'),(41600,44800,'p'),(44800,48000,'p')]"
1198,/Users/ssankey/PycharmProjects/AdvReverb/data/VoxCeleb1/test/id10299/x3QoGpHxThw/00002.wav,29,"[(0,3200,'p'),(3200,6400,'p'),(6400,9600,'p'),(9600,12800,'p'),(12800,16000,'p'),(16000,19200,'p'),(19200,22400,'p'),(22400,25600,'p'),(25600,28800,'p'),(28800,32000,'p'),(32000,35200,'p'),(35200,38400,'p'),(38400,41600,'p'),(41600,44800,'p'),(44800,48000,'p')]"
1199,/Users/ssankey/PycharmProjects/AdvReverb/data/VoxCeleb1/test/id10299/x3QoGpHxThw/00003.wav,29,"[(0,3200,'p'),(3200,6400,'p'),(6400,9600,'p'),(9600,12800,'p'),(12800,16000,'p'),(16000,19200,'p'),(19200,22400,'p'),(22400,25600,'p'),(25600,28800,'p'),(28800,32000,'p'),(32000,35200,'p'),(35200,38400,'p'),(38400,41600,'p'),(41600,44800,'p'),(44800,48000,'p')]"
1200,/Users/ssankey/PycharmProjects/AdvReverb/data/VoxCeleb1/test/id10300/1ZyvrJaiLQk/00004.wav,30,"[(0,3200,'p'),(3200,6400,'p'),(6400,9600,'p'),(9600,12800,'p'),(12800,16000,'p'),(16000,19200,'p'),(19200,22400,'p'),(22400,25600,'p'),(25600,28800,'p'),(28800,32000,'p'),(32000,35200,'p'),(35200,38400,'p'),(38400,41600,'p'),(41600,44800,'p'),(44800,48000,'p')]"
1201,/Users/ssankey/PycharmProjects/AdvReverb/data/VoxCeleb1/test/id10300/1ZyvrJaiLQk/00005.wav,30,"[(0,3200,'p'),(3200,6400,'p'),(6400,9600,'p'),(9600,12800,'p'),(12800,16000,'p'),(16000,19200,'p'),(19200,22400,'p'),(22400,25600,'p'),(25600,28800,'p'),(28800,32000,'p'),(32000,35200,'p'),(35200,38400,'p'),(38400,41600,'p'),(41600,44800,'p'),(44800,48000,'p')]"
1202,/Users/ssankey/PycharmProjects/AdvReverb/data/VoxCeleb1/test/id10300/1ZyvrJaiLQk/00006.wav,30,"[(0,3200,'p'),(3200,6400,'p'),(6400,9600,'p'),(9600,12800,'p'),(12800,16000,'p'),(16000,19200,'p'),(19200,22400,'p'),(22400,25600,'p'),(25600,28800,'p'),(28800,32000,'p'),(32000,35200,'p'),(35200,38400,'p'),(38400,41600,'p'),(41600,44800,'p'),(44800,48000,'p')]"
1203,/Users/ssankey/PycharmProjects/AdvReverb/data/VoxCeleb1/test/id10300/1ZyvrJaiLQk/00007.wav,30,"[(0,3200,'p'),(3200,6400,'p'),(6400,9600,'p'),(9600,12800,'p'),(12800,16000,'p'),(16000,19200,'p'),(19200,22400,'p'),(22400,25600,'p'),(25600,28800,'p'),(28800,32000,'p'),(32000,35200,'p'),(35200,38400,'p'),(38400,41600,'p'),(41600,44800,'p'),(44800,48000,'p')]"
1204,/Users/ssankey/PycharmProjects/AdvReverb/data/VoxCeleb1/test/id10300/1ZyvrJaiLQk/00008.wav,30,"[(0,3200,'p'),(3200,6400,'p'),(6400,9600,'p'),(9600,12800,'p'),(12800,16000,'p'),(16000,19200,'p'),(19200,22400,'p'),(22400,25600,'p'),(25600,28800,'p'),(28800,32000,'p'),(32000,35200,'p'),(35200,38400,'p'),(38400,41600,'p'),(41600,44800,'p'),(44800,48000,'p')]"
1205,/Users/ssankey/PycharmProjects/AdvReverb/data/VoxCeleb1/test/id10300/1ZyvrJaiLQk/00009.wav,30,"[(0,3200,'p'),(3200,6400,'p'),(6400,9600,'p'),(9600,12800,'p'),(12800,16000,'p'),(16000,19200,'p'),(19200,22400,'p'),(22400,25600,'p'),(25600,28800,'p'),(28800,32000,'p'),(32000,35200,'p'),(35200,38400,'p'),(38400,41600,'p'),(41600,44800,'p'),(44800,48000,'p')]"
1206,/Users/ssankey/PycharmProjects/AdvReverb/data/VoxCeleb1/test/id10300/1ZyvrJaiLQk/00010.wav,30,"[(0,3200,'p'),(3200,6400,'p'),(6400,9600,'p'),(9600,12800,'p'),(12800,16000,'p'),(16000,19200,'p'),(19200,22400,'p'),(22400,25600,'p'),(25600,28800,'p'),(28800,32000,'p'),(32000,35200,'p'),(35200,38400,'p'),(38400,41600,'p'),(41600,44800,'p'),(44800,48000,'p')]"
1207,/Users/ssankey/PycharmProjects/AdvReverb/data/VoxCeleb1/test/id10300/1ZyvrJaiLQk/00011.wav,30,"[(0,3200,'p'),(3200,6400,'p'),(6400,9600,'p'),(9600,12800,'p'),(12800,16000,'p'),(16000,19200,'p'),(19200,22400,'p'),(22400,25600,'p'),(25600,28800,'p'),(28800,32000,'p'),(32000,35200,'p'),(35200,38400,'p'),(38400,41600,'p'),(41600,44800,'p'),(44800,48000,'p')]"
1208,/Users/ssankey/PycharmProjects/AdvReverb/data/VoxCeleb1/test/id10300/1ZyvrJaiLQk/00012.wav,30,"[(0,3200,'p'),(3200,6400,'p'),(6400,9600,'p'),(9600,12800,'p'),(12800,16000,'p'),(16000,19200,'p'),(19200,22400,'p'),(22400,25600,'p'),(25600,28800,'p'),(28800,32000,'p'),(32000,35200,'p'),(35200,38400,'p'),(38400,41600,'p'),(41600,44800,'p'),(44800,48000,'p')]"
1209,/Users/ssankey/PycharmProjects/AdvReverb/data/VoxCeleb1/test/id10300/1ZyvrJaiLQk/00013.wav,30,"[(0,3200,'p'),(3200,6400,'p'),(6400,9600,'p'),(9600,12800,'p'),(12800,16000,'p'),(16000,19200,'p'),(19200,22400,'p'),(22400,25600,'p'),(25600,28800,'p'),(28800,32000,'p'),(32000,35200,'p'),(35200,38400,'p'),(38400,41600,'p'),(41600,44800,'p'),(44800,48000,'p')]"
1210,/Users/ssankey/PycharmProjects/AdvReverb/data/VoxCeleb1/test/id10300/1ZyvrJaiLQk/00014.wav,30,"[(0,3200,'p'),(3200,6400,'p'),(6400,9600,'p'),(9600,12800,'p'),(12800,16000,'p'),(16000,19200,'p'),(19200,22400,'p'),(22400,25600,'p'),(25600,28800,'p'),(28800,32000,'p'),(32000,35200,'p'),(35200,38400,'p'),(38400,41600,'p'),(41600,44800,'p'),(44800,48000,'p')]"
1211,/Users/ssankey/PycharmProjects/AdvReverb/data/VoxCeleb1/test/id10300/1ZyvrJaiLQk/00015.wav,30,"[(0,3200,'p'),(3200,6400,'p'),(6400,9600,'p'),(9600,12800,'p'),(12800,16000,'p'),(16000,19200,'p'),(19200,22400,'p'),(22400,25600,'p'),(25600,28800,'p'),(28800,32000,'p'),(32000,35200,'p'),(35200,38400,'p'),(38400,41600,'p'),(41600,44800,'p'),(44800,48000,'p')]"
1212,/Users/ssankey/PycharmProjects/AdvReverb/data/VoxCeleb1/test/id10300/1ZyvrJaiLQk/00016.wav,30,"[(0,3200,'p'),(3200,6400,'p'),(6400,9600,'p'),(9600,12800,'p'),(12800,16000,'p'),(16000,19200,'p'),(19200,22400,'p'),(22400,25600,'p'),(25600,28800,'p'),(28800,32000,'p'),(32000,35200,'p'),(35200,38400,'p'),(38400,41600,'p'),(41600,44800,'p'),(44800,48000,'p')]"
1213,/Users/ssankey/PycharmProjects/AdvReverb/data/VoxCeleb1/test/id10300/1ZyvrJaiLQk/00017.wav,30,"[(0,3200,'p'),(3200,6400,'p'),(6400,9600,'p'),(9600,12800,'p'),(12800,16000,'p'),(16000,19200,'p'),(19200,22400,'p'),(22400,25600,'p'),(25600,28800,'p'),(28800,32000,'p'),(32000,35200,'p'),(35200,38400,'p'),(38400,41600,'p'),(41600,44800,'p'),(44800,48000,'p')]"
1214,/Users/ssankey/PycharmProjects/AdvReverb/data/VoxCeleb1/test/id10300/1ZyvrJaiLQk/00018.wav,30,"[(0,3200,'p'),(3200,6400,'p'),(6400,9600,'p'),(9600,12800,'p'),(12800,16000,'p'),(16000,19200,'p'),(19200,22400,'p'),(22400,25600,'p'),(25600,28800,'p'),(28800,32000,'p'),(32000,35200,'p'),(35200,38400,'p'),(38400,41600,'p'),(41600,44800,'p'),(44800,48000,'p')]"
1215,/Users/ssankey/PycharmProjects/AdvReverb/data/VoxCeleb1/test/id10300/1ZyvrJaiLQk/00019.wav,30,"[(0,3200,'p'),(3200,6400,'p'),(6400,9600,'p'),(9600,12800,'p'),(12800,16000,'p'),(16000,19200,'p'),(19200,22400,'p'),(22400,25600,'p'),(25600,28800,'p'),(28800,32000,'p'),(32000,35200,'p'),(35200,38400,'p'),(38400,41600,'p'),(41600,44800,'p'),(44800,48000,'p')]"
1216,/Users/ssankey/PycharmProjects/AdvReverb/data/VoxCeleb1/test/id10300/1ZyvrJaiLQk/00020.wav,30,"[(0,3200,'p'),(3200,6400,'p'),(6400,9600,'p'),(9600,12800,'p'),(12800,16000,'p'),(16000,19200,'p'),(19200,22400,'p'),(22400,25600,'p'),(25600,28800,'p'),(28800,32000,'p'),(32000,35200,'p'),(35200,38400,'p'),(38400,41600,'p'),(41600,44800,'p'),(44800,48000,'p')]"
1217,/Users/ssankey/PycharmProjects/AdvReverb/data/VoxCeleb1/test/id10300/1ZyvrJaiLQk/00021.wav,30,"[(0,3200,'p'),(3200,6400,'p'),(6400,9600,'p'),(9600,12800,'p'),(12800,16000,'p'),(16000,19200,'p'),(19200,22400,'p'),(22400,25600,'p'),(25600,28800,'p'),(28800,32000,'p'),(32000,35200,'p'),(35200,38400,'p'),(38400,41600,'p'),(41600,44800,'p'),(44800,48000,'p')]"
1218,/Users/ssankey/PycharmProjects/AdvReverb/data/VoxCeleb1/test/id10300/1ZyvrJaiLQk/00022.wav,30,"[(0,3200,'p'),(3200,6400,'p'),(6400,9600,'p'),(9600,12800,'p'),(12800,16000,'p'),(16000,19200,'p'),(19200,22400,'p'),(22400,25600,'p'),(25600,28800,'p'),(28800,32000,'p'),(32000,35200,'p'),(35200,38400,'p'),(38400,41600,'p'),(41600,44800,'p'),(44800,48000,'p')]"
1219,/Users/ssankey/PycharmProjects/AdvReverb/data/VoxCeleb1/test/id10300/1ZyvrJaiLQk/00023.wav,30,"[(0,3200,'p'),(3200,6400,'p'),(6400,9600,'p'),(9600,12800,'p'),(12800,16000,'p'),(16000,19200,'p'),(19200,22400,'p'),(22400,25600,'p'),(25600,28800,'p'),(28800,32000,'p'),(32000,35200,'p'),(35200,38400,'p'),(38400,41600,'p'),(41600,44800,'p'),(44800,48000,'p')]"
1220,/Users/ssankey/PycharmProjects/AdvReverb/data/VoxCeleb1/test/id10300/1ZyvrJaiLQk/00024.wav,30,"[(0,3200,'p'),(3200,6400,'p'),(6400,9600,'p'),(9600,12800,'p'),(12800,16000,'p'),(16000,19200,'p'),(19200,22400,'p'),(22400,25600,'p'),(25600,28800,'p'),(28800,32000,'p'),(32000,35200,'p'),(35200,38400,'p'),(38400,41600,'p'),(41600,44800,'p'),(44800,48000,'p')]"
1221,/Users/ssankey/PycharmProjects/AdvReverb/data/VoxCeleb1/test/id10300/1ZyvrJaiLQk/00025.wav,30,"[(0,3200,'p'),(3200,6400,'p'),(6400,9600,'p'),(9600,12800,'p'),(12800,16000,'p'),(16000,19200,'p'),(19200,22400,'p'),(22400,25600,'p'),(25600,28800,'p'),(28800,32000,'p'),(32000,35200,'p'),(35200,38400,'p'),(38400,41600,'p'),(41600,44800,'p'),(44800,48000,'p')]"
1222,/Users/ssankey/PycharmProjects/AdvReverb/data/VoxCeleb1/test/id10300/1ZyvrJaiLQk/00026.wav,30,"[(0,3200,'p'),(3200,6400,'p'),(6400,9600,'p'),(9600,12800,'p'),(12800,16000,'p'),(16000,19200,'p'),(19200,22400,'p'),(22400,25600,'p'),(25600,28800,'p'),(28800,32000,'p'),(32000,35200,'p'),(35200,38400,'p'),(38400,41600,'p'),(41600,44800,'p'),(44800,48000,'p')]"
1223,/Users/ssankey/PycharmProjects/AdvReverb/data/VoxCeleb1/test/id10300/1ZyvrJaiLQk/00027.wav,30,"[(0,3200,'p'),(3200,6400,'p'),(6400,9600,'p'),(9600,12800,'p'),(12800,16000,'p'),(16000,19200,'p'),(19200,22400,'p'),(22400,25600,'p'),(25600,28800,'p'),(28800,32000,'p'),(32000,35200,'p'),(35200,38400,'p'),(38400,41600,'p'),(41600,44800,'p'),(44800,48000,'p')]"
1224,/Users/ssankey/PycharmProjects/AdvReverb/data/VoxCeleb1/test/id10300/1ZyvrJaiLQk/00028.wav,30,"[(0,3200,'p'),(3200,6400,'p'),(6400,9600,'p'),(9600,12800,'p'),(12800,16000,'p'),(16000,19200,'p'),(19200,22400,'p'),(22400,25600,'p'),(25600,28800,'p'),(28800,32000,'p'),(32000,35200,'p'),(35200,38400,'p'),(38400,41600,'p'),(41600,44800,'p'),(44800,48000,'p')]"
1225,/Users/ssankey/PycharmProjects/AdvReverb/data/VoxCeleb1/test/id10300/1ZyvrJaiLQk/00029.wav,30,"[(0,3200,'p'),(3200,6400,'p'),(6400,9600,'p'),(9600,12800,'p'),(12800,16000,'p'),(16000,19200,'p'),(19200,22400,'p'),(22400,25600,'p'),(25600,28800,'p'),(28800,32000,'p'),(32000,35200,'p'),(35200,38400,'p'),(38400,41600,'p'),(41600,44800,'p'),(44800,48000,'p')]"
1226,/Users/ssankey/PycharmProjects/AdvReverb/data/VoxCeleb1/test/id10300/1ZyvrJaiLQk/00030.wav,30,"[(0,3200,'p'),(3200,6400,'p'),(6400,9600,'p'),(9600,12800,'p'),(12800,16000,'p'),(16000,19200,'p'),(19200,22400,'p'),(22400,25600,'p'),(25600,28800,'p'),(28800,32000,'p'),(32000,35200,'p'),(35200,38400,'p'),(38400,41600,'p'),(41600,44800,'p'),(44800,48000,'p')]"
1227,/Users/ssankey/PycharmProjects/AdvReverb/data/VoxCeleb1/test/id10300/1ZyvrJaiLQk/00031.wav,30,"[(0,3200,'p'),(3200,6400,'p'),(6400,9600,'p'),(9600,12800,'p'),(12800,16000,'p'),(16000,19200,'p'),(19200,22400,'p'),(22400,25600,'p'),(25600,28800,'p'),(28800,32000,'p'),(32000,35200,'p'),(35200,38400,'p'),(38400,41600,'p'),(41600,44800,'p'),(44800,48000,'p')]"
1228,/Users/ssankey/PycharmProjects/AdvReverb/data/VoxCeleb1/test/id10300/1ZyvrJaiLQk/00032.wav,30,"[(0,3200,'p'),(3200,6400,'p'),(6400,9600,'p'),(9600,12800,'p'),(12800,16000,'p'),(16000,19200,'p'),(19200,22400,'p'),(22400,25600,'p'),(25600,28800,'p'),(28800,32000,'p'),(32000,35200,'p'),(35200,38400,'p'),(38400,41600,'p'),(41600,44800,'p'),(44800,48000,'p')]"
1229,/Users/ssankey/PycharmProjects/AdvReverb/data/VoxCeleb1/test/id10300/1ZyvrJaiLQk/00033.wav,30,"[(0,3200,'p'),(3200,6400,'p'),(6400,9600,'p'),(9600,12800,'p'),(12800,16000,'p'),(16000,19200,'p'),(19200,22400,'p'),(22400,25600,'p'),(25600,28800,'p'),(28800,32000,'p'),(32000,35200,'p'),(35200,38400,'p'),(38400,41600,'p'),(41600,44800,'p'),(44800,48000,'p')]"
1230,/Users/ssankey/PycharmProjects/AdvReverb/data/VoxCeleb1/test/id10300/1ZyvrJaiLQk/00034.wav,30,"[(0,3200,'p'),(3200,6400,'p'),(6400,9600,'p'),(9600,12800,'p'),(12800,16000,'p'),(16000,19200,'p'),(19200,22400,'p'),(22400,25600,'p'),(25600,28800,'p'),(28800,32000,'p'),(32000,35200,'p'),(35200,38400,'p'),(38400,41600,'p'),(41600,44800,'p'),(44800,48000,'p')]"
1231,/Users/ssankey/PycharmProjects/AdvReverb/data/VoxCeleb1/test/id10300/1ZyvrJaiLQk/00035.wav,30,"[(0,3200,'p'),(3200,6400,'p'),(6400,9600,'p'),(9600,12800,'p'),(12800,16000,'p'),(16000,19200,'p'),(19200,22400,'p'),(22400,25600,'p'),(25600,28800,'p'),(28800,32000,'p'),(32000,35200,'p'),(35200,38400,'p'),(38400,41600,'p'),(41600,44800,'p'),(44800,48000,'p')]"
1232,/Users/ssankey/PycharmProjects/AdvReverb/data/VoxCeleb1/test/id10300/1ZyvrJaiLQk/00036.wav,30,"[(0,3200,'p'),(3200,6400,'p'),(6400,9600,'p'),(9600,12800,'p'),(12800,16000,'p'),(16000,19200,'p'),(19200,22400,'p'),(22400,25600,'p'),(25600,28800,'p'),(28800,32000,'p'),(32000,35200,'p'),(35200,38400,'p'),(38400,41600,'p'),(41600,44800,'p'),(44800,48000,'p')]"
1233,/Users/ssankey/PycharmProjects/AdvReverb/data/VoxCeleb1/test/id10300/2cAiIYHfon0/00001.wav,30,"[(0,3200,'p'),(3200,6400,'p'),(6400,9600,'p'),(9600,12800,'p'),(12800,16000,'p'),(16000,19200,'p'),(19200,22400,'p'),(22400,25600,'p'),(25600,28800,'p'),(28800,32000,'p'),(32000,35200,'p'),(35200,38400,'p'),(38400,41600,'p'),(41600,44800,'p'),(44800,48000,'p')]"
1234,/Users/ssankey/PycharmProjects/AdvReverb/data/VoxCeleb1/test/id10300/2cAiIYHfon0/00002.wav,30,"[(0,3200,'p'),(3200,6400,'p'),(6400,9600,'p'),(9600,12800,'p'),(12800,16000,'p'),(16000,19200,'p'),(19200,22400,'p'),(22400,25600,'p'),(25600,28800,'p'),(28800,32000,'p'),(32000,35200,'p'),(35200,38400,'p'),(38400,41600,'p'),(41600,44800,'p'),(44800,48000,'p')]"
1235,/Users/ssankey/PycharmProjects/AdvReverb/data/VoxCeleb1/test/id10300/2cAiIYHfon0/00003.wav,30,"[(0,3200,'p'),(3200,6400,'p'),(6400,9600,'p'),(9600,12800,'p'),(12800,16000,'p'),(16000,19200,'p'),(19200,22400,'p'),(22400,25600,'p'),(25600,28800,'p'),(28800,32000,'p'),(32000,35200,'p'),(35200,38400,'p'),(38400,41600,'p'),(41600,44800,'p'),(44800,48000,'p')]"
1236,/Users/ssankey/PycharmProjects/AdvReverb/data/VoxCeleb1/test/id10300/2cAiIYHfon0/00004.wav,30,"[(0,3200,'p'),(3200,6400,'p'),(6400,9600,'p'),(9600,12800,'p'),(12800,16000,'p'),(16000,19200,'p'),(19200,22400,'p'),(22400,25600,'p'),(25600,28800,'p'),(28800,32000,'p'),(32000,35200,'p'),(35200,38400,'p'),(38400,41600,'p'),(41600,44800,'p'),(44800,48000,'p')]"
1237,/Users/ssankey/PycharmProjects/AdvReverb/data/VoxCeleb1/test/id10300/2cAiIYHfon0/00005.wav,30,"[(0,3200,'p'),(3200,6400,'p'),(6400,9600,'p'),(9600,12800,'p'),(12800,16000,'p'),(16000,19200,'p'),(19200,22400,'p'),(22400,25600,'p'),(25600,28800,'p'),(28800,32000,'p'),(32000,35200,'p'),(35200,38400,'p'),(38400,41600,'p'),(41600,44800,'p'),(44800,48000,'p')]"
1238,/Users/ssankey/PycharmProjects/AdvReverb/data/VoxCeleb1/test/id10300/2cAiIYHfon0/00006.wav,30,"[(0,3200,'p'),(3200,6400,'p'),(6400,9600,'p'),(9600,12800,'p'),(12800,16000,'p'),(16000,19200,'p'),(19200,22400,'p'),(22400,25600,'p'),(25600,28800,'p'),(28800,32000,'p'),(32000,35200,'p'),(35200,38400,'p'),(38400,41600,'p'),(41600,44800,'p'),(44800,48000,'p')]"
1239,/Users/ssankey/PycharmProjects/AdvReverb/data/VoxCeleb1/test/id10300/2cAiIYHfon0/00007.wav,30,"[(0,3200,'p'),(3200,6400,'p'),(6400,9600,'p'),(9600,12800,'p'),(12800,16000,'p'),(16000,19200,'p'),(19200,22400,'p'),(22400,25600,'p'),(25600,28800,'p'),(28800,32000,'p'),(32000,35200,'p'),(35200,38400,'p'),(38400,41600,'p'),(41600,44800,'p'),(44800,48000,'p')]"
1240,/Users/ssankey/PycharmProjects/AdvReverb/data/VoxCeleb1/test/id10301/AeRSD9jIdSg/00003.wav,31,"[(0,3200,'p'),(3200,6400,'p'),(6400,9600,'p'),(9600,12800,'p'),(12800,16000,'p'),(16000,19200,'p'),(19200,22400,'p'),(22400,25600,'p'),(25600,28800,'p'),(28800,32000,'p'),(32000,35200,'p'),(35200,38400,'p'),(38400,41600,'p'),(41600,44800,'p'),(44800,48000,'p')]"
1241,/Users/ssankey/PycharmProjects/AdvReverb/data/VoxCeleb1/test/id10301/AeRSD9jIdSg/00004.wav,31,"[(0,3200,'p'),(3200,6400,'p'),(6400,9600,'p'),(9600,12800,'p'),(12800,16000,'p'),(16000,19200,'p'),(19200,22400,'p'),(22400,25600,'p'),(25600,28800,'p'),(28800,32000,'p'),(32000,35200,'p'),(35200,38400,'p'),(38400,41600,'p'),(41600,44800,'p'),(44800,48000,'p')]"
1242,/Users/ssankey/PycharmProjects/AdvReverb/data/VoxCeleb1/test/id10301/AeRSD9jIdSg/00005.wav,31,"[(0,3200,'p'),(3200,6400,'p'),(6400,9600,'p'),(9600,12800,'p'),(12800,16000,'p'),(16000,19200,'p'),(19200,22400,'p'),(22400,25600,'p'),(25600,28800,'p'),(28800,32000,'p'),(32000,35200,'p'),(35200,38400,'p'),(38400,41600,'p'),(41600,44800,'p'),(44800,48000,'p')]"
1243,/Users/ssankey/PycharmProjects/AdvReverb/data/VoxCeleb1/test/id10301/AeRSD9jIdSg/00006.wav,31,"[(0,3200,'p'),(3200,6400,'p'),(6400,9600,'p'),(9600,12800,'p'),(12800,16000,'p'),(16000,19200,'p'),(19200,22400,'p'),(22400,25600,'p'),(25600,28800,'p'),(28800,32000,'p'),(32000,35200,'p'),(35200,38400,'p'),(38400,41600,'p'),(41600,44800,'p'),(44800,48000,'p')]"
1244,/Users/ssankey/PycharmProjects/AdvReverb/data/VoxCeleb1/test/id10301/AeRSD9jIdSg/00007.wav,31,"[(0,3200,'p'),(3200,6400,'p'),(6400,9600,'p'),(9600,12800,'p'),(12800,16000,'p'),(16000,19200,'p'),(19200,22400,'p'),(22400,25600,'p'),(25600,28800,'p'),(28800,32000,'p'),(32000,35200,'p'),(35200,38400,'p'),(38400,41600,'p'),(41600,44800,'p'),(44800,48000,'p')]"
1245,/Users/ssankey/PycharmProjects/AdvReverb/data/VoxCeleb1/test/id10301/AeRSD9jIdSg/00008.wav,31,"[(0,3200,'p'),(3200,6400,'p'),(6400,9600,'p'),(9600,12800,'p'),(12800,16000,'p'),(16000,19200,'p'),(19200,22400,'p'),(22400,25600,'p'),(25600,28800,'p'),(28800,32000,'p'),(32000,35200,'p'),(35200,38400,'p'),(38400,41600,'p'),(41600,44800,'p'),(44800,48000,'p')]"
1246,/Users/ssankey/PycharmProjects/AdvReverb/data/VoxCeleb1/test/id10301/AeRSD9jIdSg/00009.wav,31,"[(0,3200,'p'),(3200,6400,'p'),(6400,9600,'p'),(9600,12800,'p'),(12800,16000,'p'),(16000,19200,'p'),(19200,22400,'p'),(22400,25600,'p'),(25600,28800,'p'),(28800,32000,'p'),(32000,35200,'p'),(35200,38400,'p'),(38400,41600,'p'),(41600,44800,'p'),(44800,48000,'p')]"
1247,/Users/ssankey/PycharmProjects/AdvReverb/data/VoxCeleb1/test/id10301/AeRSD9jIdSg/00010.wav,31,"[(0,3200,'p'),(3200,6400,'p'),(6400,9600,'p'),(9600,12800,'p'),(12800,16000,'p'),(16000,19200,'p'),(19200,22400,'p'),(22400,25600,'p'),(25600,28800,'p'),(28800,32000,'p'),(32000,35200,'p'),(35200,38400,'p'),(38400,41600,'p'),(41600,44800,'p'),(44800,48000,'p')]"
1248,/Users/ssankey/PycharmProjects/AdvReverb/data/VoxCeleb1/test/id10301/BVFTRGHuk3M/00001.wav,31,"[(0,3200,'p'),(3200,6400,'p'),(6400,9600,'p'),(9600,12800,'p'),(12800,16000,'p'),(16000,19200,'p'),(19200,22400,'p'),(22400,25600,'p'),(25600,28800,'p'),(28800,32000,'p'),(32000,35200,'p'),(35200,38400,'p'),(38400,41600,'p'),(41600,44800,'p'),(44800,48000,'p')]"
1249,/Users/ssankey/PycharmProjects/AdvReverb/data/VoxCeleb1/test/id10301/BVFTRGHuk3M/00002.wav,31,"[(0,3200,'p'),(3200,6400,'p'),(6400,9600,'p'),(9600,12800,'p'),(12800,16000,'p'),(16000,19200,'p'),(19200,22400,'p'),(22400,25600,'p'),(25600,28800,'p'),(28800,32000,'p'),(32000,35200,'p'),(35200,38400,'p'),(38400,41600,'p'),(41600,44800,'p'),(44800,48000,'p')]"
1250,/Users/ssankey/PycharmProjects/AdvReverb/data/VoxCeleb1/test/id10301/BVFTRGHuk3M/00003.wav,31,"[(0,3200,'p'),(3200,6400,'p'),(6400,9600,'p'),(9600,12800,'p'),(12800,16000,'p'),(16000,19200,'p'),(19200,22400,'p'),(22400,25600,'p'),(25600,28800,'p'),(28800,32000,'p'),(32000,35200,'p'),(35200,38400,'p'),(38400,41600,'p'),(41600,44800,'p'),(44800,48000,'p')]"
1251,/Users/ssankey/PycharmProjects/AdvReverb/data/VoxCeleb1/test/id10301/Eu8Bj1gx5_4/00001.wav,31,"[(0,3200,'p'),(3200,6400,'p'),(6400,9600,'p'),(9600,12800,'p'),(12800,16000,'p'),(16000,19200,'p'),(19200,22400,'p'),(22400,25600,'p'),(25600,28800,'p'),(28800,32000,'p'),(32000,35200,'p'),(35200,38400,'p'),(38400,41600,'p'),(41600,44800,'p'),(44800,48000,'p')]"
1252,/Users/ssankey/PycharmProjects/AdvReverb/data/VoxCeleb1/test/id10301/Eu8Bj1gx5_4/00002.wav,31,"[(0,3200,'p'),(3200,6400,'p'),(6400,9600,'p'),(9600,12800,'p'),(12800,16000,'p'),(16000,19200,'p'),(19200,22400,'p'),(22400,25600,'p'),(25600,28800,'p'),(28800,32000,'p'),(32000,35200,'p'),(35200,38400,'p'),(38400,41600,'p'),(41600,44800,'p'),(44800,48000,'p')]"
1253,/Users/ssankey/PycharmProjects/AdvReverb/data/VoxCeleb1/test/id10301/eVfmXU0RtRo/00001.wav,31,"[(0,3200,'p'),(3200,6400,'p'),(6400,9600,'p'),(9600,12800,'p'),(12800,16000,'p'),(16000,19200,'p'),(19200,22400,'p'),(22400,25600,'p'),(25600,28800,'p'),(28800,32000,'p'),(32000,35200,'p'),(35200,38400,'p'),(38400,41600,'p'),(41600,44800,'p'),(44800,48000,'p')]"
1254,/Users/ssankey/PycharmProjects/AdvReverb/data/VoxCeleb1/test/id10301/eVfmXU0RtRo/00002.wav,31,"[(0,3200,'p'),(3200,6400,'p'),(6400,9600,'p'),(9600,12800,'p'),(12800,16000,'p'),(16000,19200,'p'),(19200,22400,'p'),(22400,25600,'p'),(25600,28800,'p'),(28800,32000,'p'),(32000,35200,'p'),(35200,38400,'p'),(38400,41600,'p'),(41600,44800,'p'),(44800,48000,'p')]"
1255,/Users/ssankey/PycharmProjects/AdvReverb/data/VoxCeleb1/test/id10301/eVfmXU0RtRo/00003.wav,31,"[(0,3200,'p'),(3200,6400,'p'),(6400,9600,'p'),(9600,12800,'p'),(12800,16000,'p'),(16000,19200,'p'),(19200,22400,'p'),(22400,25600,'p'),(25600,28800,'p'),(28800,32000,'p'),(32000,35200,'p'),(35200,38400,'p'),(38400,41600,'p'),(41600,44800,'p'),(44800,48000,'p')]"
1256,/Users/ssankey/PycharmProjects/AdvReverb/data/VoxCeleb1/test/id10301/eVfmXU0RtRo/00004.wav,31,"[(0,3200,'p'),(3200,6400,'p'),(6400,9600,'p'),(9600,12800,'p'),(12800,16000,'p'),(16000,19200,'p'),(19200,22400,'p'),(22400,25600,'p'),(25600,28800,'p'),(28800,32000,'p'),(32000,35200,'p'),(35200,38400,'p'),(38400,41600,'p'),(41600,44800,'p'),(44800,48000,'p')]"
1257,/Users/ssankey/PycharmProjects/AdvReverb/data/VoxCeleb1/test/id10301/eVfmXU0RtRo/00005.wav,31,"[(0,3200,'p'),(3200,6400,'p'),(6400,9600,'p'),(9600,12800,'p'),(12800,16000,'p'),(16000,19200,'p'),(19200,22400,'p'),(22400,25600,'p'),(25600,28800,'p'),(28800,32000,'p'),(32000,35200,'p'),(35200,38400,'p'),(38400,41600,'p'),(41600,44800,'p'),(44800,48000,'p')]"
1258,/Users/ssankey/PycharmProjects/AdvReverb/data/VoxCeleb1/test/id10301/eVfmXU0RtRo/00006.wav,31,"[(0,3200,'p'),(3200,6400,'p'),(6400,9600,'p'),(9600,12800,'p'),(12800,16000,'p'),(16000,19200,'p'),(19200,22400,'p'),(22400,25600,'p'),(25600,28800,'p'),(28800,32000,'p'),(32000,35200,'p'),(35200,38400,'p'),(38400,41600,'p'),(41600,44800,'p'),(44800,48000,'p')]"
1259,/Users/ssankey/PycharmProjects/AdvReverb/data/VoxCeleb1/test/id10301/eVfmXU0RtRo/00007.wav,31,"[(0,3200,'p'),(3200,6400,'p'),(6400,9600,'p'),(9600,12800,'p'),(12800,16000,'p'),(16000,19200,'p'),(19200,22400,'p'),(22400,25600,'p'),(25600,28800,'p'),(28800,32000,'p'),(32000,35200,'p'),(35200,38400,'p'),(38400,41600,'p'),(41600,44800,'p'),(44800,48000,'p')]"
1260,/Users/ssankey/PycharmProjects/AdvReverb/data/VoxCeleb1/test/id10301/eVfmXU0RtRo/00008.wav,31,"[(0,3200,'p'),(3200,6400,'p'),(6400,9600,'p'),(9600,12800,'p'),(12800,16000,'p'),(16000,19200,'p'),(19200,22400,'p'),(22400,25600,'p'),(25600,28800,'p'),(28800,32000,'p'),(32000,35200,'p'),(35200,38400,'p'),(38400,41600,'p'),(41600,44800,'p'),(44800,48000,'p')]"
1261,/Users/ssankey/PycharmProjects/AdvReverb/data/VoxCeleb1/test/id10301/hX6LjjVtnGs/00001.wav,31,"[(0,3200,'p'),(3200,6400,'p'),(6400,9600,'p'),(9600,12800,'p'),(12800,16000,'p'),(16000,19200,'p'),(19200,22400,'p'),(22400,25600,'p'),(25600,28800,'p'),(28800,32000,'p'),(32000,35200,'p'),(35200,38400,'p'),(38400,41600,'p'),(41600,44800,'p'),(44800,48000,'p')]"
1262,/Users/ssankey/PycharmProjects/AdvReverb/data/VoxCeleb1/test/id10301/hX6LjjVtnGs/00002.wav,31,"[(0,3200,'p'),(3200,6400,'p'),(6400,9600,'p'),(9600,12800,'p'),(12800,16000,'p'),(16000,19200,'p'),(19200,22400,'p'),(22400,25600,'p'),(25600,28800,'p'),(28800,32000,'p'),(32000,35200,'p'),(35200,38400,'p'),(38400,41600,'p'),(41600,44800,'p'),(44800,48000,'p')]"
1263,/Users/ssankey/PycharmProjects/AdvReverb/data/VoxCeleb1/test/id10301/rXRbmL7nzIo/00001.wav,31,"[(0,3200,'p'),(3200,6400,'p'),(6400,9600,'p'),(9600,12800,'p'),(12800,16000,'p'),(16000,19200,'p'),(19200,22400,'p'),(22400,25600,'p'),(25600,28800,'p'),(28800,32000,'p'),(32000,35200,'p'),(35200,38400,'p'),(38400,41600,'p'),(41600,44800,'p'),(44800,48000,'p')]"
1264,/Users/ssankey/PycharmProjects/AdvReverb/data/VoxCeleb1/test/id10301/rXRbmL7nzIo/00002.wav,31,"[(0,3200,'p'),(3200,6400,'p'),(6400,9600,'p'),(9600,12800,'p'),(12800,16000,'p'),(16000,19200,'p'),(19200,22400,'p'),(22400,25600,'p'),(25600,28800,'p'),(28800,32000,'p'),(32000,35200,'p'),(35200,38400,'p'),(38400,41600,'p'),(41600,44800,'p'),(44800,48000,'p')]"
1265,/Users/ssankey/PycharmProjects/AdvReverb/data/VoxCeleb1/test/id10301/UkrkPwZd77Y/00001.wav,31,"[(0,3200,'p'),(3200,6400,'p'),(6400,9600,'p'),(9600,12800,'p'),(12800,16000,'p'),(16000,19200,'p'),(19200,22400,'p'),(22400,25600,'p'),(25600,28800,'p'),(28800,32000,'p'),(32000,35200,'p'),(35200,38400,'p'),(38400,41600,'p'),(41600,44800,'p'),(44800,48000,'p')]"
1266,/Users/ssankey/PycharmProjects/AdvReverb/data/VoxCeleb1/test/id10301/UkrkPwZd77Y/00002.wav,31,"[(0,3200,'p'),(3200,6400,'p'),(6400,9600,'p'),(9600,12800,'p'),(12800,16000,'p'),(16000,19200,'p'),(19200,22400,'p'),(22400,25600,'p'),(25600,28800,'p'),(28800,32000,'p'),(32000,35200,'p'),(35200,38400,'p'),(38400,41600,'p'),(41600,44800,'p'),(44800,48000,'p')]"
1267,/Users/ssankey/PycharmProjects/AdvReverb/data/VoxCeleb1/test/id10301/vhzF7dhGJzI/00001.wav,31,"[(0,3200,'p'),(3200,6400,'p'),(6400,9600,'p'),(9600,12800,'p'),(12800,16000,'p'),(16000,19200,'p'),(19200,22400,'p'),(22400,25600,'p'),(25600,28800,'p'),(28800,32000,'p'),(32000,35200,'p'),(35200,38400,'p'),(38400,41600,'p'),(41600,44800,'p'),(44800,48000,'p')]"
1268,/Users/ssankey/PycharmProjects/AdvReverb/data/VoxCeleb1/test/id10301/vhzF7dhGJzI/00002.wav,31,"[(0,3200,'p'),(3200,6400,'p'),(6400,9600,'p'),(9600,12800,'p'),(12800,16000,'p'),(16000,19200,'p'),(19200,22400,'p'),(22400,25600,'p'),(25600,28800,'p'),(28800,32000,'p'),(32000,35200,'p'),(35200,38400,'p'),(38400,41600,'p'),(41600,44800,'p'),(44800,48000,'p')]"
1269,/Users/ssankey/PycharmProjects/AdvReverb/data/VoxCeleb1/test/id10301/vhzF7dhGJzI/00003.wav,31,"[(0,3200,'p'),(3200,6400,'p'),(6400,9600,'p'),(9600,12800,'p'),(12800,16000,'p'),(16000,19200,'p'),(19200,22400,'p'),(22400,25600,'p'),(25600,28800,'p'),(28800,32000,'p'),(32000,35200,'p'),(35200,38400,'p'),(38400,41600,'p'),(41600,44800,'p'),(44800,48000,'p')]"
1270,/Users/ssankey/PycharmProjects/AdvReverb/data/VoxCeleb1/test/id10301/vhzF7dhGJzI/00004.wav,31,"[(0,3200,'p'),(3200,6400,'p'),(6400,9600,'p'),(9600,12800,'p'),(12800,16000,'p'),(16000,19200,'p'),(19200,22400,'p'),(22400,25600,'p'),(25600,28800,'p'),(28800,32000,'p'),(32000,35200,'p'),(35200,38400,'p'),(38400,41600,'p'),(41600,44800,'p'),(44800,48000,'p')]"
1271,/Users/ssankey/PycharmProjects/AdvReverb/data/VoxCeleb1/test/id10301/vhzF7dhGJzI/00005.wav,31,"[(0,3200,'p'),(3200,6400,'p'),(6400,9600,'p'),(9600,12800,'p'),(12800,16000,'p'),(16000,19200,'p'),(19200,22400,'p'),(22400,25600,'p'),(25600,28800,'p'),(28800,32000,'p'),(32000,35200,'p'),(35200,38400,'p'),(38400,41600,'p'),(41600,44800,'p'),(44800,48000,'p')]"
1272,/Users/ssankey/PycharmProjects/AdvReverb/data/VoxCeleb1/test/id10301/vhzF7dhGJzI/00006.wav,31,"[(0,3200,'p'),(3200,6400,'p'),(6400,9600,'p'),(9600,12800,'p'),(12800,16000,'p'),(16000,19200,'p'),(19200,22400,'p'),(22400,25600,'p'),(25600,28800,'p'),(28800,32000,'p'),(32000,35200,'p'),(35200,38400,'p'),(38400,41600,'p'),(41600,44800,'p'),(44800,48000,'p')]"
1273,/Users/ssankey/PycharmProjects/AdvReverb/data/VoxCeleb1/test/id10301/vhzF7dhGJzI/00007.wav,31,"[(0,3200,'p'),(3200,6400,'p'),(6400,9600,'p'),(9600,12800,'p'),(12800,16000,'p'),(16000,19200,'p'),(19200,22400,'p'),(22400,25600,'p'),(25600,28800,'p'),(28800,32000,'p'),(32000,35200,'p'),(35200,38400,'p'),(38400,41600,'p'),(41600,44800,'p'),(44800,48000,'p')]"
1274,/Users/ssankey/PycharmProjects/AdvReverb/data/VoxCeleb1/test/id10301/vhzF7dhGJzI/00008.wav,31,"[(0,3200,'p'),(3200,6400,'p'),(6400,9600,'p'),(9600,12800,'p'),(12800,16000,'p'),(16000,19200,'p'),(19200,22400,'p'),(22400,25600,'p'),(25600,28800,'p'),(28800,32000,'p'),(32000,35200,'p'),(35200,38400,'p'),(38400,41600,'p'),(41600,44800,'p'),(44800,48000,'p')]"
1275,/Users/ssankey/PycharmProjects/AdvReverb/data/VoxCeleb1/test/id10301/VIAnMw7J5tI/00001.wav,31,"[(0,3200,'p'),(3200,6400,'p'),(6400,9600,'p'),(9600,12800,'p'),(12800,16000,'p'),(16000,19200,'p'),(19200,22400,'p'),(22400,25600,'p'),(25600,28800,'p'),(28800,32000,'p'),(32000,35200,'p'),(35200,38400,'p'),(38400,41600,'p'),(41600,44800,'p'),(44800,48000,'p')]"
1276,/Users/ssankey/PycharmProjects/AdvReverb/data/VoxCeleb1/test/id10301/VIAnMw7J5tI/00002.wav,31,"[(0,3200,'p'),(3200,6400,'p'),(6400,9600,'p'),(9600,12800,'p'),(12800,16000,'p'),(16000,19200,'p'),(19200,22400,'p'),(22400,25600,'p'),(25600,28800,'p'),(28800,32000,'p'),(32000,35200,'p'),(35200,38400,'p'),(38400,41600,'p'),(41600,44800,'p'),(44800,48000,'p')]"
1277,/Users/ssankey/PycharmProjects/AdvReverb/data/VoxCeleb1/test/id10301/VIAnMw7J5tI/00003.wav,31,"[(0,3200,'p'),(3200,6400,'p'),(6400,9600,'p'),(9600,12800,'p'),(12800,16000,'p'),(16000,19200,'p'),(19200,22400,'p'),(22400,25600,'p'),(25600,28800,'p'),(28800,32000,'p'),(32000,35200,'p'),(35200,38400,'p'),(38400,41600,'p'),(41600,44800,'p'),(44800,48000,'p')]"
1278,/Users/ssankey/PycharmProjects/AdvReverb/data/VoxCeleb1/test/id10301/VIAnMw7J5tI/00004.wav,31,"[(0,3200,'p'),(3200,6400,'p'),(6400,9600,'p'),(9600,12800,'p'),(12800,16000,'p'),(16000,19200,'p'),(19200,22400,'p'),(22400,25600,'p'),(25600,28800,'p'),(28800,32000,'p'),(32000,35200,'p'),(35200,38400,'p'),(38400,41600,'p'),(41600,44800,'p'),(44800,48000,'p')]"
1279,/Users/ssankey/PycharmProjects/AdvReverb/data/VoxCeleb1/test/id10301/VIAnMw7J5tI/00005.wav,31,"[(0,3200,'p'),(3200,6400,'p'),(6400,9600,'p'),(9600,12800,'p'),(12800,16000,'p'),(16000,19200,'p'),(19200,22400,'p'),(22400,25600,'p'),(25600,28800,'p'),(28800,32000,'p'),(32000,35200,'p'),(35200,38400,'p'),(38400,41600,'p'),(41600,44800,'p'),(44800,48000,'p')]"
1280,/Users/ssankey/PycharmProjects/AdvReverb/data/VoxCeleb1/test/id10302/2Er-cV85fc4/00004.wav,32,"[(0,3200,'p'),(3200,6400,'p'),(6400,9600,'p'),(9600,12800,'p'),(12800,16000,'p'),(16000,19200,'p'),(19200,22400,'p'),(22400,25600,'p'),(25600,28800,'p'),(28800,32000,'p'),(32000,35200,'p'),(35200,38400,'p'),(38400,41600,'p'),(41600,44800,'p'),(44800,48000,'p')]"
1281,/Users/ssankey/PycharmProjects/AdvReverb/data/VoxCeleb1/test/id10302/2Er-cV85fc4/00005.wav,32,"[(0,3200,'p'),(3200,6400,'p'),(6400,9600,'p'),(9600,12800,'p'),(12800,16000,'p'),(16000,19200,'p'),(19200,22400,'p'),(22400,25600,'p'),(25600,28800,'p'),(28800,32000,'p'),(32000,35200,'p'),(35200,38400,'p'),(38400,41600,'p'),(41600,44800,'p'),(44800,48000,'p')]"
1282,/Users/ssankey/PycharmProjects/AdvReverb/data/VoxCeleb1/test/id10302/2Er-cV85fc4/00006.wav,32,"[(0,3200,'p'),(3200,6400,'p'),(6400,9600,'p'),(9600,12800,'p'),(12800,16000,'p'),(16000,19200,'p'),(19200,22400,'p'),(22400,25600,'p'),(25600,28800,'p'),(28800,32000,'p'),(32000,35200,'p'),(35200,38400,'p'),(38400,41600,'p'),(41600,44800,'p'),(44800,48000,'p')]"
1283,/Users/ssankey/PycharmProjects/AdvReverb/data/VoxCeleb1/test/id10302/2Er-cV85fc4/00007.wav,32,"[(0,3200,'p'),(3200,6400,'p'),(6400,9600,'p'),(9600,12800,'p'),(12800,16000,'p'),(16000,19200,'p'),(19200,22400,'p'),(22400,25600,'p'),(25600,28800,'p'),(28800,32000,'p'),(32000,35200,'p'),(35200,38400,'p'),(38400,41600,'p'),(41600,44800,'p'),(44800,48000,'p')]"
1284,/Users/ssankey/PycharmProjects/AdvReverb/data/VoxCeleb1/test/id10302/2Er-cV85fc4/00008.wav,32,"[(0,3200,'p'),(3200,6400,'p'),(6400,9600,'p'),(9600,12800,'p'),(12800,16000,'p'),(16000,19200,'p'),(19200,22400,'p'),(22400,25600,'p'),(25600,28800,'p'),(28800,32000,'p'),(32000,35200,'p'),(35200,38400,'p'),(38400,41600,'p'),(41600,44800,'p'),(44800,48000,'p')]"
1285,/Users/ssankey/PycharmProjects/AdvReverb/data/VoxCeleb1/test/id10302/2Er-cV85fc4/00009.wav,32,"[(0,3200,'p'),(3200,6400,'p'),(6400,9600,'p'),(9600,12800,'p'),(12800,16000,'p'),(16000,19200,'p'),(19200,22400,'p'),(22400,25600,'p'),(25600,28800,'p'),(28800,32000,'p'),(32000,35200,'p'),(35200,38400,'p'),(38400,41600,'p'),(41600,44800,'p'),(44800,48000,'p')]"
1286,/Users/ssankey/PycharmProjects/AdvReverb/data/VoxCeleb1/test/id10302/2Er-cV85fc4/00010.wav,32,"[(0,3200,'p'),(3200,6400,'p'),(6400,9600,'p'),(9600,12800,'p'),(12800,16000,'p'),(16000,19200,'p'),(19200,22400,'p'),(22400,25600,'p'),(25600,28800,'p'),(28800,32000,'p'),(32000,35200,'p'),(35200,38400,'p'),(38400,41600,'p'),(41600,44800,'p'),(44800,48000,'p')]"
1287,/Users/ssankey/PycharmProjects/AdvReverb/data/VoxCeleb1/test/id10302/2Er-cV85fc4/00011.wav,32,"[(0,3200,'p'),(3200,6400,'p'),(6400,9600,'p'),(9600,12800,'p'),(12800,16000,'p'),(16000,19200,'p'),(19200,22400,'p'),(22400,25600,'p'),(25600,28800,'p'),(28800,32000,'p'),(32000,35200,'p'),(35200,38400,'p'),(38400,41600,'p'),(41600,44800,'p'),(44800,48000,'p')]"
1288,/Users/ssankey/PycharmProjects/AdvReverb/data/VoxCeleb1/test/id10302/2Er-cV85fc4/00012.wav,32,"[(0,3200,'p'),(3200,6400,'p'),(6400,9600,'p'),(9600,12800,'p'),(12800,16000,'p'),(16000,19200,'p'),(19200,22400,'p'),(22400,25600,'p'),(25600,28800,'p'),(28800,32000,'p'),(32000,35200,'p'),(35200,38400,'p'),(38400,41600,'p'),(41600,44800,'p'),(44800,48000,'p')]"
1289,/Users/ssankey/PycharmProjects/AdvReverb/data/VoxCeleb1/test/id10302/2Er-cV85fc4/00013.wav,32,"[(0,3200,'p'),(3200,6400,'p'),(6400,9600,'p'),(9600,12800,'p'),(12800,16000,'p'),(16000,19200,'p'),(19200,22400,'p'),(22400,25600,'p'),(25600,28800,'p'),(28800,32000,'p'),(32000,35200,'p'),(35200,38400,'p'),(38400,41600,'p'),(41600,44800,'p'),(44800,48000,'p')]"
1290,/Users/ssankey/PycharmProjects/AdvReverb/data/VoxCeleb1/test/id10302/2Er-cV85fc4/00014.wav,32,"[(0,3200,'p'),(3200,6400,'p'),(6400,9600,'p'),(9600,12800,'p'),(12800,16000,'p'),(16000,19200,'p'),(19200,22400,'p'),(22400,25600,'p'),(25600,28800,'p'),(28800,32000,'p'),(32000,35200,'p'),(35200,38400,'p'),(38400,41600,'p'),(41600,44800,'p'),(44800,48000,'p')]"
1291,/Users/ssankey/PycharmProjects/AdvReverb/data/VoxCeleb1/test/id10302/2Er-cV85fc4/00015.wav,32,"[(0,3200,'p'),(3200,6400,'p'),(6400,9600,'p'),(9600,12800,'p'),(12800,16000,'p'),(16000,19200,'p'),(19200,22400,'p'),(22400,25600,'p'),(25600,28800,'p'),(28800,32000,'p'),(32000,35200,'p'),(35200,38400,'p'),(38400,41600,'p'),(41600,44800,'p'),(44800,48000,'p')]"
1292,/Users/ssankey/PycharmProjects/AdvReverb/data/VoxCeleb1/test/id10302/2Er-cV85fc4/00016.wav,32,"[(0,3200,'p'),(3200,6400,'p'),(6400,9600,'p'),(9600,12800,'p'),(12800,16000,'p'),(16000,19200,'p'),(19200,22400,'p'),(22400,25600,'p'),(25600,28800,'p'),(28800,32000,'p'),(32000,35200,'p'),(35200,38400,'p'),(38400,41600,'p'),(41600,44800,'p'),(44800,48000,'p')]"
1293,/Users/ssankey/PycharmProjects/AdvReverb/data/VoxCeleb1/test/id10302/2Er-cV85fc4/00017.wav,32,"[(0,3200,'p'),(3200,6400,'p'),(6400,9600,'p'),(9600,12800,'p'),(12800,16000,'p'),(16000,19200,'p'),(19200,22400,'p'),(22400,25600,'p'),(25600,28800,'p'),(28800,32000,'p'),(32000,35200,'p'),(35200,38400,'p'),(38400,41600,'p'),(41600,44800,'p'),(44800,48000,'p')]"
1294,/Users/ssankey/PycharmProjects/AdvReverb/data/VoxCeleb1/test/id10302/2Er-cV85fc4/00018.wav,32,"[(0,3200,'p'),(3200,6400,'p'),(6400,9600,'p'),(9600,12800,'p'),(12800,16000,'p'),(16000,19200,'p'),(19200,22400,'p'),(22400,25600,'p'),(25600,28800,'p'),(28800,32000,'p'),(32000,35200,'p'),(35200,38400,'p'),(38400,41600,'p'),(41600,44800,'p'),(44800,48000,'p')]"
1295,/Users/ssankey/PycharmProjects/AdvReverb/data/VoxCeleb1/test/id10302/2Er-cV85fc4/00019.wav,32,"[(0,3200,'p'),(3200,6400,'p'),(6400,9600,'p'),(9600,12800,'p'),(12800,16000,'p'),(16000,19200,'p'),(19200,22400,'p'),(22400,25600,'p'),(25600,28800,'p'),(28800,32000,'p'),(32000,35200,'p'),(35200,38400,'p'),(38400,41600,'p'),(41600,44800,'p'),(44800,48000,'p')]"
1296,/Users/ssankey/PycharmProjects/AdvReverb/data/VoxCeleb1/test/id10302/2Er-cV85fc4/00020.wav,32,"[(0,3200,'p'),(3200,6400,'p'),(6400,9600,'p'),(9600,12800,'p'),(12800,16000,'p'),(16000,19200,'p'),(19200,22400,'p'),(22400,25600,'p'),(25600,28800,'p'),(28800,32000,'p'),(32000,35200,'p'),(35200,38400,'p'),(38400,41600,'p'),(41600,44800,'p'),(44800,48000,'p')]"
1297,/Users/ssankey/PycharmProjects/AdvReverb/data/VoxCeleb1/test/id10302/2Er-cV85fc4/00021.wav,32,"[(0,3200,'p'),(3200,6400,'p'),(6400,9600,'p'),(9600,12800,'p'),(12800,16000,'p'),(16000,19200,'p'),(19200,22400,'p'),(22400,25600,'p'),(25600,28800,'p'),(28800,32000,'p'),(32000,35200,'p'),(35200,38400,'p'),(38400,41600,'p'),(41600,44800,'p'),(44800,48000,'p')]"
1298,/Users/ssankey/PycharmProjects/AdvReverb/data/VoxCeleb1/test/id10302/2Er-cV85fc4/00022.wav,32,"[(0,3200,'p'),(3200,6400,'p'),(6400,9600,'p'),(9600,12800,'p'),(12800,16000,'p'),(16000,19200,'p'),(19200,22400,'p'),(22400,25600,'p'),(25600,28800,'p'),(28800,32000,'p'),(32000,35200,'p'),(35200,38400,'p'),(38400,41600,'p'),(41600,44800,'p'),(44800,48000,'p')]"
1299,/Users/ssankey/PycharmProjects/AdvReverb/data/VoxCeleb1/test/id10302/2Er-cV85fc4/00023.wav,32,"[(0,3200,'p'),(3200,6400,'p'),(6400,9600,'p'),(9600,12800,'p'),(12800,16000,'p'),(16000,19200,'p'),(19200,22400,'p'),(22400,25600,'p'),(25600,28800,'p'),(28800,32000,'p'),(32000,35200,'p'),(35200,38400,'p'),(38400,41600,'p'),(41600,44800,'p'),(44800,48000,'p')]"
1300,/Users/ssankey/PycharmProjects/AdvReverb/data/VoxCeleb1/test/id10302/2Er-cV85fc4/00024.wav,32,"[(0,3200,'p'),(3200,6400,'p'),(6400,9600,'p'),(9600,12800,'p'),(12800,16000,'p'),(16000,19200,'p'),(19200,22400,'p'),(22400,25600,'p'),(25600,28800,'p'),(28800,32000,'p'),(32000,35200,'p'),(35200,38400,'p'),(38400,41600,'p'),(41600,44800,'p'),(44800,48000,'p')]"
1301,/Users/ssankey/PycharmProjects/AdvReverb/data/VoxCeleb1/test/id10302/2Er-cV85fc4/00025.wav,32,"[(0,3200,'p'),(3200,6400,'p'),(6400,9600,'p'),(9600,12800,'p'),(12800,16000,'p'),(16000,19200,'p'),(19200,22400,'p'),(22400,25600,'p'),(25600,28800,'p'),(28800,32000,'p'),(32000,35200,'p'),(35200,38400,'p'),(38400,41600,'p'),(41600,44800,'p'),(44800,48000,'p')]"
1302,/Users/ssankey/PycharmProjects/AdvReverb/data/VoxCeleb1/test/id10302/2Er-cV85fc4/00026.wav,32,"[(0,3200,'p'),(3200,6400,'p'),(6400,9600,'p'),(9600,12800,'p'),(12800,16000,'p'),(16000,19200,'p'),(19200,22400,'p'),(22400,25600,'p'),(25600,28800,'p'),(28800,32000,'p'),(32000,35200,'p'),(35200,38400,'p'),(38400,41600,'p'),(41600,44800,'p'),(44800,48000,'p')]"
1303,/Users/ssankey/PycharmProjects/AdvReverb/data/VoxCeleb1/test/id10302/2Er-cV85fc4/00027.wav,32,"[(0,3200,'p'),(3200,6400,'p'),(6400,9600,'p'),(9600,12800,'p'),(12800,16000,'p'),(16000,19200,'p'),(19200,22400,'p'),(22400,25600,'p'),(25600,28800,'p'),(28800,32000,'p'),(32000,35200,'p'),(35200,38400,'p'),(38400,41600,'p'),(41600,44800,'p'),(44800,48000,'p')]"
1304,/Users/ssankey/PycharmProjects/AdvReverb/data/VoxCeleb1/test/id10302/2Er-cV85fc4/00028.wav,32,"[(0,3200,'p'),(3200,6400,'p'),(6400,9600,'p'),(9600,12800,'p'),(12800,16000,'p'),(16000,19200,'p'),(19200,22400,'p'),(22400,25600,'p'),(25600,28800,'p'),(28800,32000,'p'),(32000,35200,'p'),(35200,38400,'p'),(38400,41600,'p'),(41600,44800,'p'),(44800,48000,'p')]"
1305,/Users/ssankey/PycharmProjects/AdvReverb/data/VoxCeleb1/test/id10302/2Er-cV85fc4/00029.wav,32,"[(0,3200,'p'),(3200,6400,'p'),(6400,9600,'p'),(9600,12800,'p'),(12800,16000,'p'),(16000,19200,'p'),(19200,22400,'p'),(22400,25600,'p'),(25600,28800,'p'),(28800,32000,'p'),(32000,35200,'p'),(35200,38400,'p'),(38400,41600,'p'),(41600,44800,'p'),(44800,48000,'p')]"
1306,/Users/ssankey/PycharmProjects/AdvReverb/data/VoxCeleb1/test/id10302/2Er-cV85fc4/00030.wav,32,"[(0,3200,'p'),(3200,6400,'p'),(6400,9600,'p'),(9600,12800,'p'),(12800,16000,'p'),(16000,19200,'p'),(19200,22400,'p'),(22400,25600,'p'),(25600,28800,'p'),(28800,32000,'p'),(32000,35200,'p'),(35200,38400,'p'),(38400,41600,'p'),(41600,44800,'p'),(44800,48000,'p')]"
1307,/Users/ssankey/PycharmProjects/AdvReverb/data/VoxCeleb1/test/id10302/2Er-cV85fc4/00031.wav,32,"[(0,3200,'p'),(3200,6400,'p'),(6400,9600,'p'),(9600,12800,'p'),(12800,16000,'p'),(16000,19200,'p'),(19200,22400,'p'),(22400,25600,'p'),(25600,28800,'p'),(28800,32000,'p'),(32000,35200,'p'),(35200,38400,'p'),(38400,41600,'p'),(41600,44800,'p'),(44800,48000,'p')]"
1308,/Users/ssankey/PycharmProjects/AdvReverb/data/VoxCeleb1/test/id10302/33L7c-DPCJQ/00001.wav,32,"[(0,3200,'p'),(3200,6400,'p'),(6400,9600,'p'),(9600,12800,'p'),(12800,16000,'p'),(16000,19200,'p'),(19200,22400,'p'),(22400,25600,'p'),(25600,28800,'p'),(28800,32000,'p'),(32000,35200,'p'),(35200,38400,'p'),(38400,41600,'p'),(41600,44800,'p'),(44800,48000,'p')]"
1309,/Users/ssankey/PycharmProjects/AdvReverb/data/VoxCeleb1/test/id10302/33L7c-DPCJQ/00002.wav,32,"[(0,3200,'p'),(3200,6400,'p'),(6400,9600,'p'),(9600,12800,'p'),(12800,16000,'p'),(16000,19200,'p'),(19200,22400,'p'),(22400,25600,'p'),(25600,28800,'p'),(28800,32000,'p'),(32000,35200,'p'),(35200,38400,'p'),(38400,41600,'p'),(41600,44800,'p'),(44800,48000,'p')]"
1310,/Users/ssankey/PycharmProjects/AdvReverb/data/VoxCeleb1/test/id10302/CNPsGRmW7rY/00001.wav,32,"[(0,3200,'p'),(3200,6400,'p'),(6400,9600,'p'),(9600,12800,'p'),(12800,16000,'p'),(16000,19200,'p'),(19200,22400,'p'),(22400,25600,'p'),(25600,28800,'p'),(28800,32000,'p'),(32000,35200,'p'),(35200,38400,'p'),(38400,41600,'p'),(41600,44800,'p'),(44800,48000,'p')]"
1311,/Users/ssankey/PycharmProjects/AdvReverb/data/VoxCeleb1/test/id10302/CNPsGRmW7rY/00002.wav,32,"[(0,3200,'p'),(3200,6400,'p'),(6400,9600,'p'),(9600,12800,'p'),(12800,16000,'p'),(16000,19200,'p'),(19200,22400,'p'),(22400,25600,'p'),(25600,28800,'p'),(28800,32000,'p'),(32000,35200,'p'),(35200,38400,'p'),(38400,41600,'p'),(41600,44800,'p'),(44800,48000,'p')]"
1312,/Users/ssankey/PycharmProjects/AdvReverb/data/VoxCeleb1/test/id10302/CNPsGRmW7rY/00003.wav,32,"[(0,3200,'p'),(3200,6400,'p'),(6400,9600,'p'),(9600,12800,'p'),(12800,16000,'p'),(16000,19200,'p'),(19200,22400,'p'),(22400,25600,'p'),(25600,28800,'p'),(28800,32000,'p'),(32000,35200,'p'),(35200,38400,'p'),(38400,41600,'p'),(41600,44800,'p'),(44800,48000,'p')]"
1313,/Users/ssankey/PycharmProjects/AdvReverb/data/VoxCeleb1/test/id10302/D6gaRV0xtf8/00001.wav,32,"[(0,3200,'p'),(3200,6400,'p'),(6400,9600,'p'),(9600,12800,'p'),(12800,16000,'p'),(16000,19200,'p'),(19200,22400,'p'),(22400,25600,'p'),(25600,28800,'p'),(28800,32000,'p'),(32000,35200,'p'),(35200,38400,'p'),(38400,41600,'p'),(41600,44800,'p'),(44800,48000,'p')]"
1314,/Users/ssankey/PycharmProjects/AdvReverb/data/VoxCeleb1/test/id10302/dtYK1cUF7mo/00001.wav,32,"[(0,3200,'p'),(3200,6400,'p'),(6400,9600,'p'),(9600,12800,'p'),(12800,16000,'p'),(16000,19200,'p'),(19200,22400,'p'),(22400,25600,'p'),(25600,28800,'p'),(28800,32000,'p'),(32000,35200,'p'),(35200,38400,'p'),(38400,41600,'p'),(41600,44800,'p'),(44800,48000,'p')]"
1315,/Users/ssankey/PycharmProjects/AdvReverb/data/VoxCeleb1/test/id10302/dtYK1cUF7mo/00002.wav,32,"[(0,3200,'p'),(3200,6400,'p'),(6400,9600,'p'),(9600,12800,'p'),(12800,16000,'p'),(16000,19200,'p'),(19200,22400,'p'),(22400,25600,'p'),(25600,28800,'p'),(28800,32000,'p'),(32000,35200,'p'),(35200,38400,'p'),(38400,41600,'p'),(41600,44800,'p'),(44800,48000,'p')]"
1316,/Users/ssankey/PycharmProjects/AdvReverb/data/VoxCeleb1/test/id10302/dtYK1cUF7mo/00003.wav,32,"[(0,3200,'p'),(3200,6400,'p'),(6400,9600,'p'),(9600,12800,'p'),(12800,16000,'p'),(16000,19200,'p'),(19200,22400,'p'),(22400,25600,'p'),(25600,28800,'p'),(28800,32000,'p'),(32000,35200,'p'),(35200,38400,'p'),(38400,41600,'p'),(41600,44800,'p'),(44800,48000,'p')]"
1317,/Users/ssankey/PycharmProjects/AdvReverb/data/VoxCeleb1/test/id10302/dtYK1cUF7mo/00004.wav,32,"[(0,3200,'p'),(3200,6400,'p'),(6400,9600,'p'),(9600,12800,'p'),(12800,16000,'p'),(16000,19200,'p'),(19200,22400,'p'),(22400,25600,'p'),(25600,28800,'p'),(28800,32000,'p'),(32000,35200,'p'),(35200,38400,'p'),(38400,41600,'p'),(41600,44800,'p'),(44800,48000,'p')]"
1318,/Users/ssankey/PycharmProjects/AdvReverb/data/VoxCeleb1/test/id10302/dtYK1cUF7mo/00005.wav,32,"[(0,3200,'p'),(3200,6400,'p'),(6400,9600,'p'),(9600,12800,'p'),(12800,16000,'p'),(16000,19200,'p'),(19200,22400,'p'),(22400,25600,'p'),(25600,28800,'p'),(28800,32000,'p'),(32000,35200,'p'),(35200,38400,'p'),(38400,41600,'p'),(41600,44800,'p'),(44800,48000,'p')]"
1319,/Users/ssankey/PycharmProjects/AdvReverb/data/VoxCeleb1/test/id10302/ekqJava7sdE/00001.wav,32,"[(0,3200,'p'),(3200,6400,'p'),(6400,9600,'p'),(9600,12800,'p'),(12800,16000,'p'),(16000,19200,'p'),(19200,22400,'p'),(22400,25600,'p'),(25600,28800,'p'),(28800,32000,'p'),(32000,35200,'p'),(35200,38400,'p'),(38400,41600,'p'),(41600,44800,'p'),(44800,48000,'p')]"
1320,/Users/ssankey/PycharmProjects/AdvReverb/data/VoxCeleb1/test/id10303/LKDWhdJQFco/00002.wav,33,"[(0,3200,'p'),(3200,6400,'p'),(6400,9600,'p'),(9600,12800,'p'),(12800,16000,'p'),(16000,19200,'p'),(19200,22400,'p'),(22400,25600,'p'),(25600,28800,'p'),(28800,32000,'p'),(32000,35200,'p'),(35200,38400,'p'),(38400,41600,'p'),(41600,44800,'p'),(44800,48000,'p')]"
1321,/Users/ssankey/PycharmProjects/AdvReverb/data/VoxCeleb1/test/id10303/LKDWhdJQFco/00003.wav,33,"[(0,3200,'p'),(3200,6400,'p'),(6400,9600,'p'),(9600,12800,'p'),(12800,16000,'p'),(16000,19200,'p'),(19200,22400,'p'),(22400,25600,'p'),(25600,28800,'p'),(28800,32000,'p'),(32000,35200,'p'),(35200,38400,'p'),(38400,41600,'p'),(41600,44800,'p'),(44800,48000,'p')]"
1322,/Users/ssankey/PycharmProjects/AdvReverb/data/VoxCeleb1/test/id10303/LKDWhdJQFco/00004.wav,33,"[(0,3200,'p'),(3200,6400,'p'),(6400,9600,'p'),(9600,12800,'p'),(12800,16000,'p'),(16000,19200,'p'),(19200,22400,'p'),(22400,25600,'p'),(25600,28800,'p'),(28800,32000,'p'),(32000,35200,'p'),(35200,38400,'p'),(38400,41600,'p'),(41600,44800,'p'),(44800,48000,'p')]"
1323,/Users/ssankey/PycharmProjects/AdvReverb/data/VoxCeleb1/test/id10303/LKDWhdJQFco/00005.wav,33,"[(0,3200,'p'),(3200,6400,'p'),(6400,9600,'p'),(9600,12800,'p'),(12800,16000,'p'),(16000,19200,'p'),(19200,22400,'p'),(22400,25600,'p'),(25600,28800,'p'),(28800,32000,'p'),(32000,35200,'p'),(35200,38400,'p'),(38400,41600,'p'),(41600,44800,'p'),(44800,48000,'p')]"
1324,/Users/ssankey/PycharmProjects/AdvReverb/data/VoxCeleb1/test/id10303/LKDWhdJQFco/00006.wav,33,"[(0,3200,'p'),(3200,6400,'p'),(6400,9600,'p'),(9600,12800,'p'),(12800,16000,'p'),(16000,19200,'p'),(19200,22400,'p'),(22400,25600,'p'),(25600,28800,'p'),(28800,32000,'p'),(32000,35200,'p'),(35200,38400,'p'),(38400,41600,'p'),(41600,44800,'p'),(44800,48000,'p')]"
1325,/Users/ssankey/PycharmProjects/AdvReverb/data/VoxCeleb1/test/id10303/LKDWhdJQFco/00007.wav,33,"[(0,3200,'p'),(3200,6400,'p'),(6400,9600,'p'),(9600,12800,'p'),(12800,16000,'p'),(16000,19200,'p'),(19200,22400,'p'),(22400,25600,'p'),(25600,28800,'p'),(28800,32000,'p'),(32000,35200,'p'),(35200,38400,'p'),(38400,41600,'p'),(41600,44800,'p'),(44800,48000,'p')]"
1326,/Users/ssankey/PycharmProjects/AdvReverb/data/VoxCeleb1/test/id10303/LKDWhdJQFco/00008.wav,33,"[(0,3200,'p'),(3200,6400,'p'),(6400,9600,'p'),(9600,12800,'p'),(12800,16000,'p'),(16000,19200,'p'),(19200,22400,'p'),(22400,25600,'p'),(25600,28800,'p'),(28800,32000,'p'),(32000,35200,'p'),(35200,38400,'p'),(38400,41600,'p'),(41600,44800,'p'),(44800,48000,'p')]"
1327,/Users/ssankey/PycharmProjects/AdvReverb/data/VoxCeleb1/test/id10303/LKDWhdJQFco/00009.wav,33,"[(0,3200,'p'),(3200,6400,'p'),(6400,9600,'p'),(9600,12800,'p'),(12800,16000,'p'),(16000,19200,'p'),(19200,22400,'p'),(22400,25600,'p'),(25600,28800,'p'),(28800,32000,'p'),(32000,35200,'p'),(35200,38400,'p'),(38400,41600,'p'),(41600,44800,'p'),(44800,48000,'p')]"
1328,/Users/ssankey/PycharmProjects/AdvReverb/data/VoxCeleb1/test/id10303/LKDWhdJQFco/00010.wav,33,"[(0,3200,'p'),(3200,6400,'p'),(6400,9600,'p'),(9600,12800,'p'),(12800,16000,'p'),(16000,19200,'p'),(19200,22400,'p'),(22400,25600,'p'),(25600,28800,'p'),(28800,32000,'p'),(32000,35200,'p'),(35200,38400,'p'),(38400,41600,'p'),(41600,44800,'p'),(44800,48000,'p')]"
1329,/Users/ssankey/PycharmProjects/AdvReverb/data/VoxCeleb1/test/id10303/LKDWhdJQFco/00011.wav,33,"[(0,3200,'p'),(3200,6400,'p'),(6400,9600,'p'),(9600,12800,'p'),(12800,16000,'p'),(16000,19200,'p'),(19200,22400,'p'),(22400,25600,'p'),(25600,28800,'p'),(28800,32000,'p'),(32000,35200,'p'),(35200,38400,'p'),(38400,41600,'p'),(41600,44800,'p'),(44800,48000,'p')]"
1330,/Users/ssankey/PycharmProjects/AdvReverb/data/VoxCeleb1/test/id10303/LKDWhdJQFco/00012.wav,33,"[(0,3200,'p'),(3200,6400,'p'),(6400,9600,'p'),(9600,12800,'p'),(12800,16000,'p'),(16000,19200,'p'),(19200,22400,'p'),(22400,25600,'p'),(25600,28800,'p'),(28800,32000,'p'),(32000,35200,'p'),(35200,38400,'p'),(38400,41600,'p'),(41600,44800,'p'),(44800,48000,'p')]"
1331,/Users/ssankey/PycharmProjects/AdvReverb/data/VoxCeleb1/test/id10303/LKDWhdJQFco/00013.wav,33,"[(0,3200,'p'),(3200,6400,'p'),(6400,9600,'p'),(9600,12800,'p'),(12800,16000,'p'),(16000,19200,'p'),(19200,22400,'p'),(22400,25600,'p'),(25600,28800,'p'),(28800,32000,'p'),(32000,35200,'p'),(35200,38400,'p'),(38400,41600,'p'),(41600,44800,'p'),(44800,48000,'p')]"
1332,/Users/ssankey/PycharmProjects/AdvReverb/data/VoxCeleb1/test/id10303/LKDWhdJQFco/00014.wav,33,"[(0,3200,'p'),(3200,6400,'p'),(6400,9600,'p'),(9600,12800,'p'),(12800,16000,'p'),(16000,19200,'p'),(19200,22400,'p'),(22400,25600,'p'),(25600,28800,'p'),(28800,32000,'p'),(32000,35200,'p'),(35200,38400,'p'),(38400,41600,'p'),(41600,44800,'p'),(44800,48000,'p')]"
1333,/Users/ssankey/PycharmProjects/AdvReverb/data/VoxCeleb1/test/id10303/LKDWhdJQFco/00015.wav,33,"[(0,3200,'p'),(3200,6400,'p'),(6400,9600,'p'),(9600,12800,'p'),(12800,16000,'p'),(16000,19200,'p'),(19200,22400,'p'),(22400,25600,'p'),(25600,28800,'p'),(28800,32000,'p'),(32000,35200,'p'),(35200,38400,'p'),(38400,41600,'p'),(41600,44800,'p'),(44800,48000,'p')]"
1334,/Users/ssankey/PycharmProjects/AdvReverb/data/VoxCeleb1/test/id10303/LKDWhdJQFco/00016.wav,33,"[(0,3200,'p'),(3200,6400,'p'),(6400,9600,'p'),(9600,12800,'p'),(12800,16000,'p'),(16000,19200,'p'),(19200,22400,'p'),(22400,25600,'p'),(25600,28800,'p'),(28800,32000,'p'),(32000,35200,'p'),(35200,38400,'p'),(38400,41600,'p'),(41600,44800,'p'),(44800,48000,'p')]"
1335,/Users/ssankey/PycharmProjects/AdvReverb/data/VoxCeleb1/test/id10303/LKDWhdJQFco/00017.wav,33,"[(0,3200,'p'),(3200,6400,'p'),(6400,9600,'p'),(9600,12800,'p'),(12800,16000,'p'),(16000,19200,'p'),(19200,22400,'p'),(22400,25600,'p'),(25600,28800,'p'),(28800,32000,'p'),(32000,35200,'p'),(35200,38400,'p'),(38400,41600,'p'),(41600,44800,'p'),(44800,48000,'p')]"
1336,/Users/ssankey/PycharmProjects/AdvReverb/data/VoxCeleb1/test/id10303/LKDWhdJQFco/00018.wav,33,"[(0,3200,'p'),(3200,6400,'p'),(6400,9600,'p'),(9600,12800,'p'),(12800,16000,'p'),(16000,19200,'p'),(19200,22400,'p'),(22400,25600,'p'),(25600,28800,'p'),(28800,32000,'p'),(32000,35200,'p'),(35200,38400,'p'),(38400,41600,'p'),(41600,44800,'p'),(44800,48000,'p')]"
1337,/Users/ssankey/PycharmProjects/AdvReverb/data/VoxCeleb1/test/id10303/LKDWhdJQFco/00019.wav,33,"[(0,3200,'p'),(3200,6400,'p'),(6400,9600,'p'),(9600,12800,'p'),(12800,16000,'p'),(16000,19200,'p'),(19200,22400,'p'),(22400,25600,'p'),(25600,28800,'p'),(28800,32000,'p'),(32000,35200,'p'),(35200,38400,'p'),(38400,41600,'p'),(41600,44800,'p'),(44800,48000,'p')]"
1338,/Users/ssankey/PycharmProjects/AdvReverb/data/VoxCeleb1/test/id10303/LKDWhdJQFco/00020.wav,33,"[(0,3200,'p'),(3200,6400,'p'),(6400,9600,'p'),(9600,12800,'p'),(12800,16000,'p'),(16000,19200,'p'),(19200,22400,'p'),(22400,25600,'p'),(25600,28800,'p'),(28800,32000,'p'),(32000,35200,'p'),(35200,38400,'p'),(38400,41600,'p'),(41600,44800,'p'),(44800,48000,'p')]"
1339,/Users/ssankey/PycharmProjects/AdvReverb/data/VoxCeleb1/test/id10303/LKDWhdJQFco/00021.wav,33,"[(0,3200,'p'),(3200,6400,'p'),(6400,9600,'p'),(9600,12800,'p'),(12800,16000,'p'),(16000,19200,'p'),(19200,22400,'p'),(22400,25600,'p'),(25600,28800,'p'),(28800,32000,'p'),(32000,35200,'p'),(35200,38400,'p'),(38400,41600,'p'),(41600,44800,'p'),(44800,48000,'p')]"
1340,/Users/ssankey/PycharmProjects/AdvReverb/data/VoxCeleb1/test/id10303/LKDWhdJQFco/00022.wav,33,"[(0,3200,'p'),(3200,6400,'p'),(6400,9600,'p'),(9600,12800,'p'),(12800,16000,'p'),(16000,19200,'p'),(19200,22400,'p'),(22400,25600,'p'),(25600,28800,'p'),(28800,32000,'p'),(32000,35200,'p'),(35200,38400,'p'),(38400,41600,'p'),(41600,44800,'p'),(44800,48000,'p')]"
1341,/Users/ssankey/PycharmProjects/AdvReverb/data/VoxCeleb1/test/id10303/LKDWhdJQFco/00023.wav,33,"[(0,3200,'p'),(3200,6400,'p'),(6400,9600,'p'),(9600,12800,'p'),(12800,16000,'p'),(16000,19200,'p'),(19200,22400,'p'),(22400,25600,'p'),(25600,28800,'p'),(28800,32000,'p'),(32000,35200,'p'),(35200,38400,'p'),(38400,41600,'p'),(41600,44800,'p'),(44800,48000,'p')]"
1342,/Users/ssankey/PycharmProjects/AdvReverb/data/VoxCeleb1/test/id10303/LKDWhdJQFco/00024.wav,33,"[(0,3200,'p'),(3200,6400,'p'),(6400,9600,'p'),(9600,12800,'p'),(12800,16000,'p'),(16000,19200,'p'),(19200,22400,'p'),(22400,25600,'p'),(25600,28800,'p'),(28800,32000,'p'),(32000,35200,'p'),(35200,38400,'p'),(38400,41600,'p'),(41600,44800,'p'),(44800,48000,'p')]"
1343,/Users/ssankey/PycharmProjects/AdvReverb/data/VoxCeleb1/test/id10303/R5JGtwc4o1M/00001.wav,33,"[(0,3200,'p'),(3200,6400,'p'),(6400,9600,'p'),(9600,12800,'p'),(12800,16000,'p'),(16000,19200,'p'),(19200,22400,'p'),(22400,25600,'p'),(25600,28800,'p'),(28800,32000,'p'),(32000,35200,'p'),(35200,38400,'p'),(38400,41600,'p'),(41600,44800,'p'),(44800,48000,'p')]"
1344,/Users/ssankey/PycharmProjects/AdvReverb/data/VoxCeleb1/test/id10303/R5JGtwc4o1M/00002.wav,33,"[(0,3200,'p'),(3200,6400,'p'),(6400,9600,'p'),(9600,12800,'p'),(12800,16000,'p'),(16000,19200,'p'),(19200,22400,'p'),(22400,25600,'p'),(25600,28800,'p'),(28800,32000,'p'),(32000,35200,'p'),(35200,38400,'p'),(38400,41600,'p'),(41600,44800,'p'),(44800,48000,'p')]"
1345,/Users/ssankey/PycharmProjects/AdvReverb/data/VoxCeleb1/test/id10303/R5JGtwc4o1M/00003.wav,33,"[(0,3200,'p'),(3200,6400,'p'),(6400,9600,'p'),(9600,12800,'p'),(12800,16000,'p'),(16000,19200,'p'),(19200,22400,'p'),(22400,25600,'p'),(25600,28800,'p'),(28800,32000,'p'),(32000,35200,'p'),(35200,38400,'p'),(38400,41600,'p'),(41600,44800,'p'),(44800,48000,'p')]"
1346,/Users/ssankey/PycharmProjects/AdvReverb/data/VoxCeleb1/test/id10303/R5JGtwc4o1M/00004.wav,33,"[(0,3200,'p'),(3200,6400,'p'),(6400,9600,'p'),(9600,12800,'p'),(12800,16000,'p'),(16000,19200,'p'),(19200,22400,'p'),(22400,25600,'p'),(25600,28800,'p'),(28800,32000,'p'),(32000,35200,'p'),(35200,38400,'p'),(38400,41600,'p'),(41600,44800,'p'),(44800,48000,'p')]"
1347,/Users/ssankey/PycharmProjects/AdvReverb/data/VoxCeleb1/test/id10303/R5JGtwc4o1M/00005.wav,33,"[(0,3200,'p'),(3200,6400,'p'),(6400,9600,'p'),(9600,12800,'p'),(12800,16000,'p'),(16000,19200,'p'),(19200,22400,'p'),(22400,25600,'p'),(25600,28800,'p'),(28800,32000,'p'),(32000,35200,'p'),(35200,38400,'p'),(38400,41600,'p'),(41600,44800,'p'),(44800,48000,'p')]"
1348,/Users/ssankey/PycharmProjects/AdvReverb/data/VoxCeleb1/test/id10303/R5JGtwc4o1M/00006.wav,33,"[(0,3200,'p'),(3200,6400,'p'),(6400,9600,'p'),(9600,12800,'p'),(12800,16000,'p'),(16000,19200,'p'),(19200,22400,'p'),(22400,25600,'p'),(25600,28800,'p'),(28800,32000,'p'),(32000,35200,'p'),(35200,38400,'p'),(38400,41600,'p'),(41600,44800,'p'),(44800,48000,'p')]"
1349,/Users/ssankey/PycharmProjects/AdvReverb/data/VoxCeleb1/test/id10303/R5JGtwc4o1M/00007.wav,33,"[(0,3200,'p'),(3200,6400,'p'),(6400,9600,'p'),(9600,12800,'p'),(12800,16000,'p'),(16000,19200,'p'),(19200,22400,'p'),(22400,25600,'p'),(25600,28800,'p'),(28800,32000,'p'),(32000,35200,'p'),(35200,38400,'p'),(38400,41600,'p'),(41600,44800,'p'),(44800,48000,'p')]"
1350,/Users/ssankey/PycharmProjects/AdvReverb/data/VoxCeleb1/test/id10303/R5JGtwc4o1M/00008.wav,33,"[(0,3200,'p'),(3200,6400,'p'),(6400,9600,'p'),(9600,12800,'p'),(12800,16000,'p'),(16000,19200,'p'),(19200,22400,'p'),(22400,25600,'p'),(25600,28800,'p'),(28800,32000,'p'),(32000,35200,'p'),(35200,38400,'p'),(38400,41600,'p'),(41600,44800,'p'),(44800,48000,'p')]"
1351,/Users/ssankey/PycharmProjects/AdvReverb/data/VoxCeleb1/test/id10303/R5JGtwc4o1M/00009.wav,33,"[(0,3200,'p'),(3200,6400,'p'),(6400,9600,'p'),(9600,12800,'p'),(12800,16000,'p'),(16000,19200,'p'),(19200,22400,'p'),(22400,25600,'p'),(25600,28800,'p'),(28800,32000,'p'),(32000,35200,'p'),(35200,38400,'p'),(38400,41600,'p'),(41600,44800,'p'),(44800,48000,'p')]"
1352,/Users/ssankey/PycharmProjects/AdvReverb/data/VoxCeleb1/test/id10303/R5JGtwc4o1M/00010.wav,33,"[(0,3200,'p'),(3200,6400,'p'),(6400,9600,'p'),(9600,12800,'p'),(12800,16000,'p'),(16000,19200,'p'),(19200,22400,'p'),(22400,25600,'p'),(25600,28800,'p'),(28800,32000,'p'),(32000,35200,'p'),(35200,38400,'p'),(38400,41600,'p'),(41600,44800,'p'),(44800,48000,'p')]"
1353,/Users/ssankey/PycharmProjects/AdvReverb/data/VoxCeleb1/test/id10303/R5JGtwc4o1M/00011.wav,33,"[(0,3200,'p'),(3200,6400,'p'),(6400,9600,'p'),(9600,12800,'p'),(12800,16000,'p'),(16000,19200,'p'),(19200,22400,'p'),(22400,25600,'p'),(25600,28800,'p'),(28800,32000,'p'),(32000,35200,'p'),(35200,38400,'p'),(38400,41600,'p'),(41600,44800,'p'),(44800,48000,'p')]"
1354,/Users/ssankey/PycharmProjects/AdvReverb/data/VoxCeleb1/test/id10303/R5JGtwc4o1M/00012.wav,33,"[(0,3200,'p'),(3200,6400,'p'),(6400,9600,'p'),(9600,12800,'p'),(12800,16000,'p'),(16000,19200,'p'),(19200,22400,'p'),(22400,25600,'p'),(25600,28800,'p'),(28800,32000,'p'),(32000,35200,'p'),(35200,38400,'p'),(38400,41600,'p'),(41600,44800,'p'),(44800,48000,'p')]"
1355,/Users/ssankey/PycharmProjects/AdvReverb/data/VoxCeleb1/test/id10303/R5JGtwc4o1M/00013.wav,33,"[(0,3200,'p'),(3200,6400,'p'),(6400,9600,'p'),(9600,12800,'p'),(12800,16000,'p'),(16000,19200,'p'),(19200,22400,'p'),(22400,25600,'p'),(25600,28800,'p'),(28800,32000,'p'),(32000,35200,'p'),(35200,38400,'p'),(38400,41600,'p'),(41600,44800,'p'),(44800,48000,'p')]"
1356,/Users/ssankey/PycharmProjects/AdvReverb/data/VoxCeleb1/test/id10303/R5JGtwc4o1M/00014.wav,33,"[(0,3200,'p'),(3200,6400,'p'),(6400,9600,'p'),(9600,12800,'p'),(12800,16000,'p'),(16000,19200,'p'),(19200,22400,'p'),(22400,25600,'p'),(25600,28800,'p'),(28800,32000,'p'),(32000,35200,'p'),(35200,38400,'p'),(38400,41600,'p'),(41600,44800,'p'),(44800,48000,'p')]"
1357,/Users/ssankey/PycharmProjects/AdvReverb/data/VoxCeleb1/test/id10303/R5JGtwc4o1M/00015.wav,33,"[(0,3200,'p'),(3200,6400,'p'),(6400,9600,'p'),(9600,12800,'p'),(12800,16000,'p'),(16000,19200,'p'),(19200,22400,'p'),(22400,25600,'p'),(25600,28800,'p'),(28800,32000,'p'),(32000,35200,'p'),(35200,38400,'p'),(38400,41600,'p'),(41600,44800,'p'),(44800,48000,'p')]"
1358,/Users/ssankey/PycharmProjects/AdvReverb/data/VoxCeleb1/test/id10303/R5JGtwc4o1M/00016.wav,33,"[(0,3200,'p'),(3200,6400,'p'),(6400,9600,'p'),(9600,12800,'p'),(12800,16000,'p'),(16000,19200,'p'),(19200,22400,'p'),(22400,25600,'p'),(25600,28800,'p'),(28800,32000,'p'),(32000,35200,'p'),(35200,38400,'p'),(38400,41600,'p'),(41600,44800,'p'),(44800,48000,'p')]"
1359,/Users/ssankey/PycharmProjects/AdvReverb/data/VoxCeleb1/test/id10303/R5JGtwc4o1M/00017.wav,33,"[(0,3200,'p'),(3200,6400,'p'),(6400,9600,'p'),(9600,12800,'p'),(12800,16000,'p'),(16000,19200,'p'),(19200,22400,'p'),(22400,25600,'p'),(25600,28800,'p'),(28800,32000,'p'),(32000,35200,'p'),(35200,38400,'p'),(38400,41600,'p'),(41600,44800,'p'),(44800,48000,'p')]"
1360,/Users/ssankey/PycharmProjects/AdvReverb/data/VoxCeleb1/test/id10304/0TJ9sdJiDvA/00004.wav,34,"[(0,3200,'p'),(3200,6400,'p'),(6400,9600,'p'),(9600,12800,'p'),(12800,16000,'p'),(16000,19200,'p'),(19200,22400,'p'),(22400,25600,'p'),(25600,28800,'p'),(28800,32000,'p'),(32000,35200,'p'),(35200,38400,'p'),(38400,41600,'p'),(41600,44800,'p'),(44800,48000,'p')]"
1361,/Users/ssankey/PycharmProjects/AdvReverb/data/VoxCeleb1/test/id10304/0TJ9sdJiDvA/00005.wav,34,"[(0,3200,'p'),(3200,6400,'p'),(6400,9600,'p'),(9600,12800,'p'),(12800,16000,'p'),(16000,19200,'p'),(19200,22400,'p'),(22400,25600,'p'),(25600,28800,'p'),(28800,32000,'p'),(32000,35200,'p'),(35200,38400,'p'),(38400,41600,'p'),(41600,44800,'p'),(44800,48000,'p')]"
1362,/Users/ssankey/PycharmProjects/AdvReverb/data/VoxCeleb1/test/id10304/0TJ9sdJiDvA/00006.wav,34,"[(0,3200,'p'),(3200,6400,'p'),(6400,9600,'p'),(9600,12800,'p'),(12800,16000,'p'),(16000,19200,'p'),(19200,22400,'p'),(22400,25600,'p'),(25600,28800,'p'),(28800,32000,'p'),(32000,35200,'p'),(35200,38400,'p'),(38400,41600,'p'),(41600,44800,'p'),(44800,48000,'p')]"
1363,/Users/ssankey/PycharmProjects/AdvReverb/data/VoxCeleb1/test/id10304/0TJ9sdJiDvA/00007.wav,34,"[(0,3200,'p'),(3200,6400,'p'),(6400,9600,'p'),(9600,12800,'p'),(12800,16000,'p'),(16000,19200,'p'),(19200,22400,'p'),(22400,25600,'p'),(25600,28800,'p'),(28800,32000,'p'),(32000,35200,'p'),(35200,38400,'p'),(38400,41600,'p'),(41600,44800,'p'),(44800,48000,'p')]"
1364,/Users/ssankey/PycharmProjects/AdvReverb/data/VoxCeleb1/test/id10304/0TJ9sdJiDvA/00008.wav,34,"[(0,3200,'p'),(3200,6400,'p'),(6400,9600,'p'),(9600,12800,'p'),(12800,16000,'p'),(16000,19200,'p'),(19200,22400,'p'),(22400,25600,'p'),(25600,28800,'p'),(28800,32000,'p'),(32000,35200,'p'),(35200,38400,'p'),(38400,41600,'p'),(41600,44800,'p'),(44800,48000,'p')]"
1365,/Users/ssankey/PycharmProjects/AdvReverb/data/VoxCeleb1/test/id10304/0TJ9sdJiDvA/00009.wav,34,"[(0,3200,'p'),(3200,6400,'p'),(6400,9600,'p'),(9600,12800,'p'),(12800,16000,'p'),(16000,19200,'p'),(19200,22400,'p'),(22400,25600,'p'),(25600,28800,'p'),(28800,32000,'p'),(32000,35200,'p'),(35200,38400,'p'),(38400,41600,'p'),(41600,44800,'p'),(44800,48000,'p')]"
1366,/Users/ssankey/PycharmProjects/AdvReverb/data/VoxCeleb1/test/id10304/7geDDtDmWQU/00001.wav,34,"[(0,3200,'p'),(3200,6400,'p'),(6400,9600,'p'),(9600,12800,'p'),(12800,16000,'p'),(16000,19200,'p'),(19200,22400,'p'),(22400,25600,'p'),(25600,28800,'p'),(28800,32000,'p'),(32000,35200,'p'),(35200,38400,'p'),(38400,41600,'p'),(41600,44800,'p'),(44800,48000,'p')]"
1367,/Users/ssankey/PycharmProjects/AdvReverb/data/VoxCeleb1/test/id10304/7geDDtDmWQU/00002.wav,34,"[(0,3200,'p'),(3200,6400,'p'),(6400,9600,'p'),(9600,12800,'p'),(12800,16000,'p'),(16000,19200,'p'),(19200,22400,'p'),(22400,25600,'p'),(25600,28800,'p'),(28800,32000,'p'),(32000,35200,'p'),(35200,38400,'p'),(38400,41600,'p'),(41600,44800,'p'),(44800,48000,'p')]"
1368,/Users/ssankey/PycharmProjects/AdvReverb/data/VoxCeleb1/test/id10304/7geDDtDmWQU/00003.wav,34,"[(0,3200,'p'),(3200,6400,'p'),(6400,9600,'p'),(9600,12800,'p'),(12800,16000,'p'),(16000,19200,'p'),(19200,22400,'p'),(22400,25600,'p'),(25600,28800,'p'),(28800,32000,'p'),(32000,35200,'p'),(35200,38400,'p'),(38400,41600,'p'),(41600,44800,'p'),(44800,48000,'p')]"
1369,/Users/ssankey/PycharmProjects/AdvReverb/data/VoxCeleb1/test/id10304/7geDDtDmWQU/00004.wav,34,"[(0,3200,'p'),(3200,6400,'p'),(6400,9600,'p'),(9600,12800,'p'),(12800,16000,'p'),(16000,19200,'p'),(19200,22400,'p'),(22400,25600,'p'),(25600,28800,'p'),(28800,32000,'p'),(32000,35200,'p'),(35200,38400,'p'),(38400,41600,'p'),(41600,44800,'p'),(44800,48000,'p')]"
1370,/Users/ssankey/PycharmProjects/AdvReverb/data/VoxCeleb1/test/id10304/7geDDtDmWQU/00005.wav,34,"[(0,3200,'p'),(3200,6400,'p'),(6400,9600,'p'),(9600,12800,'p'),(12800,16000,'p'),(16000,19200,'p'),(19200,22400,'p'),(22400,25600,'p'),(25600,28800,'p'),(28800,32000,'p'),(32000,35200,'p'),(35200,38400,'p'),(38400,41600,'p'),(41600,44800,'p'),(44800,48000,'p')]"
1371,/Users/ssankey/PycharmProjects/AdvReverb/data/VoxCeleb1/test/id10304/7geDDtDmWQU/00006.wav,34,"[(0,3200,'p'),(3200,6400,'p'),(6400,9600,'p'),(9600,12800,'p'),(12800,16000,'p'),(16000,19200,'p'),(19200,22400,'p'),(22400,25600,'p'),(25600,28800,'p'),(28800,32000,'p'),(32000,35200,'p'),(35200,38400,'p'),(38400,41600,'p'),(41600,44800,'p'),(44800,48000,'p')]"
1372,/Users/ssankey/PycharmProjects/AdvReverb/data/VoxCeleb1/test/id10304/7geDDtDmWQU/00007.wav,34,"[(0,3200,'p'),(3200,6400,'p'),(6400,9600,'p'),(9600,12800,'p'),(12800,16000,'p'),(16000,19200,'p'),(19200,22400,'p'),(22400,25600,'p'),(25600,28800,'p'),(28800,32000,'p'),(32000,35200,'p'),(35200,38400,'p'),(38400,41600,'p'),(41600,44800,'p'),(44800,48000,'p')]"
1373,/Users/ssankey/PycharmProjects/AdvReverb/data/VoxCeleb1/test/id10304/CaR6c7RO7Dc/00001.wav,34,"[(0,3200,'p'),(3200,6400,'p'),(6400,9600,'p'),(9600,12800,'p'),(12800,16000,'p'),(16000,19200,'p'),(19200,22400,'p'),(22400,25600,'p'),(25600,28800,'p'),(28800,32000,'p'),(32000,35200,'p'),(35200,38400,'p'),(38400,41600,'p'),(41600,44800,'p'),(44800,48000,'p')]"
1374,/Users/ssankey/PycharmProjects/AdvReverb/data/VoxCeleb1/test/id10304/CaR6c7RO7Dc/00002.wav,34,"[(0,3200,'p'),(3200,6400,'p'),(6400,9600,'p'),(9600,12800,'p'),(12800,16000,'p'),(16000,19200,'p'),(19200,22400,'p'),(22400,25600,'p'),(25600,28800,'p'),(28800,32000,'p'),(32000,35200,'p'),(35200,38400,'p'),(38400,41600,'p'),(41600,44800,'p'),(44800,48000,'p')]"
1375,/Users/ssankey/PycharmProjects/AdvReverb/data/VoxCeleb1/test/id10304/CN6JpPYbHCQ/00001.wav,34,"[(0,3200,'p'),(3200,6400,'p'),(6400,9600,'p'),(9600,12800,'p'),(12800,16000,'p'),(16000,19200,'p'),(19200,22400,'p'),(22400,25600,'p'),(25600,28800,'p'),(28800,32000,'p'),(32000,35200,'p'),(35200,38400,'p'),(38400,41600,'p'),(41600,44800,'p'),(44800,48000,'p')]"
1376,/Users/ssankey/PycharmProjects/AdvReverb/data/VoxCeleb1/test/id10304/CN6JpPYbHCQ/00002.wav,34,"[(0,3200,'p'),(3200,6400,'p'),(6400,9600,'p'),(9600,12800,'p'),(12800,16000,'p'),(16000,19200,'p'),(19200,22400,'p'),(22400,25600,'p'),(25600,28800,'p'),(28800,32000,'p'),(32000,35200,'p'),(35200,38400,'p'),(38400,41600,'p'),(41600,44800,'p'),(44800,48000,'p')]"
1377,/Users/ssankey/PycharmProjects/AdvReverb/data/VoxCeleb1/test/id10304/CN6JpPYbHCQ/00003.wav,34,"[(0,3200,'p'),(3200,6400,'p'),(6400,9600,'p'),(9600,12800,'p'),(12800,16000,'p'),(16000,19200,'p'),(19200,22400,'p'),(22400,25600,'p'),(25600,28800,'p'),(28800,32000,'p'),(32000,35200,'p'),(35200,38400,'p'),(38400,41600,'p'),(41600,44800,'p'),(44800,48000,'p')]"
1378,/Users/ssankey/PycharmProjects/AdvReverb/data/VoxCeleb1/test/id10304/CN6JpPYbHCQ/00004.wav,34,"[(0,3200,'p'),(3200,6400,'p'),(6400,9600,'p'),(9600,12800,'p'),(12800,16000,'p'),(16000,19200,'p'),(19200,22400,'p'),(22400,25600,'p'),(25600,28800,'p'),(28800,32000,'p'),(32000,35200,'p'),(35200,38400,'p'),(38400,41600,'p'),(41600,44800,'p'),(44800,48000,'p')]"
1379,/Users/ssankey/PycharmProjects/AdvReverb/data/VoxCeleb1/test/id10304/CN6JpPYbHCQ/00005.wav,34,"[(0,3200,'p'),(3200,6400,'p'),(6400,9600,'p'),(9600,12800,'p'),(12800,16000,'p'),(16000,19200,'p'),(19200,22400,'p'),(22400,25600,'p'),(25600,28800,'p'),(28800,32000,'p'),(32000,35200,'p'),(35200,38400,'p'),(38400,41600,'p'),(41600,44800,'p'),(44800,48000,'p')]"
1380,/Users/ssankey/PycharmProjects/AdvReverb/data/VoxCeleb1/test/id10304/CN6JpPYbHCQ/00006.wav,34,"[(0,3200,'p'),(3200,6400,'p'),(6400,9600,'p'),(9600,12800,'p'),(12800,16000,'p'),(16000,19200,'p'),(19200,22400,'p'),(22400,25600,'p'),(25600,28800,'p'),(28800,32000,'p'),(32000,35200,'p'),(35200,38400,'p'),(38400,41600,'p'),(41600,44800,'p'),(44800,48000,'p')]"
1381,/Users/ssankey/PycharmProjects/AdvReverb/data/VoxCeleb1/test/id10304/CN6JpPYbHCQ/00007.wav,34,"[(0,3200,'p'),(3200,6400,'p'),(6400,9600,'p'),(9600,12800,'p'),(12800,16000,'p'),(16000,19200,'p'),(19200,22400,'p'),(22400,25600,'p'),(25600,28800,'p'),(28800,32000,'p'),(32000,35200,'p'),(35200,38400,'p'),(38400,41600,'p'),(41600,44800,'p'),(44800,48000,'p')]"
1382,/Users/ssankey/PycharmProjects/AdvReverb/data/VoxCeleb1/test/id10304/CN6JpPYbHCQ/00008.wav,34,"[(0,3200,'p'),(3200,6400,'p'),(6400,9600,'p'),(9600,12800,'p'),(12800,16000,'p'),(16000,19200,'p'),(19200,22400,'p'),(22400,25600,'p'),(25600,28800,'p'),(28800,32000,'p'),(32000,35200,'p'),(35200,38400,'p'),(38400,41600,'p'),(41600,44800,'p'),(44800,48000,'p')]"
1383,/Users/ssankey/PycharmProjects/AdvReverb/data/VoxCeleb1/test/id10304/CN6JpPYbHCQ/00009.wav,34,"[(0,3200,'p'),(3200,6400,'p'),(6400,9600,'p'),(9600,12800,'p'),(12800,16000,'p'),(16000,19200,'p'),(19200,22400,'p'),(22400,25600,'p'),(25600,28800,'p'),(28800,32000,'p'),(32000,35200,'p'),(35200,38400,'p'),(38400,41600,'p'),(41600,44800,'p'),(44800,48000,'p')]"
1384,/Users/ssankey/PycharmProjects/AdvReverb/data/VoxCeleb1/test/id10304/CN6JpPYbHCQ/00010.wav,34,"[(0,3200,'p'),(3200,6400,'p'),(6400,9600,'p'),(9600,12800,'p'),(12800,16000,'p'),(16000,19200,'p'),(19200,22400,'p'),(22400,25600,'p'),(25600,28800,'p'),(28800,32000,'p'),(32000,35200,'p'),(35200,38400,'p'),(38400,41600,'p'),(41600,44800,'p'),(44800,48000,'p')]"
1385,/Users/ssankey/PycharmProjects/AdvReverb/data/VoxCeleb1/test/id10304/dz2ohrKoOBA/00001.wav,34,"[(0,3200,'p'),(3200,6400,'p'),(6400,9600,'p'),(9600,12800,'p'),(12800,16000,'p'),(16000,19200,'p'),(19200,22400,'p'),(22400,25600,'p'),(25600,28800,'p'),(28800,32000,'p'),(32000,35200,'p'),(35200,38400,'p'),(38400,41600,'p'),(41600,44800,'p'),(44800,48000,'p')]"
1386,/Users/ssankey/PycharmProjects/AdvReverb/data/VoxCeleb1/test/id10304/dz2ohrKoOBA/00002.wav,34,"[(0,3200,'p'),(3200,6400,'p'),(6400,9600,'p'),(9600,12800,'p'),(12800,16000,'p'),(16000,19200,'p'),(19200,22400,'p'),(22400,25600,'p'),(25600,28800,'p'),(28800,32000,'p'),(32000,35200,'p'),(35200,38400,'p'),(38400,41600,'p'),(41600,44800,'p'),(44800,48000,'p')]"
1387,/Users/ssankey/PycharmProjects/AdvReverb/data/VoxCeleb1/test/id10304/dz2ohrKoOBA/00003.wav,34,"[(0,3200,'p'),(3200,6400,'p'),(6400,9600,'p'),(9600,12800,'p'),(12800,16000,'p'),(16000,19200,'p'),(19200,22400,'p'),(22400,25600,'p'),(25600,28800,'p'),(28800,32000,'p'),(32000,35200,'p'),(35200,38400,'p'),(38400,41600,'p'),(41600,44800,'p'),(44800,48000,'p')]"
1388,/Users/ssankey/PycharmProjects/AdvReverb/data/VoxCeleb1/test/id10304/dz2ohrKoOBA/00004.wav,34,"[(0,3200,'p'),(3200,6400,'p'),(6400,9600,'p'),(9600,12800,'p'),(12800,16000,'p'),(16000,19200,'p'),(19200,22400,'p'),(22400,25600,'p'),(25600,28800,'p'),(28800,32000,'p'),(32000,35200,'p'),(35200,38400,'p'),(38400,41600,'p'),(41600,44800,'p'),(44800,48000,'p')]"
1389,/Users/ssankey/PycharmProjects/AdvReverb/data/VoxCeleb1/test/id10304/dz2ohrKoOBA/00005.wav,34,"[(0,3200,'p'),(3200,6400,'p'),(6400,9600,'p'),(9600,12800,'p'),(12800,16000,'p'),(16000,19200,'p'),(19200,22400,'p'),(22400,25600,'p'),(25600,28800,'p'),(28800,32000,'p'),(32000,35200,'p'),(35200,38400,'p'),(38400,41600,'p'),(41600,44800,'p'),(44800,48000,'p')]"
1390,/Users/ssankey/PycharmProjects/AdvReverb/data/VoxCeleb1/test/id10304/FJOvOooCIvs/00002.wav,34,"[(0,3200,'p'),(3200,6400,'p'),(6400,9600,'p'),(9600,12800,'p'),(12800,16000,'p'),(16000,19200,'p'),(19200,22400,'p'),(22400,25600,'p'),(25600,28800,'p'),(28800,32000,'p'),(32000,35200,'p'),(35200,38400,'p'),(38400,41600,'p'),(41600,44800,'p'),(44800,48000,'p')]"
1391,/Users/ssankey/PycharmProjects/AdvReverb/data/VoxCeleb1/test/id10304/FJOvOooCIvs/00001.wav,34,"[(0,3200,'p'),(3200,6400,'p'),(6400,9600,'p'),(9600,12800,'p'),(12800,16000,'p'),(16000,19200,'p'),(19200,22400,'p'),(22400,25600,'p'),(25600,28800,'p'),(28800,32000,'p'),(32000,35200,'p'),(35200,38400,'p'),(38400,41600,'p'),(41600,44800,'p'),(44800,48000,'p')]"
1392,/Users/ssankey/PycharmProjects/AdvReverb/data/VoxCeleb1/test/id10304/FJOvOooCIvs/00003.wav,34,"[(0,3200,'p'),(3200,6400,'p'),(6400,9600,'p'),(9600,12800,'p'),(12800,16000,'p'),(16000,19200,'p'),(19200,22400,'p'),(22400,25600,'p'),(25600,28800,'p'),(28800,32000,'p'),(32000,35200,'p'),(35200,38400,'p'),(38400,41600,'p'),(41600,44800,'p'),(44800,48000,'p')]"
1393,/Users/ssankey/PycharmProjects/AdvReverb/data/VoxCeleb1/test/id10304/FJOvOooCIvs/00004.wav,34,"[(0,3200,'p'),(3200,6400,'p'),(6400,9600,'p'),(9600,12800,'p'),(12800,16000,'p'),(16000,19200,'p'),(19200,22400,'p'),(22400,25600,'p'),(25600,28800,'p'),(28800,32000,'p'),(32000,35200,'p'),(35200,38400,'p'),(38400,41600,'p'),(41600,44800,'p'),(44800,48000,'p')]"
1394,/Users/ssankey/PycharmProjects/AdvReverb/data/VoxCeleb1/test/id10304/FJOvOooCIvs/00005.wav,34,"[(0,3200,'p'),(3200,6400,'p'),(6400,9600,'p'),(9600,12800,'p'),(12800,16000,'p'),(16000,19200,'p'),(19200,22400,'p'),(22400,25600,'p'),(25600,28800,'p'),(28800,32000,'p'),(32000,35200,'p'),(35200,38400,'p'),(38400,41600,'p'),(41600,44800,'p'),(44800,48000,'p')]"
1395,/Users/ssankey/PycharmProjects/AdvReverb/data/VoxCeleb1/test/id10304/FJOvOooCIvs/00006.wav,34,"[(0,3200,'p'),(3200,6400,'p'),(6400,9600,'p'),(9600,12800,'p'),(12800,16000,'p'),(16000,19200,'p'),(19200,22400,'p'),(22400,25600,'p'),(25600,28800,'p'),(28800,32000,'p'),(32000,35200,'p'),(35200,38400,'p'),(38400,41600,'p'),(41600,44800,'p'),(44800,48000,'p')]"
1396,/Users/ssankey/PycharmProjects/AdvReverb/data/VoxCeleb1/test/id10304/FJOvOooCIvs/00007.wav,34,"[(0,3200,'p'),(3200,6400,'p'),(6400,9600,'p'),(9600,12800,'p'),(12800,16000,'p'),(16000,19200,'p'),(19200,22400,'p'),(22400,25600,'p'),(25600,28800,'p'),(28800,32000,'p'),(32000,35200,'p'),(35200,38400,'p'),(38400,41600,'p'),(41600,44800,'p'),(44800,48000,'p')]"
1397,/Users/ssankey/PycharmProjects/AdvReverb/data/VoxCeleb1/test/id10304/GbpCKIcUyGA/00001.wav,34,"[(0,3200,'p'),(3200,6400,'p'),(6400,9600,'p'),(9600,12800,'p'),(12800,16000,'p'),(16000,19200,'p'),(19200,22400,'p'),(22400,25600,'p'),(25600,28800,'p'),(28800,32000,'p'),(32000,35200,'p'),(35200,38400,'p'),(38400,41600,'p'),(41600,44800,'p'),(44800,48000,'p')]"
1398,/Users/ssankey/PycharmProjects/AdvReverb/data/VoxCeleb1/test/id10304/GbpCKIcUyGA/00002.wav,34,"[(0,3200,'p'),(3200,6400,'p'),(6400,9600,'p'),(9600,12800,'p'),(12800,16000,'p'),(16000,19200,'p'),(19200,22400,'p'),(22400,25600,'p'),(25600,28800,'p'),(28800,32000,'p'),(32000,35200,'p'),(35200,38400,'p'),(38400,41600,'p'),(41600,44800,'p'),(44800,48000,'p')]"
1399,/Users/ssankey/PycharmProjects/AdvReverb/data/VoxCeleb1/test/id10304/GbpCKIcUyGA/00003.wav,34,"[(0,3200,'p'),(3200,6400,'p'),(6400,9600,'p'),(9600,12800,'p'),(12800,16000,'p'),(16000,19200,'p'),(19200,22400,'p'),(22400,25600,'p'),(25600,28800,'p'),(28800,32000,'p'),(32000,35200,'p'),(35200,38400,'p'),(38400,41600,'p'),(41600,44800,'p'),(44800,48000,'p')]"
1400,/Users/ssankey/PycharmProjects/AdvReverb/data/VoxCeleb1/test/id10305/19OCRADWjgA/00004.wav,35,"[(0,3200,'p'),(3200,6400,'p'),(6400,9600,'p'),(9600,12800,'p'),(12800,16000,'p'),(16000,19200,'p'),(19200,22400,'p'),(22400,25600,'p'),(25600,28800,'p'),(28800,32000,'p'),(32000,35200,'p'),(35200,38400,'p'),(38400,41600,'p'),(41600,44800,'p'),(44800,48000,'p')]"
1401,/Users/ssankey/PycharmProjects/AdvReverb/data/VoxCeleb1/test/id10305/19OCRADWjgA/00005.wav,35,"[(0,3200,'p'),(3200,6400,'p'),(6400,9600,'p'),(9600,12800,'p'),(12800,16000,'p'),(16000,19200,'p'),(19200,22400,'p'),(22400,25600,'p'),(25600,28800,'p'),(28800,32000,'p'),(32000,35200,'p'),(35200,38400,'p'),(38400,41600,'p'),(41600,44800,'p'),(44800,48000,'p')]"
1402,/Users/ssankey/PycharmProjects/AdvReverb/data/VoxCeleb1/test/id10305/19OCRADWjgA/00006.wav,35,"[(0,3200,'p'),(3200,6400,'p'),(6400,9600,'p'),(9600,12800,'p'),(12800,16000,'p'),(16000,19200,'p'),(19200,22400,'p'),(22400,25600,'p'),(25600,28800,'p'),(28800,32000,'p'),(32000,35200,'p'),(35200,38400,'p'),(38400,41600,'p'),(41600,44800,'p'),(44800,48000,'p')]"
1403,/Users/ssankey/PycharmProjects/AdvReverb/data/VoxCeleb1/test/id10305/19OCRADWjgA/00007.wav,35,"[(0,3200,'p'),(3200,6400,'p'),(6400,9600,'p'),(9600,12800,'p'),(12800,16000,'p'),(16000,19200,'p'),(19200,22400,'p'),(22400,25600,'p'),(25600,28800,'p'),(28800,32000,'p'),(32000,35200,'p'),(35200,38400,'p'),(38400,41600,'p'),(41600,44800,'p'),(44800,48000,'p')]"
1404,/Users/ssankey/PycharmProjects/AdvReverb/data/VoxCeleb1/test/id10305/19OCRADWjgA/00008.wav,35,"[(0,3200,'p'),(3200,6400,'p'),(6400,9600,'p'),(9600,12800,'p'),(12800,16000,'p'),(16000,19200,'p'),(19200,22400,'p'),(22400,25600,'p'),(25600,28800,'p'),(28800,32000,'p'),(32000,35200,'p'),(35200,38400,'p'),(38400,41600,'p'),(41600,44800,'p'),(44800,48000,'p')]"
1405,/Users/ssankey/PycharmProjects/AdvReverb/data/VoxCeleb1/test/id10305/19OCRADWjgA/00009.wav,35,"[(0,3200,'p'),(3200,6400,'p'),(6400,9600,'p'),(9600,12800,'p'),(12800,16000,'p'),(16000,19200,'p'),(19200,22400,'p'),(22400,25600,'p'),(25600,28800,'p'),(28800,32000,'p'),(32000,35200,'p'),(35200,38400,'p'),(38400,41600,'p'),(41600,44800,'p'),(44800,48000,'p')]"
1406,/Users/ssankey/PycharmProjects/AdvReverb/data/VoxCeleb1/test/id10305/19OCRADWjgA/00010.wav,35,"[(0,3200,'p'),(3200,6400,'p'),(6400,9600,'p'),(9600,12800,'p'),(12800,16000,'p'),(16000,19200,'p'),(19200,22400,'p'),(22400,25600,'p'),(25600,28800,'p'),(28800,32000,'p'),(32000,35200,'p'),(35200,38400,'p'),(38400,41600,'p'),(41600,44800,'p'),(44800,48000,'p')]"
1407,/Users/ssankey/PycharmProjects/AdvReverb/data/VoxCeleb1/test/id10305/19OCRADWjgA/00011.wav,35,"[(0,3200,'p'),(3200,6400,'p'),(6400,9600,'p'),(9600,12800,'p'),(12800,16000,'p'),(16000,19200,'p'),(19200,22400,'p'),(22400,25600,'p'),(25600,28800,'p'),(28800,32000,'p'),(32000,35200,'p'),(35200,38400,'p'),(38400,41600,'p'),(41600,44800,'p'),(44800,48000,'p')]"
1408,/Users/ssankey/PycharmProjects/AdvReverb/data/VoxCeleb1/test/id10305/19OCRADWjgA/00012.wav,35,"[(0,3200,'p'),(3200,6400,'p'),(6400,9600,'p'),(9600,12800,'p'),(12800,16000,'p'),(16000,19200,'p'),(19200,22400,'p'),(22400,25600,'p'),(25600,28800,'p'),(28800,32000,'p'),(32000,35200,'p'),(35200,38400,'p'),(38400,41600,'p'),(41600,44800,'p'),(44800,48000,'p')]"
1409,/Users/ssankey/PycharmProjects/AdvReverb/data/VoxCeleb1/test/id10305/3QrLepYlH6o/00001.wav,35,"[(0,3200,'p'),(3200,6400,'p'),(6400,9600,'p'),(9600,12800,'p'),(12800,16000,'p'),(16000,19200,'p'),(19200,22400,'p'),(22400,25600,'p'),(25600,28800,'p'),(28800,32000,'p'),(32000,35200,'p'),(35200,38400,'p'),(38400,41600,'p'),(41600,44800,'p'),(44800,48000,'p')]"
1410,/Users/ssankey/PycharmProjects/AdvReverb/data/VoxCeleb1/test/id10305/3QrLepYlH6o/00002.wav,35,"[(0,3200,'p'),(3200,6400,'p'),(6400,9600,'p'),(9600,12800,'p'),(12800,16000,'p'),(16000,19200,'p'),(19200,22400,'p'),(22400,25600,'p'),(25600,28800,'p'),(28800,32000,'p'),(32000,35200,'p'),(35200,38400,'p'),(38400,41600,'p'),(41600,44800,'p'),(44800,48000,'p')]"
1411,/Users/ssankey/PycharmProjects/AdvReverb/data/VoxCeleb1/test/id10305/3QrLepYlH6o/00003.wav,35,"[(0,3200,'p'),(3200,6400,'p'),(6400,9600,'p'),(9600,12800,'p'),(12800,16000,'p'),(16000,19200,'p'),(19200,22400,'p'),(22400,25600,'p'),(25600,28800,'p'),(28800,32000,'p'),(32000,35200,'p'),(35200,38400,'p'),(38400,41600,'p'),(41600,44800,'p'),(44800,48000,'p')]"
1412,/Users/ssankey/PycharmProjects/AdvReverb/data/VoxCeleb1/test/id10305/3QrLepYlH6o/00004.wav,35,"[(0,3200,'p'),(3200,6400,'p'),(6400,9600,'p'),(9600,12800,'p'),(12800,16000,'p'),(16000,19200,'p'),(19200,22400,'p'),(22400,25600,'p'),(25600,28800,'p'),(28800,32000,'p'),(32000,35200,'p'),(35200,38400,'p'),(38400,41600,'p'),(41600,44800,'p'),(44800,48000,'p')]"
1413,/Users/ssankey/PycharmProjects/AdvReverb/data/VoxCeleb1/test/id10305/3QrLepYlH6o/00005.wav,35,"[(0,3200,'p'),(3200,6400,'p'),(6400,9600,'p'),(9600,12800,'p'),(12800,16000,'p'),(16000,19200,'p'),(19200,22400,'p'),(22400,25600,'p'),(25600,28800,'p'),(28800,32000,'p'),(32000,35200,'p'),(35200,38400,'p'),(38400,41600,'p'),(41600,44800,'p'),(44800,48000,'p')]"
1414,/Users/ssankey/PycharmProjects/AdvReverb/data/VoxCeleb1/test/id10305/3QrLepYlH6o/00006.wav,35,"[(0,3200,'p'),(3200,6400,'p'),(6400,9600,'p'),(9600,12800,'p'),(12800,16000,'p'),(16000,19200,'p'),(19200,22400,'p'),(22400,25600,'p'),(25600,28800,'p'),(28800,32000,'p'),(32000,35200,'p'),(35200,38400,'p'),(38400,41600,'p'),(41600,44800,'p'),(44800,48000,'p')]"
1415,/Users/ssankey/PycharmProjects/AdvReverb/data/VoxCeleb1/test/id10305/3QrLepYlH6o/00007.wav,35,"[(0,3200,'p'),(3200,6400,'p'),(6400,9600,'p'),(9600,12800,'p'),(12800,16000,'p'),(16000,19200,'p'),(19200,22400,'p'),(22400,25600,'p'),(25600,28800,'p'),(28800,32000,'p'),(32000,35200,'p'),(35200,38400,'p'),(38400,41600,'p'),(41600,44800,'p'),(44800,48000,'p')]"
1416,/Users/ssankey/PycharmProjects/AdvReverb/data/VoxCeleb1/test/id10305/3QrLepYlH6o/00008.wav,35,"[(0,3200,'p'),(3200,6400,'p'),(6400,9600,'p'),(9600,12800,'p'),(12800,16000,'p'),(16000,19200,'p'),(19200,22400,'p'),(22400,25600,'p'),(25600,28800,'p'),(28800,32000,'p'),(32000,35200,'p'),(35200,38400,'p'),(38400,41600,'p'),(41600,44800,'p'),(44800,48000,'p')]"
1417,/Users/ssankey/PycharmProjects/AdvReverb/data/VoxCeleb1/test/id10305/3QrLepYlH6o/00009.wav,35,"[(0,3200,'p'),(3200,6400,'p'),(6400,9600,'p'),(9600,12800,'p'),(12800,16000,'p'),(16000,19200,'p'),(19200,22400,'p'),(22400,25600,'p'),(25600,28800,'p'),(28800,32000,'p'),(32000,35200,'p'),(35200,38400,'p'),(38400,41600,'p'),(41600,44800,'p'),(44800,48000,'p')]"
1418,/Users/ssankey/PycharmProjects/AdvReverb/data/VoxCeleb1/test/id10305/3QrLepYlH6o/00010.wav,35,"[(0,3200,'p'),(3200,6400,'p'),(6400,9600,'p'),(9600,12800,'p'),(12800,16000,'p'),(16000,19200,'p'),(19200,22400,'p'),(22400,25600,'p'),(25600,28800,'p'),(28800,32000,'p'),(32000,35200,'p'),(35200,38400,'p'),(38400,41600,'p'),(41600,44800,'p'),(44800,48000,'p')]"
1419,/Users/ssankey/PycharmProjects/AdvReverb/data/VoxCeleb1/test/id10305/3QrLepYlH6o/00011.wav,35,"[(0,3200,'p'),(3200,6400,'p'),(6400,9600,'p'),(9600,12800,'p'),(12800,16000,'p'),(16000,19200,'p'),(19200,22400,'p'),(22400,25600,'p'),(25600,28800,'p'),(28800,32000,'p'),(32000,35200,'p'),(35200,38400,'p'),(38400,41600,'p'),(41600,44800,'p'),(44800,48000,'p')]"
1420,/Users/ssankey/PycharmProjects/AdvReverb/data/VoxCeleb1/test/id10305/3QrLepYlH6o/00012.wav,35,"[(0,3200,'p'),(3200,6400,'p'),(6400,9600,'p'),(9600,12800,'p'),(12800,16000,'p'),(16000,19200,'p'),(19200,22400,'p'),(22400,25600,'p'),(25600,28800,'p'),(28800,32000,'p'),(32000,35200,'p'),(35200,38400,'p'),(38400,41600,'p'),(41600,44800,'p'),(44800,48000,'p')]"
1421,/Users/ssankey/PycharmProjects/AdvReverb/data/VoxCeleb1/test/id10305/3QrLepYlH6o/00013.wav,35,"[(0,3200,'p'),(3200,6400,'p'),(6400,9600,'p'),(9600,12800,'p'),(12800,16000,'p'),(16000,19200,'p'),(19200,22400,'p'),(22400,25600,'p'),(25600,28800,'p'),(28800,32000,'p'),(32000,35200,'p'),(35200,38400,'p'),(38400,41600,'p'),(41600,44800,'p'),(44800,48000,'p')]"
1422,/Users/ssankey/PycharmProjects/AdvReverb/data/VoxCeleb1/test/id10305/3QrLepYlH6o/00014.wav,35,"[(0,3200,'p'),(3200,6400,'p'),(6400,9600,'p'),(9600,12800,'p'),(12800,16000,'p'),(16000,19200,'p'),(19200,22400,'p'),(22400,25600,'p'),(25600,28800,'p'),(28800,32000,'p'),(32000,35200,'p'),(35200,38400,'p'),(38400,41600,'p'),(41600,44800,'p'),(44800,48000,'p')]"
1423,/Users/ssankey/PycharmProjects/AdvReverb/data/VoxCeleb1/test/id10305/3QrLepYlH6o/00015.wav,35,"[(0,3200,'p'),(3200,6400,'p'),(6400,9600,'p'),(9600,12800,'p'),(12800,16000,'p'),(16000,19200,'p'),(19200,22400,'p'),(22400,25600,'p'),(25600,28800,'p'),(28800,32000,'p'),(32000,35200,'p'),(35200,38400,'p'),(38400,41600,'p'),(41600,44800,'p'),(44800,48000,'p')]"
1424,/Users/ssankey/PycharmProjects/AdvReverb/data/VoxCeleb1/test/id10305/3QrLepYlH6o/00016.wav,35,"[(0,3200,'p'),(3200,6400,'p'),(6400,9600,'p'),(9600,12800,'p'),(12800,16000,'p'),(16000,19200,'p'),(19200,22400,'p'),(22400,25600,'p'),(25600,28800,'p'),(28800,32000,'p'),(32000,35200,'p'),(35200,38400,'p'),(38400,41600,'p'),(41600,44800,'p'),(44800,48000,'p')]"
1425,/Users/ssankey/PycharmProjects/AdvReverb/data/VoxCeleb1/test/id10305/3QrLepYlH6o/00017.wav,35,"[(0,3200,'p'),(3200,6400,'p'),(6400,9600,'p'),(9600,12800,'p'),(12800,16000,'p'),(16000,19200,'p'),(19200,22400,'p'),(22400,25600,'p'),(25600,28800,'p'),(28800,32000,'p'),(32000,35200,'p'),(35200,38400,'p'),(38400,41600,'p'),(41600,44800,'p'),(44800,48000,'p')]"
1426,/Users/ssankey/PycharmProjects/AdvReverb/data/VoxCeleb1/test/id10305/6iCNE2j3XIk/00001.wav,35,"[(0,3200,'p'),(3200,6400,'p'),(6400,9600,'p'),(9600,12800,'p'),(12800,16000,'p'),(16000,19200,'p'),(19200,22400,'p'),(22400,25600,'p'),(25600,28800,'p'),(28800,32000,'p'),(32000,35200,'p'),(35200,38400,'p'),(38400,41600,'p'),(41600,44800,'p'),(44800,48000,'p')]"
1427,/Users/ssankey/PycharmProjects/AdvReverb/data/VoxCeleb1/test/id10305/6iCNE2j3XIk/00002.wav,35,"[(0,3200,'p'),(3200,6400,'p'),(6400,9600,'p'),(9600,12800,'p'),(12800,16000,'p'),(16000,19200,'p'),(19200,22400,'p'),(22400,25600,'p'),(25600,28800,'p'),(28800,32000,'p'),(32000,35200,'p'),(35200,38400,'p'),(38400,41600,'p'),(41600,44800,'p'),(44800,48000,'p')]"
1428,/Users/ssankey/PycharmProjects/AdvReverb/data/VoxCeleb1/test/id10305/7IIlj0cmQOI/00001.wav,35,"[(0,3200,'p'),(3200,6400,'p'),(6400,9600,'p'),(9600,12800,'p'),(12800,16000,'p'),(16000,19200,'p'),(19200,22400,'p'),(22400,25600,'p'),(25600,28800,'p'),(28800,32000,'p'),(32000,35200,'p'),(35200,38400,'p'),(38400,41600,'p'),(41600,44800,'p'),(44800,48000,'p')]"
1429,/Users/ssankey/PycharmProjects/AdvReverb/data/VoxCeleb1/test/id10305/7IIlj0cmQOI/00002.wav,35,"[(0,3200,'p'),(3200,6400,'p'),(6400,9600,'p'),(9600,12800,'p'),(12800,16000,'p'),(16000,19200,'p'),(19200,22400,'p'),(22400,25600,'p'),(25600,28800,'p'),(28800,32000,'p'),(32000,35200,'p'),(35200,38400,'p'),(38400,41600,'p'),(41600,44800,'p'),(44800,48000,'p')]"
1430,/Users/ssankey/PycharmProjects/AdvReverb/data/VoxCeleb1/test/id10305/7IIlj0cmQOI/00003.wav,35,"[(0,3200,'p'),(3200,6400,'p'),(6400,9600,'p'),(9600,12800,'p'),(12800,16000,'p'),(16000,19200,'p'),(19200,22400,'p'),(22400,25600,'p'),(25600,28800,'p'),(28800,32000,'p'),(32000,35200,'p'),(35200,38400,'p'),(38400,41600,'p'),(41600,44800,'p'),(44800,48000,'p')]"
1431,/Users/ssankey/PycharmProjects/AdvReverb/data/VoxCeleb1/test/id10305/cpXXdMJuCdw/00001.wav,35,"[(0,3200,'p'),(3200,6400,'p'),(6400,9600,'p'),(9600,12800,'p'),(12800,16000,'p'),(16000,19200,'p'),(19200,22400,'p'),(22400,25600,'p'),(25600,28800,'p'),(28800,32000,'p'),(32000,35200,'p'),(35200,38400,'p'),(38400,41600,'p'),(41600,44800,'p'),(44800,48000,'p')]"
1432,/Users/ssankey/PycharmProjects/AdvReverb/data/VoxCeleb1/test/id10305/cpXXdMJuCdw/00002.wav,35,"[(0,3200,'p'),(3200,6400,'p'),(6400,9600,'p'),(9600,12800,'p'),(12800,16000,'p'),(16000,19200,'p'),(19200,22400,'p'),(22400,25600,'p'),(25600,28800,'p'),(28800,32000,'p'),(32000,35200,'p'),(35200,38400,'p'),(38400,41600,'p'),(41600,44800,'p'),(44800,48000,'p')]"
1433,/Users/ssankey/PycharmProjects/AdvReverb/data/VoxCeleb1/test/id10305/cpXXdMJuCdw/00003.wav,35,"[(0,3200,'p'),(3200,6400,'p'),(6400,9600,'p'),(9600,12800,'p'),(12800,16000,'p'),(16000,19200,'p'),(19200,22400,'p'),(22400,25600,'p'),(25600,28800,'p'),(28800,32000,'p'),(32000,35200,'p'),(35200,38400,'p'),(38400,41600,'p'),(41600,44800,'p'),(44800,48000,'p')]"
1434,/Users/ssankey/PycharmProjects/AdvReverb/data/VoxCeleb1/test/id10305/cpXXdMJuCdw/00004.wav,35,"[(0,3200,'p'),(3200,6400,'p'),(6400,9600,'p'),(9600,12800,'p'),(12800,16000,'p'),(16000,19200,'p'),(19200,22400,'p'),(22400,25600,'p'),(25600,28800,'p'),(28800,32000,'p'),(32000,35200,'p'),(35200,38400,'p'),(38400,41600,'p'),(41600,44800,'p'),(44800,48000,'p')]"
1435,/Users/ssankey/PycharmProjects/AdvReverb/data/VoxCeleb1/test/id10305/cpXXdMJuCdw/00006.wav,35,"[(0,3200,'p'),(3200,6400,'p'),(6400,9600,'p'),(9600,12800,'p'),(12800,16000,'p'),(16000,19200,'p'),(19200,22400,'p'),(22400,25600,'p'),(25600,28800,'p'),(28800,32000,'p'),(32000,35200,'p'),(35200,38400,'p'),(38400,41600,'p'),(41600,44800,'p'),(44800,48000,'p')]"
1436,/Users/ssankey/PycharmProjects/AdvReverb/data/VoxCeleb1/test/id10305/cpXXdMJuCdw/00005.wav,35,"[(0,3200,'p'),(3200,6400,'p'),(6400,9600,'p'),(9600,12800,'p'),(12800,16000,'p'),(16000,19200,'p'),(19200,22400,'p'),(22400,25600,'p'),(25600,28800,'p'),(28800,32000,'p'),(32000,35200,'p'),(35200,38400,'p'),(38400,41600,'p'),(41600,44800,'p'),(44800,48000,'p')]"
1437,/Users/ssankey/PycharmProjects/AdvReverb/data/VoxCeleb1/test/id10305/cpXXdMJuCdw/00007.wav,35,"[(0,3200,'p'),(3200,6400,'p'),(6400,9600,'p'),(9600,12800,'p'),(12800,16000,'p'),(16000,19200,'p'),(19200,22400,'p'),(22400,25600,'p'),(25600,28800,'p'),(28800,32000,'p'),(32000,35200,'p'),(35200,38400,'p'),(38400,41600,'p'),(41600,44800,'p'),(44800,48000,'p')]"
1438,/Users/ssankey/PycharmProjects/AdvReverb/data/VoxCeleb1/test/id10305/cpXXdMJuCdw/00008.wav,35,"[(0,3200,'p'),(3200,6400,'p'),(6400,9600,'p'),(9600,12800,'p'),(12800,16000,'p'),(16000,19200,'p'),(19200,22400,'p'),(22400,25600,'p'),(25600,28800,'p'),(28800,32000,'p'),(32000,35200,'p'),(35200,38400,'p'),(38400,41600,'p'),(41600,44800,'p'),(44800,48000,'p')]"
1439,/Users/ssankey/PycharmProjects/AdvReverb/data/VoxCeleb1/test/id10305/cpXXdMJuCdw/00009.wav,35,"[(0,3200,'p'),(3200,6400,'p'),(6400,9600,'p'),(9600,12800,'p'),(12800,16000,'p'),(16000,19200,'p'),(19200,22400,'p'),(22400,25600,'p'),(25600,28800,'p'),(28800,32000,'p'),(32000,35200,'p'),(35200,38400,'p'),(38400,41600,'p'),(41600,44800,'p'),(44800,48000,'p')]"
1440,/Users/ssankey/PycharmProjects/AdvReverb/data/VoxCeleb1/test/id10306/2SaEbN8hYz4/00002.wav,36,"[(0,3200,'p'),(3200,6400,'p'),(6400,9600,'p'),(9600,12800,'p'),(12800,16000,'p'),(16000,19200,'p'),(19200,22400,'p'),(22400,25600,'p'),(25600,28800,'p'),(28800,32000,'p'),(32000,35200,'p'),(35200,38400,'p'),(38400,41600,'p'),(41600,44800,'p'),(44800,48000,'p')]"
1441,/Users/ssankey/PycharmProjects/AdvReverb/data/VoxCeleb1/test/id10306/2SaEbN8hYz4/00003.wav,36,"[(0,3200,'p'),(3200,6400,'p'),(6400,9600,'p'),(9600,12800,'p'),(12800,16000,'p'),(16000,19200,'p'),(19200,22400,'p'),(22400,25600,'p'),(25600,28800,'p'),(28800,32000,'p'),(32000,35200,'p'),(35200,38400,'p'),(38400,41600,'p'),(41600,44800,'p'),(44800,48000,'p')]"
1442,/Users/ssankey/PycharmProjects/AdvReverb/data/VoxCeleb1/test/id10306/2SaEbN8hYz4/00004.wav,36,"[(0,3200,'p'),(3200,6400,'p'),(6400,9600,'p'),(9600,12800,'p'),(12800,16000,'p'),(16000,19200,'p'),(19200,22400,'p'),(22400,25600,'p'),(25600,28800,'p'),(28800,32000,'p'),(32000,35200,'p'),(35200,38400,'p'),(38400,41600,'p'),(41600,44800,'p'),(44800,48000,'p')]"
1443,/Users/ssankey/PycharmProjects/AdvReverb/data/VoxCeleb1/test/id10306/2SaEbN8hYz4/00005.wav,36,"[(0,3200,'p'),(3200,6400,'p'),(6400,9600,'p'),(9600,12800,'p'),(12800,16000,'p'),(16000,19200,'p'),(19200,22400,'p'),(22400,25600,'p'),(25600,28800,'p'),(28800,32000,'p'),(32000,35200,'p'),(35200,38400,'p'),(38400,41600,'p'),(41600,44800,'p'),(44800,48000,'p')]"
1444,/Users/ssankey/PycharmProjects/AdvReverb/data/VoxCeleb1/test/id10306/2SaEbN8hYz4/00006.wav,36,"[(0,3200,'p'),(3200,6400,'p'),(6400,9600,'p'),(9600,12800,'p'),(12800,16000,'p'),(16000,19200,'p'),(19200,22400,'p'),(22400,25600,'p'),(25600,28800,'p'),(28800,32000,'p'),(32000,35200,'p'),(35200,38400,'p'),(38400,41600,'p'),(41600,44800,'p'),(44800,48000,'p')]"
1445,/Users/ssankey/PycharmProjects/AdvReverb/data/VoxCeleb1/test/id10306/2SaEbN8hYz4/00007.wav,36,"[(0,3200,'p'),(3200,6400,'p'),(6400,9600,'p'),(9600,12800,'p'),(12800,16000,'p'),(16000,19200,'p'),(19200,22400,'p'),(22400,25600,'p'),(25600,28800,'p'),(28800,32000,'p'),(32000,35200,'p'),(35200,38400,'p'),(38400,41600,'p'),(41600,44800,'p'),(44800,48000,'p')]"
1446,/Users/ssankey/PycharmProjects/AdvReverb/data/VoxCeleb1/test/id10306/2SaEbN8hYz4/00008.wav,36,"[(0,3200,'p'),(3200,6400,'p'),(6400,9600,'p'),(9600,12800,'p'),(12800,16000,'p'),(16000,19200,'p'),(19200,22400,'p'),(22400,25600,'p'),(25600,28800,'p'),(28800,32000,'p'),(32000,35200,'p'),(35200,38400,'p'),(38400,41600,'p'),(41600,44800,'p'),(44800,48000,'p')]"
1447,/Users/ssankey/PycharmProjects/AdvReverb/data/VoxCeleb1/test/id10306/2SaEbN8hYz4/00009.wav,36,"[(0,3200,'p'),(3200,6400,'p'),(6400,9600,'p'),(9600,12800,'p'),(12800,16000,'p'),(16000,19200,'p'),(19200,22400,'p'),(22400,25600,'p'),(25600,28800,'p'),(28800,32000,'p'),(32000,35200,'p'),(35200,38400,'p'),(38400,41600,'p'),(41600,44800,'p'),(44800,48000,'p')]"
1448,/Users/ssankey/PycharmProjects/AdvReverb/data/VoxCeleb1/test/id10306/2SaEbN8hYz4/00010.wav,36,"[(0,3200,'p'),(3200,6400,'p'),(6400,9600,'p'),(9600,12800,'p'),(12800,16000,'p'),(16000,19200,'p'),(19200,22400,'p'),(22400,25600,'p'),(25600,28800,'p'),(28800,32000,'p'),(32000,35200,'p'),(35200,38400,'p'),(38400,41600,'p'),(41600,44800,'p'),(44800,48000,'p')]"
1449,/Users/ssankey/PycharmProjects/AdvReverb/data/VoxCeleb1/test/id10306/2SaEbN8hYz4/00011.wav,36,"[(0,3200,'p'),(3200,6400,'p'),(6400,9600,'p'),(9600,12800,'p'),(12800,16000,'p'),(16000,19200,'p'),(19200,22400,'p'),(22400,25600,'p'),(25600,28800,'p'),(28800,32000,'p'),(32000,35200,'p'),(35200,38400,'p'),(38400,41600,'p'),(41600,44800,'p'),(44800,48000,'p')]"
1450,/Users/ssankey/PycharmProjects/AdvReverb/data/VoxCeleb1/test/id10306/2SaEbN8hYz4/00012.wav,36,"[(0,3200,'p'),(3200,6400,'p'),(6400,9600,'p'),(9600,12800,'p'),(12800,16000,'p'),(16000,19200,'p'),(19200,22400,'p'),(22400,25600,'p'),(25600,28800,'p'),(28800,32000,'p'),(32000,35200,'p'),(35200,38400,'p'),(38400,41600,'p'),(41600,44800,'p'),(44800,48000,'p')]"
1451,/Users/ssankey/PycharmProjects/AdvReverb/data/VoxCeleb1/test/id10306/2SaEbN8hYz4/00013.wav,36,"[(0,3200,'p'),(3200,6400,'p'),(6400,9600,'p'),(9600,12800,'p'),(12800,16000,'p'),(16000,19200,'p'),(19200,22400,'p'),(22400,25600,'p'),(25600,28800,'p'),(28800,32000,'p'),(32000,35200,'p'),(35200,38400,'p'),(38400,41600,'p'),(41600,44800,'p'),(44800,48000,'p')]"
1452,/Users/ssankey/PycharmProjects/AdvReverb/data/VoxCeleb1/test/id10306/2SaEbN8hYz4/00014.wav,36,"[(0,3200,'p'),(3200,6400,'p'),(6400,9600,'p'),(9600,12800,'p'),(12800,16000,'p'),(16000,19200,'p'),(19200,22400,'p'),(22400,25600,'p'),(25600,28800,'p'),(28800,32000,'p'),(32000,35200,'p'),(35200,38400,'p'),(38400,41600,'p'),(41600,44800,'p'),(44800,48000,'p')]"
1453,/Users/ssankey/PycharmProjects/AdvReverb/data/VoxCeleb1/test/id10306/2SaEbN8hYz4/00015.wav,36,"[(0,3200,'p'),(3200,6400,'p'),(6400,9600,'p'),(9600,12800,'p'),(12800,16000,'p'),(16000,19200,'p'),(19200,22400,'p'),(22400,25600,'p'),(25600,28800,'p'),(28800,32000,'p'),(32000,35200,'p'),(35200,38400,'p'),(38400,41600,'p'),(41600,44800,'p'),(44800,48000,'p')]"
1454,/Users/ssankey/PycharmProjects/AdvReverb/data/VoxCeleb1/test/id10306/2SaEbN8hYz4/00016.wav,36,"[(0,3200,'p'),(3200,6400,'p'),(6400,9600,'p'),(9600,12800,'p'),(12800,16000,'p'),(16000,19200,'p'),(19200,22400,'p'),(22400,25600,'p'),(25600,28800,'p'),(28800,32000,'p'),(32000,35200,'p'),(35200,38400,'p'),(38400,41600,'p'),(41600,44800,'p'),(44800,48000,'p')]"
1455,/Users/ssankey/PycharmProjects/AdvReverb/data/VoxCeleb1/test/id10306/2SaEbN8hYz4/00017.wav,36,"[(0,3200,'p'),(3200,6400,'p'),(6400,9600,'p'),(9600,12800,'p'),(12800,16000,'p'),(16000,19200,'p'),(19200,22400,'p'),(22400,25600,'p'),(25600,28800,'p'),(28800,32000,'p'),(32000,35200,'p'),(35200,38400,'p'),(38400,41600,'p'),(41600,44800,'p'),(44800,48000,'p')]"
1456,/Users/ssankey/PycharmProjects/AdvReverb/data/VoxCeleb1/test/id10306/2SaEbN8hYz4/00018.wav,36,"[(0,3200,'p'),(3200,6400,'p'),(6400,9600,'p'),(9600,12800,'p'),(12800,16000,'p'),(16000,19200,'p'),(19200,22400,'p'),(22400,25600,'p'),(25600,28800,'p'),(28800,32000,'p'),(32000,35200,'p'),(35200,38400,'p'),(38400,41600,'p'),(41600,44800,'p'),(44800,48000,'p')]"
1457,/Users/ssankey/PycharmProjects/AdvReverb/data/VoxCeleb1/test/id10306/2SaEbN8hYz4/00019.wav,36,"[(0,3200,'p'),(3200,6400,'p'),(6400,9600,'p'),(9600,12800,'p'),(12800,16000,'p'),(16000,19200,'p'),(19200,22400,'p'),(22400,25600,'p'),(25600,28800,'p'),(28800,32000,'p'),(32000,35200,'p'),(35200,38400,'p'),(38400,41600,'p'),(41600,44800,'p'),(44800,48000,'p')]"
1458,/Users/ssankey/PycharmProjects/AdvReverb/data/VoxCeleb1/test/id10306/2SaEbN8hYz4/00020.wav,36,"[(0,3200,'p'),(3200,6400,'p'),(6400,9600,'p'),(9600,12800,'p'),(12800,16000,'p'),(16000,19200,'p'),(19200,22400,'p'),(22400,25600,'p'),(25600,28800,'p'),(28800,32000,'p'),(32000,35200,'p'),(35200,38400,'p'),(38400,41600,'p'),(41600,44800,'p'),(44800,48000,'p')]"
1459,/Users/ssankey/PycharmProjects/AdvReverb/data/VoxCeleb1/test/id10306/2SaEbN8hYz4/00021.wav,36,"[(0,3200,'p'),(3200,6400,'p'),(6400,9600,'p'),(9600,12800,'p'),(12800,16000,'p'),(16000,19200,'p'),(19200,22400,'p'),(22400,25600,'p'),(25600,28800,'p'),(28800,32000,'p'),(32000,35200,'p'),(35200,38400,'p'),(38400,41600,'p'),(41600,44800,'p'),(44800,48000,'p')]"
1460,/Users/ssankey/PycharmProjects/AdvReverb/data/VoxCeleb1/test/id10306/2SaEbN8hYz4/00022.wav,36,"[(0,3200,'p'),(3200,6400,'p'),(6400,9600,'p'),(9600,12800,'p'),(12800,16000,'p'),(16000,19200,'p'),(19200,22400,'p'),(22400,25600,'p'),(25600,28800,'p'),(28800,32000,'p'),(32000,35200,'p'),(35200,38400,'p'),(38400,41600,'p'),(41600,44800,'p'),(44800,48000,'p')]"
1461,/Users/ssankey/PycharmProjects/AdvReverb/data/VoxCeleb1/test/id10306/2SaEbN8hYz4/00023.wav,36,"[(0,3200,'p'),(3200,6400,'p'),(6400,9600,'p'),(9600,12800,'p'),(12800,16000,'p'),(16000,19200,'p'),(19200,22400,'p'),(22400,25600,'p'),(25600,28800,'p'),(28800,32000,'p'),(32000,35200,'p'),(35200,38400,'p'),(38400,41600,'p'),(41600,44800,'p'),(44800,48000,'p')]"
1462,/Users/ssankey/PycharmProjects/AdvReverb/data/VoxCeleb1/test/id10306/2SaEbN8hYz4/00024.wav,36,"[(0,3200,'p'),(3200,6400,'p'),(6400,9600,'p'),(9600,12800,'p'),(12800,16000,'p'),(16000,19200,'p'),(19200,22400,'p'),(22400,25600,'p'),(25600,28800,'p'),(28800,32000,'p'),(32000,35200,'p'),(35200,38400,'p'),(38400,41600,'p'),(41600,44800,'p'),(44800,48000,'p')]"
1463,/Users/ssankey/PycharmProjects/AdvReverb/data/VoxCeleb1/test/id10306/2SaEbN8hYz4/00025.wav,36,"[(0,3200,'p'),(3200,6400,'p'),(6400,9600,'p'),(9600,12800,'p'),(12800,16000,'p'),(16000,19200,'p'),(19200,22400,'p'),(22400,25600,'p'),(25600,28800,'p'),(28800,32000,'p'),(32000,35200,'p'),(35200,38400,'p'),(38400,41600,'p'),(41600,44800,'p'),(44800,48000,'p')]"
1464,/Users/ssankey/PycharmProjects/AdvReverb/data/VoxCeleb1/test/id10306/2SaEbN8hYz4/00026.wav,36,"[(0,3200,'p'),(3200,6400,'p'),(6400,9600,'p'),(9600,12800,'p'),(12800,16000,'p'),(16000,19200,'p'),(19200,22400,'p'),(22400,25600,'p'),(25600,28800,'p'),(28800,32000,'p'),(32000,35200,'p'),(35200,38400,'p'),(38400,41600,'p'),(41600,44800,'p'),(44800,48000,'p')]"
1465,/Users/ssankey/PycharmProjects/AdvReverb/data/VoxCeleb1/test/id10306/43_6k_dVw0I/00001.wav,36,"[(0,3200,'p'),(3200,6400,'p'),(6400,9600,'p'),(9600,12800,'p'),(12800,16000,'p'),(16000,19200,'p'),(19200,22400,'p'),(22400,25600,'p'),(25600,28800,'p'),(28800,32000,'p'),(32000,35200,'p'),(35200,38400,'p'),(38400,41600,'p'),(41600,44800,'p'),(44800,48000,'p')]"
1466,/Users/ssankey/PycharmProjects/AdvReverb/data/VoxCeleb1/test/id10306/43_6k_dVw0I/00002.wav,36,"[(0,3200,'p'),(3200,6400,'p'),(6400,9600,'p'),(9600,12800,'p'),(12800,16000,'p'),(16000,19200,'p'),(19200,22400,'p'),(22400,25600,'p'),(25600,28800,'p'),(28800,32000,'p'),(32000,35200,'p'),(35200,38400,'p'),(38400,41600,'p'),(41600,44800,'p'),(44800,48000,'p')]"
1467,/Users/ssankey/PycharmProjects/AdvReverb/data/VoxCeleb1/test/id10306/4E-dEOQQsvo/00001.wav,36,"[(0,3200,'p'),(3200,6400,'p'),(6400,9600,'p'),(9600,12800,'p'),(12800,16000,'p'),(16000,19200,'p'),(19200,22400,'p'),(22400,25600,'p'),(25600,28800,'p'),(28800,32000,'p'),(32000,35200,'p'),(35200,38400,'p'),(38400,41600,'p'),(41600,44800,'p'),(44800,48000,'p')]"
1468,/Users/ssankey/PycharmProjects/AdvReverb/data/VoxCeleb1/test/id10306/4E-dEOQQsvo/00002.wav,36,"[(0,3200,'p'),(3200,6400,'p'),(6400,9600,'p'),(9600,12800,'p'),(12800,16000,'p'),(16000,19200,'p'),(19200,22400,'p'),(22400,25600,'p'),(25600,28800,'p'),(28800,32000,'p'),(32000,35200,'p'),(35200,38400,'p'),(38400,41600,'p'),(41600,44800,'p'),(44800,48000,'p')]"
1469,/Users/ssankey/PycharmProjects/AdvReverb/data/VoxCeleb1/test/id10306/4E-dEOQQsvo/00003.wav,36,"[(0,3200,'p'),(3200,6400,'p'),(6400,9600,'p'),(9600,12800,'p'),(12800,16000,'p'),(16000,19200,'p'),(19200,22400,'p'),(22400,25600,'p'),(25600,28800,'p'),(28800,32000,'p'),(32000,35200,'p'),(35200,38400,'p'),(38400,41600,'p'),(41600,44800,'p'),(44800,48000,'p')]"
1470,/Users/ssankey/PycharmProjects/AdvReverb/data/VoxCeleb1/test/id10306/4E-dEOQQsvo/00004.wav,36,"[(0,3200,'p'),(3200,6400,'p'),(6400,9600,'p'),(9600,12800,'p'),(12800,16000,'p'),(16000,19200,'p'),(19200,22400,'p'),(22400,25600,'p'),(25600,28800,'p'),(28800,32000,'p'),(32000,35200,'p'),(35200,38400,'p'),(38400,41600,'p'),(41600,44800,'p'),(44800,48000,'p')]"
1471,/Users/ssankey/PycharmProjects/AdvReverb/data/VoxCeleb1/test/id10306/4E-dEOQQsvo/00005.wav,36,"[(0,3200,'p'),(3200,6400,'p'),(6400,9600,'p'),(9600,12800,'p'),(12800,16000,'p'),(16000,19200,'p'),(19200,22400,'p'),(22400,25600,'p'),(25600,28800,'p'),(28800,32000,'p'),(32000,35200,'p'),(35200,38400,'p'),(38400,41600,'p'),(41600,44800,'p'),(44800,48000,'p')]"
1472,/Users/ssankey/PycharmProjects/AdvReverb/data/VoxCeleb1/test/id10306/4E-dEOQQsvo/00006.wav,36,"[(0,3200,'p'),(3200,6400,'p'),(6400,9600,'p'),(9600,12800,'p'),(12800,16000,'p'),(16000,19200,'p'),(19200,22400,'p'),(22400,25600,'p'),(25600,28800,'p'),(28800,32000,'p'),(32000,35200,'p'),(35200,38400,'p'),(38400,41600,'p'),(41600,44800,'p'),(44800,48000,'p')]"
1473,/Users/ssankey/PycharmProjects/AdvReverb/data/VoxCeleb1/test/id10306/4E-dEOQQsvo/00007.wav,36,"[(0,3200,'p'),(3200,6400,'p'),(6400,9600,'p'),(9600,12800,'p'),(12800,16000,'p'),(16000,19200,'p'),(19200,22400,'p'),(22400,25600,'p'),(25600,28800,'p'),(28800,32000,'p'),(32000,35200,'p'),(35200,38400,'p'),(38400,41600,'p'),(41600,44800,'p'),(44800,48000,'p')]"
1474,/Users/ssankey/PycharmProjects/AdvReverb/data/VoxCeleb1/test/id10306/5jsUg3uxG-E/00001.wav,36,"[(0,3200,'p'),(3200,6400,'p'),(6400,9600,'p'),(9600,12800,'p'),(12800,16000,'p'),(16000,19200,'p'),(19200,22400,'p'),(22400,25600,'p'),(25600,28800,'p'),(28800,32000,'p'),(32000,35200,'p'),(35200,38400,'p'),(38400,41600,'p'),(41600,44800,'p'),(44800,48000,'p')]"
1475,/Users/ssankey/PycharmProjects/AdvReverb/data/VoxCeleb1/test/id10306/5jsUg3uxG-E/00002.wav,36,"[(0,3200,'p'),(3200,6400,'p'),(6400,9600,'p'),(9600,12800,'p'),(12800,16000,'p'),(16000,19200,'p'),(19200,22400,'p'),(22400,25600,'p'),(25600,28800,'p'),(28800,32000,'p'),(32000,35200,'p'),(35200,38400,'p'),(38400,41600,'p'),(41600,44800,'p'),(44800,48000,'p')]"
1476,/Users/ssankey/PycharmProjects/AdvReverb/data/VoxCeleb1/test/id10306/5jsUg3uxG-E/00003.wav,36,"[(0,3200,'p'),(3200,6400,'p'),(6400,9600,'p'),(9600,12800,'p'),(12800,16000,'p'),(16000,19200,'p'),(19200,22400,'p'),(22400,25600,'p'),(25600,28800,'p'),(28800,32000,'p'),(32000,35200,'p'),(35200,38400,'p'),(38400,41600,'p'),(41600,44800,'p'),(44800,48000,'p')]"
1477,/Users/ssankey/PycharmProjects/AdvReverb/data/VoxCeleb1/test/id10306/5jsUg3uxG-E/00004.wav,36,"[(0,3200,'p'),(3200,6400,'p'),(6400,9600,'p'),(9600,12800,'p'),(12800,16000,'p'),(16000,19200,'p'),(19200,22400,'p'),(22400,25600,'p'),(25600,28800,'p'),(28800,32000,'p'),(32000,35200,'p'),(35200,38400,'p'),(38400,41600,'p'),(41600,44800,'p'),(44800,48000,'p')]"
1478,/Users/ssankey/PycharmProjects/AdvReverb/data/VoxCeleb1/test/id10306/5jsUg3uxG-E/00005.wav,36,"[(0,3200,'p'),(3200,6400,'p'),(6400,9600,'p'),(9600,12800,'p'),(12800,16000,'p'),(16000,19200,'p'),(19200,22400,'p'),(22400,25600,'p'),(25600,28800,'p'),(28800,32000,'p'),(32000,35200,'p'),(35200,38400,'p'),(38400,41600,'p'),(41600,44800,'p'),(44800,48000,'p')]"
1479,/Users/ssankey/PycharmProjects/AdvReverb/data/VoxCeleb1/test/id10306/5jsUg3uxG-E/00006.wav,36,"[(0,3200,'p'),(3200,6400,'p'),(6400,9600,'p'),(9600,12800,'p'),(12800,16000,'p'),(16000,19200,'p'),(19200,22400,'p'),(22400,25600,'p'),(25600,28800,'p'),(28800,32000,'p'),(32000,35200,'p'),(35200,38400,'p'),(38400,41600,'p'),(41600,44800,'p'),(44800,48000,'p')]"
1480,/Users/ssankey/PycharmProjects/AdvReverb/data/VoxCeleb1/test/id10307/0nH78dDh0N0/00004.wav,37,"[(0,3200,'p'),(3200,6400,'p'),(6400,9600,'p'),(9600,12800,'p'),(12800,16000,'p'),(16000,19200,'p'),(19200,22400,'p'),(22400,25600,'p'),(25600,28800,'p'),(28800,32000,'p'),(32000,35200,'p'),(35200,38400,'p'),(38400,41600,'p'),(41600,44800,'p'),(44800,48000,'p')]"
1481,/Users/ssankey/PycharmProjects/AdvReverb/data/VoxCeleb1/test/id10307/0nH78dDh0N0/00005.wav,37,"[(0,3200,'p'),(3200,6400,'p'),(6400,9600,'p'),(9600,12800,'p'),(12800,16000,'p'),(16000,19200,'p'),(19200,22400,'p'),(22400,25600,'p'),(25600,28800,'p'),(28800,32000,'p'),(32000,35200,'p'),(35200,38400,'p'),(38400,41600,'p'),(41600,44800,'p'),(44800,48000,'p')]"
1482,/Users/ssankey/PycharmProjects/AdvReverb/data/VoxCeleb1/test/id10307/0nH78dDh0N0/00006.wav,37,"[(0,3200,'p'),(3200,6400,'p'),(6400,9600,'p'),(9600,12800,'p'),(12800,16000,'p'),(16000,19200,'p'),(19200,22400,'p'),(22400,25600,'p'),(25600,28800,'p'),(28800,32000,'p'),(32000,35200,'p'),(35200,38400,'p'),(38400,41600,'p'),(41600,44800,'p'),(44800,48000,'p')]"
1483,/Users/ssankey/PycharmProjects/AdvReverb/data/VoxCeleb1/test/id10307/0nH78dDh0N0/00007.wav,37,"[(0,3200,'p'),(3200,6400,'p'),(6400,9600,'p'),(9600,12800,'p'),(12800,16000,'p'),(16000,19200,'p'),(19200,22400,'p'),(22400,25600,'p'),(25600,28800,'p'),(28800,32000,'p'),(32000,35200,'p'),(35200,38400,'p'),(38400,41600,'p'),(41600,44800,'p'),(44800,48000,'p')]"
1484,/Users/ssankey/PycharmProjects/AdvReverb/data/VoxCeleb1/test/id10307/0nH78dDh0N0/00008.wav,37,"[(0,3200,'p'),(3200,6400,'p'),(6400,9600,'p'),(9600,12800,'p'),(12800,16000,'p'),(16000,19200,'p'),(19200,22400,'p'),(22400,25600,'p'),(25600,28800,'p'),(28800,32000,'p'),(32000,35200,'p'),(35200,38400,'p'),(38400,41600,'p'),(41600,44800,'p'),(44800,48000,'p')]"
1485,/Users/ssankey/PycharmProjects/AdvReverb/data/VoxCeleb1/test/id10307/0nH78dDh0N0/00009.wav,37,"[(0,3200,'p'),(3200,6400,'p'),(6400,9600,'p'),(9600,12800,'p'),(12800,16000,'p'),(16000,19200,'p'),(19200,22400,'p'),(22400,25600,'p'),(25600,28800,'p'),(28800,32000,'p'),(32000,35200,'p'),(35200,38400,'p'),(38400,41600,'p'),(41600,44800,'p'),(44800,48000,'p')]"
1486,/Users/ssankey/PycharmProjects/AdvReverb/data/VoxCeleb1/test/id10307/0nH78dDh0N0/00010.wav,37,"[(0,3200,'p'),(3200,6400,'p'),(6400,9600,'p'),(9600,12800,'p'),(12800,16000,'p'),(16000,19200,'p'),(19200,22400,'p'),(22400,25600,'p'),(25600,28800,'p'),(28800,32000,'p'),(32000,35200,'p'),(35200,38400,'p'),(38400,41600,'p'),(41600,44800,'p'),(44800,48000,'p')]"
1487,/Users/ssankey/PycharmProjects/AdvReverb/data/VoxCeleb1/test/id10307/0nH78dDh0N0/00011.wav,37,"[(0,3200,'p'),(3200,6400,'p'),(6400,9600,'p'),(9600,12800,'p'),(12800,16000,'p'),(16000,19200,'p'),(19200,22400,'p'),(22400,25600,'p'),(25600,28800,'p'),(28800,32000,'p'),(32000,35200,'p'),(35200,38400,'p'),(38400,41600,'p'),(41600,44800,'p'),(44800,48000,'p')]"
1488,/Users/ssankey/PycharmProjects/AdvReverb/data/VoxCeleb1/test/id10307/0nH78dDh0N0/00012.wav,37,"[(0,3200,'p'),(3200,6400,'p'),(6400,9600,'p'),(9600,12800,'p'),(12800,16000,'p'),(16000,19200,'p'),(19200,22400,'p'),(22400,25600,'p'),(25600,28800,'p'),(28800,32000,'p'),(32000,35200,'p'),(35200,38400,'p'),(38400,41600,'p'),(41600,44800,'p'),(44800,48000,'p')]"
1489,/Users/ssankey/PycharmProjects/AdvReverb/data/VoxCeleb1/test/id10307/0nH78dDh0N0/00013.wav,37,"[(0,3200,'p'),(3200,6400,'p'),(6400,9600,'p'),(9600,12800,'p'),(12800,16000,'p'),(16000,19200,'p'),(19200,22400,'p'),(22400,25600,'p'),(25600,28800,'p'),(28800,32000,'p'),(32000,35200,'p'),(35200,38400,'p'),(38400,41600,'p'),(41600,44800,'p'),(44800,48000,'p')]"
1490,/Users/ssankey/PycharmProjects/AdvReverb/data/VoxCeleb1/test/id10307/0nH78dDh0N0/00014.wav,37,"[(0,3200,'p'),(3200,6400,'p'),(6400,9600,'p'),(9600,12800,'p'),(12800,16000,'p'),(16000,19200,'p'),(19200,22400,'p'),(22400,25600,'p'),(25600,28800,'p'),(28800,32000,'p'),(32000,35200,'p'),(35200,38400,'p'),(38400,41600,'p'),(41600,44800,'p'),(44800,48000,'p')]"
1491,/Users/ssankey/PycharmProjects/AdvReverb/data/VoxCeleb1/test/id10307/0nH78dDh0N0/00015.wav,37,"[(0,3200,'p'),(3200,6400,'p'),(6400,9600,'p'),(9600,12800,'p'),(12800,16000,'p'),(16000,19200,'p'),(19200,22400,'p'),(22400,25600,'p'),(25600,28800,'p'),(28800,32000,'p'),(32000,35200,'p'),(35200,38400,'p'),(38400,41600,'p'),(41600,44800,'p'),(44800,48000,'p')]"
1492,/Users/ssankey/PycharmProjects/AdvReverb/data/VoxCeleb1/test/id10307/0nH78dDh0N0/00016.wav,37,"[(0,3200,'p'),(3200,6400,'p'),(6400,9600,'p'),(9600,12800,'p'),(12800,16000,'p'),(16000,19200,'p'),(19200,22400,'p'),(22400,25600,'p'),(25600,28800,'p'),(28800,32000,'p'),(32000,35200,'p'),(35200,38400,'p'),(38400,41600,'p'),(41600,44800,'p'),(44800,48000,'p')]"
1493,/Users/ssankey/PycharmProjects/AdvReverb/data/VoxCeleb1/test/id10307/0nH78dDh0N0/00017.wav,37,"[(0,3200,'p'),(3200,6400,'p'),(6400,9600,'p'),(9600,12800,'p'),(12800,16000,'p'),(16000,19200,'p'),(19200,22400,'p'),(22400,25600,'p'),(25600,28800,'p'),(28800,32000,'p'),(32000,35200,'p'),(35200,38400,'p'),(38400,41600,'p'),(41600,44800,'p'),(44800,48000,'p')]"
1494,/Users/ssankey/PycharmProjects/AdvReverb/data/VoxCeleb1/test/id10307/0nH78dDh0N0/00018.wav,37,"[(0,3200,'p'),(3200,6400,'p'),(6400,9600,'p'),(9600,12800,'p'),(12800,16000,'p'),(16000,19200,'p'),(19200,22400,'p'),(22400,25600,'p'),(25600,28800,'p'),(28800,32000,'p'),(32000,35200,'p'),(35200,38400,'p'),(38400,41600,'p'),(41600,44800,'p'),(44800,48000,'p')]"
1495,/Users/ssankey/PycharmProjects/AdvReverb/data/VoxCeleb1/test/id10307/0nH78dDh0N0/00019.wav,37,"[(0,3200,'p'),(3200,6400,'p'),(6400,9600,'p'),(9600,12800,'p'),(12800,16000,'p'),(16000,19200,'p'),(19200,22400,'p'),(22400,25600,'p'),(25600,28800,'p'),(28800,32000,'p'),(32000,35200,'p'),(35200,38400,'p'),(38400,41600,'p'),(41600,44800,'p'),(44800,48000,'p')]"
1496,/Users/ssankey/PycharmProjects/AdvReverb/data/VoxCeleb1/test/id10307/0nH78dDh0N0/00020.wav,37,"[(0,3200,'p'),(3200,6400,'p'),(6400,9600,'p'),(9600,12800,'p'),(12800,16000,'p'),(16000,19200,'p'),(19200,22400,'p'),(22400,25600,'p'),(25600,28800,'p'),(28800,32000,'p'),(32000,35200,'p'),(35200,38400,'p'),(38400,41600,'p'),(41600,44800,'p'),(44800,48000,'p')]"
1497,/Users/ssankey/PycharmProjects/AdvReverb/data/VoxCeleb1/test/id10307/0nH78dDh0N0/00021.wav,37,"[(0,3200,'p'),(3200,6400,'p'),(6400,9600,'p'),(9600,12800,'p'),(12800,16000,'p'),(16000,19200,'p'),(19200,22400,'p'),(22400,25600,'p'),(25600,28800,'p'),(28800,32000,'p'),(32000,35200,'p'),(35200,38400,'p'),(38400,41600,'p'),(41600,44800,'p'),(44800,48000,'p')]"
1498,/Users/ssankey/PycharmProjects/AdvReverb/data/VoxCeleb1/test/id10307/120gjdqGWNQ/00001.wav,37,"[(0,3200,'p'),(3200,6400,'p'),(6400,9600,'p'),(9600,12800,'p'),(12800,16000,'p'),(16000,19200,'p'),(19200,22400,'p'),(22400,25600,'p'),(25600,28800,'p'),(28800,32000,'p'),(32000,35200,'p'),(35200,38400,'p'),(38400,41600,'p'),(41600,44800,'p'),(44800,48000,'p')]"
1499,/Users/ssankey/PycharmProjects/AdvReverb/data/VoxCeleb1/test/id10307/120gjdqGWNQ/00002.wav,37,"[(0,3200,'p'),(3200,6400,'p'),(6400,9600,'p'),(9600,12800,'p'),(12800,16000,'p'),(16000,19200,'p'),(19200,22400,'p'),(22400,25600,'p'),(25600,28800,'p'),(28800,32000,'p'),(32000,35200,'p'),(35200,38400,'p'),(38400,41600,'p'),(41600,44800,'p'),(44800,48000,'p')]"
1500,/Users/ssankey/PycharmProjects/AdvReverb/data/VoxCeleb1/test/id10307/120gjdqGWNQ/00003.wav,37,"[(0,3200,'p'),(3200,6400,'p'),(6400,9600,'p'),(9600,12800,'p'),(12800,16000,'p'),(16000,19200,'p'),(19200,22400,'p'),(22400,25600,'p'),(25600,28800,'p'),(28800,32000,'p'),(32000,35200,'p'),(35200,38400,'p'),(38400,41600,'p'),(41600,44800,'p'),(44800,48000,'p')]"
1501,/Users/ssankey/PycharmProjects/AdvReverb/data/VoxCeleb1/test/id10307/120gjdqGWNQ/00004.wav,37,"[(0,3200,'p'),(3200,6400,'p'),(6400,9600,'p'),(9600,12800,'p'),(12800,16000,'p'),(16000,19200,'p'),(19200,22400,'p'),(22400,25600,'p'),(25600,28800,'p'),(28800,32000,'p'),(32000,35200,'p'),(35200,38400,'p'),(38400,41600,'p'),(41600,44800,'p'),(44800,48000,'p')]"
1502,/Users/ssankey/PycharmProjects/AdvReverb/data/VoxCeleb1/test/id10307/120gjdqGWNQ/00005.wav,37,"[(0,3200,'p'),(3200,6400,'p'),(6400,9600,'p'),(9600,12800,'p'),(12800,16000,'p'),(16000,19200,'p'),(19200,22400,'p'),(22400,25600,'p'),(25600,28800,'p'),(28800,32000,'p'),(32000,35200,'p'),(35200,38400,'p'),(38400,41600,'p'),(41600,44800,'p'),(44800,48000,'p')]"
1503,/Users/ssankey/PycharmProjects/AdvReverb/data/VoxCeleb1/test/id10307/120gjdqGWNQ/00007.wav,37,"[(0,3200,'p'),(3200,6400,'p'),(6400,9600,'p'),(9600,12800,'p'),(12800,16000,'p'),(16000,19200,'p'),(19200,22400,'p'),(22400,25600,'p'),(25600,28800,'p'),(28800,32000,'p'),(32000,35200,'p'),(35200,38400,'p'),(38400,41600,'p'),(41600,44800,'p'),(44800,48000,'p')]"
1504,/Users/ssankey/PycharmProjects/AdvReverb/data/VoxCeleb1/test/id10307/120gjdqGWNQ/00006.wav,37,"[(0,3200,'p'),(3200,6400,'p'),(6400,9600,'p'),(9600,12800,'p'),(12800,16000,'p'),(16000,19200,'p'),(19200,22400,'p'),(22400,25600,'p'),(25600,28800,'p'),(28800,32000,'p'),(32000,35200,'p'),(35200,38400,'p'),(38400,41600,'p'),(41600,44800,'p'),(44800,48000,'p')]"
1505,/Users/ssankey/PycharmProjects/AdvReverb/data/VoxCeleb1/test/id10307/120gjdqGWNQ/00008.wav,37,"[(0,3200,'p'),(3200,6400,'p'),(6400,9600,'p'),(9600,12800,'p'),(12800,16000,'p'),(16000,19200,'p'),(19200,22400,'p'),(22400,25600,'p'),(25600,28800,'p'),(28800,32000,'p'),(32000,35200,'p'),(35200,38400,'p'),(38400,41600,'p'),(41600,44800,'p'),(44800,48000,'p')]"
1506,/Users/ssankey/PycharmProjects/AdvReverb/data/VoxCeleb1/test/id10307/120gjdqGWNQ/00009.wav,37,"[(0,3200,'p'),(3200,6400,'p'),(6400,9600,'p'),(9600,12800,'p'),(12800,16000,'p'),(16000,19200,'p'),(19200,22400,'p'),(22400,25600,'p'),(25600,28800,'p'),(28800,32000,'p'),(32000,35200,'p'),(35200,38400,'p'),(38400,41600,'p'),(41600,44800,'p'),(44800,48000,'p')]"
1507,/Users/ssankey/PycharmProjects/AdvReverb/data/VoxCeleb1/test/id10307/120gjdqGWNQ/00010.wav,37,"[(0,3200,'p'),(3200,6400,'p'),(6400,9600,'p'),(9600,12800,'p'),(12800,16000,'p'),(16000,19200,'p'),(19200,22400,'p'),(22400,25600,'p'),(25600,28800,'p'),(28800,32000,'p'),(32000,35200,'p'),(35200,38400,'p'),(38400,41600,'p'),(41600,44800,'p'),(44800,48000,'p')]"
1508,/Users/ssankey/PycharmProjects/AdvReverb/data/VoxCeleb1/test/id10307/120gjdqGWNQ/00011.wav,37,"[(0,3200,'p'),(3200,6400,'p'),(6400,9600,'p'),(9600,12800,'p'),(12800,16000,'p'),(16000,19200,'p'),(19200,22400,'p'),(22400,25600,'p'),(25600,28800,'p'),(28800,32000,'p'),(32000,35200,'p'),(35200,38400,'p'),(38400,41600,'p'),(41600,44800,'p'),(44800,48000,'p')]"
1509,/Users/ssankey/PycharmProjects/AdvReverb/data/VoxCeleb1/test/id10307/120gjdqGWNQ/00012.wav,37,"[(0,3200,'p'),(3200,6400,'p'),(6400,9600,'p'),(9600,12800,'p'),(12800,16000,'p'),(16000,19200,'p'),(19200,22400,'p'),(22400,25600,'p'),(25600,28800,'p'),(28800,32000,'p'),(32000,35200,'p'),(35200,38400,'p'),(38400,41600,'p'),(41600,44800,'p'),(44800,48000,'p')]"
1510,/Users/ssankey/PycharmProjects/AdvReverb/data/VoxCeleb1/test/id10307/120gjdqGWNQ/00013.wav,37,"[(0,3200,'p'),(3200,6400,'p'),(6400,9600,'p'),(9600,12800,'p'),(12800,16000,'p'),(16000,19200,'p'),(19200,22400,'p'),(22400,25600,'p'),(25600,28800,'p'),(28800,32000,'p'),(32000,35200,'p'),(35200,38400,'p'),(38400,41600,'p'),(41600,44800,'p'),(44800,48000,'p')]"
1511,/Users/ssankey/PycharmProjects/AdvReverb/data/VoxCeleb1/test/id10307/120gjdqGWNQ/00014.wav,37,"[(0,3200,'p'),(3200,6400,'p'),(6400,9600,'p'),(9600,12800,'p'),(12800,16000,'p'),(16000,19200,'p'),(19200,22400,'p'),(22400,25600,'p'),(25600,28800,'p'),(28800,32000,'p'),(32000,35200,'p'),(35200,38400,'p'),(38400,41600,'p'),(41600,44800,'p'),(44800,48000,'p')]"
1512,/Users/ssankey/PycharmProjects/AdvReverb/data/VoxCeleb1/test/id10307/120gjdqGWNQ/00015.wav,37,"[(0,3200,'p'),(3200,6400,'p'),(6400,9600,'p'),(9600,12800,'p'),(12800,16000,'p'),(16000,19200,'p'),(19200,22400,'p'),(22400,25600,'p'),(25600,28800,'p'),(28800,32000,'p'),(32000,35200,'p'),(35200,38400,'p'),(38400,41600,'p'),(41600,44800,'p'),(44800,48000,'p')]"
1513,/Users/ssankey/PycharmProjects/AdvReverb/data/VoxCeleb1/test/id10307/120gjdqGWNQ/00016.wav,37,"[(0,3200,'p'),(3200,6400,'p'),(6400,9600,'p'),(9600,12800,'p'),(12800,16000,'p'),(16000,19200,'p'),(19200,22400,'p'),(22400,25600,'p'),(25600,28800,'p'),(28800,32000,'p'),(32000,35200,'p'),(35200,38400,'p'),(38400,41600,'p'),(41600,44800,'p'),(44800,48000,'p')]"
1514,/Users/ssankey/PycharmProjects/AdvReverb/data/VoxCeleb1/test/id10307/120gjdqGWNQ/00017.wav,37,"[(0,3200,'p'),(3200,6400,'p'),(6400,9600,'p'),(9600,12800,'p'),(12800,16000,'p'),(16000,19200,'p'),(19200,22400,'p'),(22400,25600,'p'),(25600,28800,'p'),(28800,32000,'p'),(32000,35200,'p'),(35200,38400,'p'),(38400,41600,'p'),(41600,44800,'p'),(44800,48000,'p')]"
1515,/Users/ssankey/PycharmProjects/AdvReverb/data/VoxCeleb1/test/id10307/120gjdqGWNQ/00018.wav,37,"[(0,3200,'p'),(3200,6400,'p'),(6400,9600,'p'),(9600,12800,'p'),(12800,16000,'p'),(16000,19200,'p'),(19200,22400,'p'),(22400,25600,'p'),(25600,28800,'p'),(28800,32000,'p'),(32000,35200,'p'),(35200,38400,'p'),(38400,41600,'p'),(41600,44800,'p'),(44800,48000,'p')]"
1516,/Users/ssankey/PycharmProjects/AdvReverb/data/VoxCeleb1/test/id10307/120gjdqGWNQ/00019.wav,37,"[(0,3200,'p'),(3200,6400,'p'),(6400,9600,'p'),(9600,12800,'p'),(12800,16000,'p'),(16000,19200,'p'),(19200,22400,'p'),(22400,25600,'p'),(25600,28800,'p'),(28800,32000,'p'),(32000,35200,'p'),(35200,38400,'p'),(38400,41600,'p'),(41600,44800,'p'),(44800,48000,'p')]"
1517,/Users/ssankey/PycharmProjects/AdvReverb/data/VoxCeleb1/test/id10307/120gjdqGWNQ/00020.wav,37,"[(0,3200,'p'),(3200,6400,'p'),(6400,9600,'p'),(9600,12800,'p'),(12800,16000,'p'),(16000,19200,'p'),(19200,22400,'p'),(22400,25600,'p'),(25600,28800,'p'),(28800,32000,'p'),(32000,35200,'p'),(35200,38400,'p'),(38400,41600,'p'),(41600,44800,'p'),(44800,48000,'p')]"
1518,/Users/ssankey/PycharmProjects/AdvReverb/data/VoxCeleb1/test/id10307/120gjdqGWNQ/00021.wav,37,"[(0,3200,'p'),(3200,6400,'p'),(6400,9600,'p'),(9600,12800,'p'),(12800,16000,'p'),(16000,19200,'p'),(19200,22400,'p'),(22400,25600,'p'),(25600,28800,'p'),(28800,32000,'p'),(32000,35200,'p'),(35200,38400,'p'),(38400,41600,'p'),(41600,44800,'p'),(44800,48000,'p')]"
1519,/Users/ssankey/PycharmProjects/AdvReverb/data/VoxCeleb1/test/id10307/120gjdqGWNQ/00022.wav,37,"[(0,3200,'p'),(3200,6400,'p'),(6400,9600,'p'),(9600,12800,'p'),(12800,16000,'p'),(16000,19200,'p'),(19200,22400,'p'),(22400,25600,'p'),(25600,28800,'p'),(28800,32000,'p'),(32000,35200,'p'),(35200,38400,'p'),(38400,41600,'p'),(41600,44800,'p'),(44800,48000,'p')]"
1520,/Users/ssankey/PycharmProjects/AdvReverb/data/VoxCeleb1/test/id10308/MxBuaaxNnlE/00001.wav,38,"[(0,3200,'p'),(3200,6400,'p'),(6400,9600,'p'),(9600,12800,'p'),(12800,16000,'p'),(16000,19200,'p'),(19200,22400,'p'),(22400,25600,'p'),(25600,28800,'p'),(28800,32000,'p'),(32000,35200,'p'),(35200,38400,'p'),(38400,41600,'p'),(41600,44800,'p'),(44800,48000,'p')]"
1521,/Users/ssankey/PycharmProjects/AdvReverb/data/VoxCeleb1/test/id10308/MxBuaaxNnlE/00002.wav,38,"[(0,3200,'p'),(3200,6400,'p'),(6400,9600,'p'),(9600,12800,'p'),(12800,16000,'p'),(16000,19200,'p'),(19200,22400,'p'),(22400,25600,'p'),(25600,28800,'p'),(28800,32000,'p'),(32000,35200,'p'),(35200,38400,'p'),(38400,41600,'p'),(41600,44800,'p'),(44800,48000,'p')]"
1522,/Users/ssankey/PycharmProjects/AdvReverb/data/VoxCeleb1/test/id10308/MxBuaaxNnlE/00003.wav,38,"[(0,3200,'p'),(3200,6400,'p'),(6400,9600,'p'),(9600,12800,'p'),(12800,16000,'p'),(16000,19200,'p'),(19200,22400,'p'),(22400,25600,'p'),(25600,28800,'p'),(28800,32000,'p'),(32000,35200,'p'),(35200,38400,'p'),(38400,41600,'p'),(41600,44800,'p'),(44800,48000,'p')]"
1523,/Users/ssankey/PycharmProjects/AdvReverb/data/VoxCeleb1/test/id10308/MxBuaaxNnlE/00004.wav,38,"[(0,3200,'p'),(3200,6400,'p'),(6400,9600,'p'),(9600,12800,'p'),(12800,16000,'p'),(16000,19200,'p'),(19200,22400,'p'),(22400,25600,'p'),(25600,28800,'p'),(28800,32000,'p'),(32000,35200,'p'),(35200,38400,'p'),(38400,41600,'p'),(41600,44800,'p'),(44800,48000,'p')]"
1524,/Users/ssankey/PycharmProjects/AdvReverb/data/VoxCeleb1/test/id10308/MxBuaaxNnlE/00005.wav,38,"[(0,3200,'p'),(3200,6400,'p'),(6400,9600,'p'),(9600,12800,'p'),(12800,16000,'p'),(16000,19200,'p'),(19200,22400,'p'),(22400,25600,'p'),(25600,28800,'p'),(28800,32000,'p'),(32000,35200,'p'),(35200,38400,'p'),(38400,41600,'p'),(41600,44800,'p'),(44800,48000,'p')]"
1525,/Users/ssankey/PycharmProjects/AdvReverb/data/VoxCeleb1/test/id10308/MxBuaaxNnlE/00006.wav,38,"[(0,3200,'p'),(3200,6400,'p'),(6400,9600,'p'),(9600,12800,'p'),(12800,16000,'p'),(16000,19200,'p'),(19200,22400,'p'),(22400,25600,'p'),(25600,28800,'p'),(28800,32000,'p'),(32000,35200,'p'),(35200,38400,'p'),(38400,41600,'p'),(41600,44800,'p'),(44800,48000,'p')]"
1526,/Users/ssankey/PycharmProjects/AdvReverb/data/VoxCeleb1/test/id10308/p1RiXPsSp4E/00001.wav,38,"[(0,3200,'p'),(3200,6400,'p'),(6400,9600,'p'),(9600,12800,'p'),(12800,16000,'p'),(16000,19200,'p'),(19200,22400,'p'),(22400,25600,'p'),(25600,28800,'p'),(28800,32000,'p'),(32000,35200,'p'),(35200,38400,'p'),(38400,41600,'p'),(41600,44800,'p'),(44800,48000,'p')]"
1527,/Users/ssankey/PycharmProjects/AdvReverb/data/VoxCeleb1/test/id10308/rgpPBT4yQcg/00001.wav,38,"[(0,3200,'p'),(3200,6400,'p'),(6400,9600,'p'),(9600,12800,'p'),(12800,16000,'p'),(16000,19200,'p'),(19200,22400,'p'),(22400,25600,'p'),(25600,28800,'p'),(28800,32000,'p'),(32000,35200,'p'),(35200,38400,'p'),(38400,41600,'p'),(41600,44800,'p'),(44800,48000,'p')]"
1528,/Users/ssankey/PycharmProjects/AdvReverb/data/VoxCeleb1/test/id10308/rgpPBT4yQcg/00002.wav,38,"[(0,3200,'p'),(3200,6400,'p'),(6400,9600,'p'),(9600,12800,'p'),(12800,16000,'p'),(16000,19200,'p'),(19200,22400,'p'),(22400,25600,'p'),(25600,28800,'p'),(28800,32000,'p'),(32000,35200,'p'),(35200,38400,'p'),(38400,41600,'p'),(41600,44800,'p'),(44800,48000,'p')]"
1529,/Users/ssankey/PycharmProjects/AdvReverb/data/VoxCeleb1/test/id10308/rgpPBT4yQcg/00004.wav,38,"[(0,3200,'p'),(3200,6400,'p'),(6400,9600,'p'),(9600,12800,'p'),(12800,16000,'p'),(16000,19200,'p'),(19200,22400,'p'),(22400,25600,'p'),(25600,28800,'p'),(28800,32000,'p'),(32000,35200,'p'),(35200,38400,'p'),(38400,41600,'p'),(41600,44800,'p'),(44800,48000,'p')]"
1530,/Users/ssankey/PycharmProjects/AdvReverb/data/VoxCeleb1/test/id10308/rgpPBT4yQcg/00003.wav,38,"[(0,3200,'p'),(3200,6400,'p'),(6400,9600,'p'),(9600,12800,'p'),(12800,16000,'p'),(16000,19200,'p'),(19200,22400,'p'),(22400,25600,'p'),(25600,28800,'p'),(28800,32000,'p'),(32000,35200,'p'),(35200,38400,'p'),(38400,41600,'p'),(41600,44800,'p'),(44800,48000,'p')]"
1531,/Users/ssankey/PycharmProjects/AdvReverb/data/VoxCeleb1/test/id10308/rgpPBT4yQcg/00005.wav,38,"[(0,3200,'p'),(3200,6400,'p'),(6400,9600,'p'),(9600,12800,'p'),(12800,16000,'p'),(16000,19200,'p'),(19200,22400,'p'),(22400,25600,'p'),(25600,28800,'p'),(28800,32000,'p'),(32000,35200,'p'),(35200,38400,'p'),(38400,41600,'p'),(41600,44800,'p'),(44800,48000,'p')]"
1532,/Users/ssankey/PycharmProjects/AdvReverb/data/VoxCeleb1/test/id10308/rgpPBT4yQcg/00006.wav,38,"[(0,3200,'p'),(3200,6400,'p'),(6400,9600,'p'),(9600,12800,'p'),(12800,16000,'p'),(16000,19200,'p'),(19200,22400,'p'),(22400,25600,'p'),(25600,28800,'p'),(28800,32000,'p'),(32000,35200,'p'),(35200,38400,'p'),(38400,41600,'p'),(41600,44800,'p'),(44800,48000,'p')]"
1533,/Users/ssankey/PycharmProjects/AdvReverb/data/VoxCeleb1/test/id10308/rgpPBT4yQcg/00007.wav,38,"[(0,3200,'p'),(3200,6400,'p'),(6400,9600,'p'),(9600,12800,'p'),(12800,16000,'p'),(16000,19200,'p'),(19200,22400,'p'),(22400,25600,'p'),(25600,28800,'p'),(28800,32000,'p'),(32000,35200,'p'),(35200,38400,'p'),(38400,41600,'p'),(41600,44800,'p'),(44800,48000,'p')]"
1534,/Users/ssankey/PycharmProjects/AdvReverb/data/VoxCeleb1/test/id10308/rgpPBT4yQcg/00008.wav,38,"[(0,3200,'p'),(3200,6400,'p'),(6400,9600,'p'),(9600,12800,'p'),(12800,16000,'p'),(16000,19200,'p'),(19200,22400,'p'),(22400,25600,'p'),(25600,28800,'p'),(28800,32000,'p'),(32000,35200,'p'),(35200,38400,'p'),(38400,41600,'p'),(41600,44800,'p'),(44800,48000,'p')]"
1535,/Users/ssankey/PycharmProjects/AdvReverb/data/VoxCeleb1/test/id10308/rgpPBT4yQcg/00009.wav,38,"[(0,3200,'p'),(3200,6400,'p'),(6400,9600,'p'),(9600,12800,'p'),(12800,16000,'p'),(16000,19200,'p'),(19200,22400,'p'),(22400,25600,'p'),(25600,28800,'p'),(28800,32000,'p'),(32000,35200,'p'),(35200,38400,'p'),(38400,41600,'p'),(41600,44800,'p'),(44800,48000,'p')]"
1536,/Users/ssankey/PycharmProjects/AdvReverb/data/VoxCeleb1/test/id10308/rgpPBT4yQcg/00010.wav,38,"[(0,3200,'p'),(3200,6400,'p'),(6400,9600,'p'),(9600,12800,'p'),(12800,16000,'p'),(16000,19200,'p'),(19200,22400,'p'),(22400,25600,'p'),(25600,28800,'p'),(28800,32000,'p'),(32000,35200,'p'),(35200,38400,'p'),(38400,41600,'p'),(41600,44800,'p'),(44800,48000,'p')]"
1537,/Users/ssankey/PycharmProjects/AdvReverb/data/VoxCeleb1/test/id10308/rgpPBT4yQcg/00011.wav,38,"[(0,3200,'p'),(3200,6400,'p'),(6400,9600,'p'),(9600,12800,'p'),(12800,16000,'p'),(16000,19200,'p'),(19200,22400,'p'),(22400,25600,'p'),(25600,28800,'p'),(28800,32000,'p'),(32000,35200,'p'),(35200,38400,'p'),(38400,41600,'p'),(41600,44800,'p'),(44800,48000,'p')]"
1538,/Users/ssankey/PycharmProjects/AdvReverb/data/VoxCeleb1/test/id10308/rgpPBT4yQcg/00012.wav,38,"[(0,3200,'p'),(3200,6400,'p'),(6400,9600,'p'),(9600,12800,'p'),(12800,16000,'p'),(16000,19200,'p'),(19200,22400,'p'),(22400,25600,'p'),(25600,28800,'p'),(28800,32000,'p'),(32000,35200,'p'),(35200,38400,'p'),(38400,41600,'p'),(41600,44800,'p'),(44800,48000,'p')]"
1539,/Users/ssankey/PycharmProjects/AdvReverb/data/VoxCeleb1/test/id10308/rgpPBT4yQcg/00013.wav,38,"[(0,3200,'p'),(3200,6400,'p'),(6400,9600,'p'),(9600,12800,'p'),(12800,16000,'p'),(16000,19200,'p'),(19200,22400,'p'),(22400,25600,'p'),(25600,28800,'p'),(28800,32000,'p'),(32000,35200,'p'),(35200,38400,'p'),(38400,41600,'p'),(41600,44800,'p'),(44800,48000,'p')]"
1540,/Users/ssankey/PycharmProjects/AdvReverb/data/VoxCeleb1/test/id10308/rgpPBT4yQcg/00014.wav,38,"[(0,3200,'p'),(3200,6400,'p'),(6400,9600,'p'),(9600,12800,'p'),(12800,16000,'p'),(16000,19200,'p'),(19200,22400,'p'),(22400,25600,'p'),(25600,28800,'p'),(28800,32000,'p'),(32000,35200,'p'),(35200,38400,'p'),(38400,41600,'p'),(41600,44800,'p'),(44800,48000,'p')]"
1541,/Users/ssankey/PycharmProjects/AdvReverb/data/VoxCeleb1/test/id10308/rgpPBT4yQcg/00015.wav,38,"[(0,3200,'p'),(3200,6400,'p'),(6400,9600,'p'),(9600,12800,'p'),(12800,16000,'p'),(16000,19200,'p'),(19200,22400,'p'),(22400,25600,'p'),(25600,28800,'p'),(28800,32000,'p'),(32000,35200,'p'),(35200,38400,'p'),(38400,41600,'p'),(41600,44800,'p'),(44800,48000,'p')]"
1542,/Users/ssankey/PycharmProjects/AdvReverb/data/VoxCeleb1/test/id10308/S5BJ45l7wWY/00001.wav,38,"[(0,3200,'p'),(3200,6400,'p'),(6400,9600,'p'),(9600,12800,'p'),(12800,16000,'p'),(16000,19200,'p'),(19200,22400,'p'),(22400,25600,'p'),(25600,28800,'p'),(28800,32000,'p'),(32000,35200,'p'),(35200,38400,'p'),(38400,41600,'p'),(41600,44800,'p'),(44800,48000,'p')]"
1543,/Users/ssankey/PycharmProjects/AdvReverb/data/VoxCeleb1/test/id10308/S5BJ45l7wWY/00002.wav,38,"[(0,3200,'p'),(3200,6400,'p'),(6400,9600,'p'),(9600,12800,'p'),(12800,16000,'p'),(16000,19200,'p'),(19200,22400,'p'),(22400,25600,'p'),(25600,28800,'p'),(28800,32000,'p'),(32000,35200,'p'),(35200,38400,'p'),(38400,41600,'p'),(41600,44800,'p'),(44800,48000,'p')]"
1544,/Users/ssankey/PycharmProjects/AdvReverb/data/VoxCeleb1/test/id10308/S5BJ45l7wWY/00003.wav,38,"[(0,3200,'p'),(3200,6400,'p'),(6400,9600,'p'),(9600,12800,'p'),(12800,16000,'p'),(16000,19200,'p'),(19200,22400,'p'),(22400,25600,'p'),(25600,28800,'p'),(28800,32000,'p'),(32000,35200,'p'),(35200,38400,'p'),(38400,41600,'p'),(41600,44800,'p'),(44800,48000,'p')]"
1545,/Users/ssankey/PycharmProjects/AdvReverb/data/VoxCeleb1/test/id10308/S5BJ45l7wWY/00004.wav,38,"[(0,3200,'p'),(3200,6400,'p'),(6400,9600,'p'),(9600,12800,'p'),(12800,16000,'p'),(16000,19200,'p'),(19200,22400,'p'),(22400,25600,'p'),(25600,28800,'p'),(28800,32000,'p'),(32000,35200,'p'),(35200,38400,'p'),(38400,41600,'p'),(41600,44800,'p'),(44800,48000,'p')]"
1546,/Users/ssankey/PycharmProjects/AdvReverb/data/VoxCeleb1/test/id10308/sGqnn4WpQCI/00001.wav,38,"[(0,3200,'p'),(3200,6400,'p'),(6400,9600,'p'),(9600,12800,'p'),(12800,16000,'p'),(16000,19200,'p'),(19200,22400,'p'),(22400,25600,'p'),(25600,28800,'p'),(28800,32000,'p'),(32000,35200,'p'),(35200,38400,'p'),(38400,41600,'p'),(41600,44800,'p'),(44800,48000,'p')]"
1547,/Users/ssankey/PycharmProjects/AdvReverb/data/VoxCeleb1/test/id10308/sGqnn4WpQCI/00002.wav,38,"[(0,3200,'p'),(3200,6400,'p'),(6400,9600,'p'),(9600,12800,'p'),(12800,16000,'p'),(16000,19200,'p'),(19200,22400,'p'),(22400,25600,'p'),(25600,28800,'p'),(28800,32000,'p'),(32000,35200,'p'),(35200,38400,'p'),(38400,41600,'p'),(41600,44800,'p'),(44800,48000,'p')]"
1548,/Users/ssankey/PycharmProjects/AdvReverb/data/VoxCeleb1/test/id10308/sGqnn4WpQCI/00003.wav,38,"[(0,3200,'p'),(3200,6400,'p'),(6400,9600,'p'),(9600,12800,'p'),(12800,16000,'p'),(16000,19200,'p'),(19200,22400,'p'),(22400,25600,'p'),(25600,28800,'p'),(28800,32000,'p'),(32000,35200,'p'),(35200,38400,'p'),(38400,41600,'p'),(41600,44800,'p'),(44800,48000,'p')]"
1549,/Users/ssankey/PycharmProjects/AdvReverb/data/VoxCeleb1/test/id10308/sLv-3TCu2fE/00001.wav,38,"[(0,3200,'p'),(3200,6400,'p'),(6400,9600,'p'),(9600,12800,'p'),(12800,16000,'p'),(16000,19200,'p'),(19200,22400,'p'),(22400,25600,'p'),(25600,28800,'p'),(28800,32000,'p'),(32000,35200,'p'),(35200,38400,'p'),(38400,41600,'p'),(41600,44800,'p'),(44800,48000,'p')]"
1550,/Users/ssankey/PycharmProjects/AdvReverb/data/VoxCeleb1/test/id10308/sLv-3TCu2fE/00002.wav,38,"[(0,3200,'p'),(3200,6400,'p'),(6400,9600,'p'),(9600,12800,'p'),(12800,16000,'p'),(16000,19200,'p'),(19200,22400,'p'),(22400,25600,'p'),(25600,28800,'p'),(28800,32000,'p'),(32000,35200,'p'),(35200,38400,'p'),(38400,41600,'p'),(41600,44800,'p'),(44800,48000,'p')]"
1551,/Users/ssankey/PycharmProjects/AdvReverb/data/VoxCeleb1/test/id10308/sLv-3TCu2fE/00003.wav,38,"[(0,3200,'p'),(3200,6400,'p'),(6400,9600,'p'),(9600,12800,'p'),(12800,16000,'p'),(16000,19200,'p'),(19200,22400,'p'),(22400,25600,'p'),(25600,28800,'p'),(28800,32000,'p'),(32000,35200,'p'),(35200,38400,'p'),(38400,41600,'p'),(41600,44800,'p'),(44800,48000,'p')]"
1552,/Users/ssankey/PycharmProjects/AdvReverb/data/VoxCeleb1/test/id10308/sLv-3TCu2fE/00004.wav,38,"[(0,3200,'p'),(3200,6400,'p'),(6400,9600,'p'),(9600,12800,'p'),(12800,16000,'p'),(16000,19200,'p'),(19200,22400,'p'),(22400,25600,'p'),(25600,28800,'p'),(28800,32000,'p'),(32000,35200,'p'),(35200,38400,'p'),(38400,41600,'p'),(41600,44800,'p'),(44800,48000,'p')]"
1553,/Users/ssankey/PycharmProjects/AdvReverb/data/VoxCeleb1/test/id10308/sLv-3TCu2fE/00005.wav,38,"[(0,3200,'p'),(3200,6400,'p'),(6400,9600,'p'),(9600,12800,'p'),(12800,16000,'p'),(16000,19200,'p'),(19200,22400,'p'),(22400,25600,'p'),(25600,28800,'p'),(28800,32000,'p'),(32000,35200,'p'),(35200,38400,'p'),(38400,41600,'p'),(41600,44800,'p'),(44800,48000,'p')]"
1554,/Users/ssankey/PycharmProjects/AdvReverb/data/VoxCeleb1/test/id10308/sLv-3TCu2fE/00006.wav,38,"[(0,3200,'p'),(3200,6400,'p'),(6400,9600,'p'),(9600,12800,'p'),(12800,16000,'p'),(16000,19200,'p'),(19200,22400,'p'),(22400,25600,'p'),(25600,28800,'p'),(28800,32000,'p'),(32000,35200,'p'),(35200,38400,'p'),(38400,41600,'p'),(41600,44800,'p'),(44800,48000,'p')]"
1555,/Users/ssankey/PycharmProjects/AdvReverb/data/VoxCeleb1/test/id10308/sy19cFuDvX8/00001.wav,38,"[(0,3200,'p'),(3200,6400,'p'),(6400,9600,'p'),(9600,12800,'p'),(12800,16000,'p'),(16000,19200,'p'),(19200,22400,'p'),(22400,25600,'p'),(25600,28800,'p'),(28800,32000,'p'),(32000,35200,'p'),(35200,38400,'p'),(38400,41600,'p'),(41600,44800,'p'),(44800,48000,'p')]"
1556,/Users/ssankey/PycharmProjects/AdvReverb/data/VoxCeleb1/test/id10308/sy19cFuDvX8/00002.wav,38,"[(0,3200,'p'),(3200,6400,'p'),(6400,9600,'p'),(9600,12800,'p'),(12800,16000,'p'),(16000,19200,'p'),(19200,22400,'p'),(22400,25600,'p'),(25600,28800,'p'),(28800,32000,'p'),(32000,35200,'p'),(35200,38400,'p'),(38400,41600,'p'),(41600,44800,'p'),(44800,48000,'p')]"
1557,/Users/ssankey/PycharmProjects/AdvReverb/data/VoxCeleb1/test/id10308/Tzs_CTbHT9Y/00001.wav,38,"[(0,3200,'p'),(3200,6400,'p'),(6400,9600,'p'),(9600,12800,'p'),(12800,16000,'p'),(16000,19200,'p'),(19200,22400,'p'),(22400,25600,'p'),(25600,28800,'p'),(28800,32000,'p'),(32000,35200,'p'),(35200,38400,'p'),(38400,41600,'p'),(41600,44800,'p'),(44800,48000,'p')]"
1558,/Users/ssankey/PycharmProjects/AdvReverb/data/VoxCeleb1/test/id10308/vbxURBaCGr0/00001.wav,38,"[(0,3200,'p'),(3200,6400,'p'),(6400,9600,'p'),(9600,12800,'p'),(12800,16000,'p'),(16000,19200,'p'),(19200,22400,'p'),(22400,25600,'p'),(25600,28800,'p'),(28800,32000,'p'),(32000,35200,'p'),(35200,38400,'p'),(38400,41600,'p'),(41600,44800,'p'),(44800,48000,'p')]"
1559,/Users/ssankey/PycharmProjects/AdvReverb/data/VoxCeleb1/test/id10308/We7oIBrKQKg/00001.wav,38,"[(0,3200,'p'),(3200,6400,'p'),(6400,9600,'p'),(9600,12800,'p'),(12800,16000,'p'),(16000,19200,'p'),(19200,22400,'p'),(22400,25600,'p'),(25600,28800,'p'),(28800,32000,'p'),(32000,35200,'p'),(35200,38400,'p'),(38400,41600,'p'),(41600,44800,'p'),(44800,48000,'p')]"
1560,/Users/ssankey/PycharmProjects/AdvReverb/data/VoxCeleb1/test/id10309/0b1inHMAr6o/00004.wav,39,"[(0,3200,'p'),(3200,6400,'p'),(6400,9600,'p'),(9600,12800,'p'),(12800,16000,'p'),(16000,19200,'p'),(19200,22400,'p'),(22400,25600,'p'),(25600,28800,'p'),(28800,32000,'p'),(32000,35200,'p'),(35200,38400,'p'),(38400,41600,'p'),(41600,44800,'p'),(44800,48000,'p')]"
1561,/Users/ssankey/PycharmProjects/AdvReverb/data/VoxCeleb1/test/id10309/0b1inHMAr6o/00005.wav,39,"[(0,3200,'p'),(3200,6400,'p'),(6400,9600,'p'),(9600,12800,'p'),(12800,16000,'p'),(16000,19200,'p'),(19200,22400,'p'),(22400,25600,'p'),(25600,28800,'p'),(28800,32000,'p'),(32000,35200,'p'),(35200,38400,'p'),(38400,41600,'p'),(41600,44800,'p'),(44800,48000,'p')]"
1562,/Users/ssankey/PycharmProjects/AdvReverb/data/VoxCeleb1/test/id10309/0b1inHMAr6o/00006.wav,39,"[(0,3200,'p'),(3200,6400,'p'),(6400,9600,'p'),(9600,12800,'p'),(12800,16000,'p'),(16000,19200,'p'),(19200,22400,'p'),(22400,25600,'p'),(25600,28800,'p'),(28800,32000,'p'),(32000,35200,'p'),(35200,38400,'p'),(38400,41600,'p'),(41600,44800,'p'),(44800,48000,'p')]"
1563,/Users/ssankey/PycharmProjects/AdvReverb/data/VoxCeleb1/test/id10309/0b1inHMAr6o/00007.wav,39,"[(0,3200,'p'),(3200,6400,'p'),(6400,9600,'p'),(9600,12800,'p'),(12800,16000,'p'),(16000,19200,'p'),(19200,22400,'p'),(22400,25600,'p'),(25600,28800,'p'),(28800,32000,'p'),(32000,35200,'p'),(35200,38400,'p'),(38400,41600,'p'),(41600,44800,'p'),(44800,48000,'p')]"
1564,/Users/ssankey/PycharmProjects/AdvReverb/data/VoxCeleb1/test/id10309/0b1inHMAr6o/00008.wav,39,"[(0,3200,'p'),(3200,6400,'p'),(6400,9600,'p'),(9600,12800,'p'),(12800,16000,'p'),(16000,19200,'p'),(19200,22400,'p'),(22400,25600,'p'),(25600,28800,'p'),(28800,32000,'p'),(32000,35200,'p'),(35200,38400,'p'),(38400,41600,'p'),(41600,44800,'p'),(44800,48000,'p')]"
1565,/Users/ssankey/PycharmProjects/AdvReverb/data/VoxCeleb1/test/id10309/0b1inHMAr6o/00009.wav,39,"[(0,3200,'p'),(3200,6400,'p'),(6400,9600,'p'),(9600,12800,'p'),(12800,16000,'p'),(16000,19200,'p'),(19200,22400,'p'),(22400,25600,'p'),(25600,28800,'p'),(28800,32000,'p'),(32000,35200,'p'),(35200,38400,'p'),(38400,41600,'p'),(41600,44800,'p'),(44800,48000,'p')]"
1566,/Users/ssankey/PycharmProjects/AdvReverb/data/VoxCeleb1/test/id10309/0b1inHMAr6o/00010.wav,39,"[(0,3200,'p'),(3200,6400,'p'),(6400,9600,'p'),(9600,12800,'p'),(12800,16000,'p'),(16000,19200,'p'),(19200,22400,'p'),(22400,25600,'p'),(25600,28800,'p'),(28800,32000,'p'),(32000,35200,'p'),(35200,38400,'p'),(38400,41600,'p'),(41600,44800,'p'),(44800,48000,'p')]"
1567,/Users/ssankey/PycharmProjects/AdvReverb/data/VoxCeleb1/test/id10309/0b1inHMAr6o/00011.wav,39,"[(0,3200,'p'),(3200,6400,'p'),(6400,9600,'p'),(9600,12800,'p'),(12800,16000,'p'),(16000,19200,'p'),(19200,22400,'p'),(22400,25600,'p'),(25600,28800,'p'),(28800,32000,'p'),(32000,35200,'p'),(35200,38400,'p'),(38400,41600,'p'),(41600,44800,'p'),(44800,48000,'p')]"
1568,/Users/ssankey/PycharmProjects/AdvReverb/data/VoxCeleb1/test/id10309/0cYFdtyWVds/00001.wav,39,"[(0,3200,'p'),(3200,6400,'p'),(6400,9600,'p'),(9600,12800,'p'),(12800,16000,'p'),(16000,19200,'p'),(19200,22400,'p'),(22400,25600,'p'),(25600,28800,'p'),(28800,32000,'p'),(32000,35200,'p'),(35200,38400,'p'),(38400,41600,'p'),(41600,44800,'p'),(44800,48000,'p')]"
1569,/Users/ssankey/PycharmProjects/AdvReverb/data/VoxCeleb1/test/id10309/0cYFdtyWVds/00002.wav,39,"[(0,3200,'p'),(3200,6400,'p'),(6400,9600,'p'),(9600,12800,'p'),(12800,16000,'p'),(16000,19200,'p'),(19200,22400,'p'),(22400,25600,'p'),(25600,28800,'p'),(28800,32000,'p'),(32000,35200,'p'),(35200,38400,'p'),(38400,41600,'p'),(41600,44800,'p'),(44800,48000,'p')]"
1570,/Users/ssankey/PycharmProjects/AdvReverb/data/VoxCeleb1/test/id10309/0cYFdtyWVds/00003.wav,39,"[(0,3200,'p'),(3200,6400,'p'),(6400,9600,'p'),(9600,12800,'p'),(12800,16000,'p'),(16000,19200,'p'),(19200,22400,'p'),(22400,25600,'p'),(25600,28800,'p'),(28800,32000,'p'),(32000,35200,'p'),(35200,38400,'p'),(38400,41600,'p'),(41600,44800,'p'),(44800,48000,'p')]"
1571,/Users/ssankey/PycharmProjects/AdvReverb/data/VoxCeleb1/test/id10309/0cYFdtyWVds/00004.wav,39,"[(0,3200,'p'),(3200,6400,'p'),(6400,9600,'p'),(9600,12800,'p'),(12800,16000,'p'),(16000,19200,'p'),(19200,22400,'p'),(22400,25600,'p'),(25600,28800,'p'),(28800,32000,'p'),(32000,35200,'p'),(35200,38400,'p'),(38400,41600,'p'),(41600,44800,'p'),(44800,48000,'p')]"
1572,/Users/ssankey/PycharmProjects/AdvReverb/data/VoxCeleb1/test/id10309/0cYFdtyWVds/00005.wav,39,"[(0,3200,'p'),(3200,6400,'p'),(6400,9600,'p'),(9600,12800,'p'),(12800,16000,'p'),(16000,19200,'p'),(19200,22400,'p'),(22400,25600,'p'),(25600,28800,'p'),(28800,32000,'p'),(32000,35200,'p'),(35200,38400,'p'),(38400,41600,'p'),(41600,44800,'p'),(44800,48000,'p')]"
1573,/Users/ssankey/PycharmProjects/AdvReverb/data/VoxCeleb1/test/id10309/0wLebLY6tcM/00001.wav,39,"[(0,3200,'p'),(3200,6400,'p'),(6400,9600,'p'),(9600,12800,'p'),(12800,16000,'p'),(16000,19200,'p'),(19200,22400,'p'),(22400,25600,'p'),(25600,28800,'p'),(28800,32000,'p'),(32000,35200,'p'),(35200,38400,'p'),(38400,41600,'p'),(41600,44800,'p'),(44800,48000,'p')]"
1574,/Users/ssankey/PycharmProjects/AdvReverb/data/VoxCeleb1/test/id10309/3qX7bbJ17lY/00001.wav,39,"[(0,3200,'p'),(3200,6400,'p'),(6400,9600,'p'),(9600,12800,'p'),(12800,16000,'p'),(16000,19200,'p'),(19200,22400,'p'),(22400,25600,'p'),(25600,28800,'p'),(28800,32000,'p'),(32000,35200,'p'),(35200,38400,'p'),(38400,41600,'p'),(41600,44800,'p'),(44800,48000,'p')]"
1575,/Users/ssankey/PycharmProjects/AdvReverb/data/VoxCeleb1/test/id10309/3qX7bbJ17lY/00002.wav,39,"[(0,3200,'p'),(3200,6400,'p'),(6400,9600,'p'),(9600,12800,'p'),(12800,16000,'p'),(16000,19200,'p'),(19200,22400,'p'),(22400,25600,'p'),(25600,28800,'p'),(28800,32000,'p'),(32000,35200,'p'),(35200,38400,'p'),(38400,41600,'p'),(41600,44800,'p'),(44800,48000,'p')]"
1576,/Users/ssankey/PycharmProjects/AdvReverb/data/VoxCeleb1/test/id10309/3qX7bbJ17lY/00003.wav,39,"[(0,3200,'p'),(3200,6400,'p'),(6400,9600,'p'),(9600,12800,'p'),(12800,16000,'p'),(16000,19200,'p'),(19200,22400,'p'),(22400,25600,'p'),(25600,28800,'p'),(28800,32000,'p'),(32000,35200,'p'),(35200,38400,'p'),(38400,41600,'p'),(41600,44800,'p'),(44800,48000,'p')]"
1577,/Users/ssankey/PycharmProjects/AdvReverb/data/VoxCeleb1/test/id10309/e-IdJ8a4gy4/00001.wav,39,"[(0,3200,'p'),(3200,6400,'p'),(6400,9600,'p'),(9600,12800,'p'),(12800,16000,'p'),(16000,19200,'p'),(19200,22400,'p'),(22400,25600,'p'),(25600,28800,'p'),(28800,32000,'p'),(32000,35200,'p'),(35200,38400,'p'),(38400,41600,'p'),(41600,44800,'p'),(44800,48000,'p')]"
1578,/Users/ssankey/PycharmProjects/AdvReverb/data/VoxCeleb1/test/id10309/e-IdJ8a4gy4/00002.wav,39,"[(0,3200,'p'),(3200,6400,'p'),(6400,9600,'p'),(9600,12800,'p'),(12800,16000,'p'),(16000,19200,'p'),(19200,22400,'p'),(22400,25600,'p'),(25600,28800,'p'),(28800,32000,'p'),(32000,35200,'p'),(35200,38400,'p'),(38400,41600,'p'),(41600,44800,'p'),(44800,48000,'p')]"
1579,/Users/ssankey/PycharmProjects/AdvReverb/data/VoxCeleb1/test/id10309/e-IdJ8a4gy4/00003.wav,39,"[(0,3200,'p'),(3200,6400,'p'),(6400,9600,'p'),(9600,12800,'p'),(12800,16000,'p'),(16000,19200,'p'),(19200,22400,'p'),(22400,25600,'p'),(25600,28800,'p'),(28800,32000,'p'),(32000,35200,'p'),(35200,38400,'p'),(38400,41600,'p'),(41600,44800,'p'),(44800,48000,'p')]"
1580,/Users/ssankey/PycharmProjects/AdvReverb/data/VoxCeleb1/test/id10309/e-IdJ8a4gy4/00004.wav,39,"[(0,3200,'p'),(3200,6400,'p'),(6400,9600,'p'),(9600,12800,'p'),(12800,16000,'p'),(16000,19200,'p'),(19200,22400,'p'),(22400,25600,'p'),(25600,28800,'p'),(28800,32000,'p'),(32000,35200,'p'),(35200,38400,'p'),(38400,41600,'p'),(41600,44800,'p'),(44800,48000,'p')]"
1581,/Users/ssankey/PycharmProjects/AdvReverb/data/VoxCeleb1/test/id10309/e-IdJ8a4gy4/00005.wav,39,"[(0,3200,'p'),(3200,6400,'p'),(6400,9600,'p'),(9600,12800,'p'),(12800,16000,'p'),(16000,19200,'p'),(19200,22400,'p'),(22400,25600,'p'),(25600,28800,'p'),(28800,32000,'p'),(32000,35200,'p'),(35200,38400,'p'),(38400,41600,'p'),(41600,44800,'p'),(44800,48000,'p')]"
1582,/Users/ssankey/PycharmProjects/AdvReverb/data/VoxCeleb1/test/id10309/e-IdJ8a4gy4/00006.wav,39,"[(0,3200,'p'),(3200,6400,'p'),(6400,9600,'p'),(9600,12800,'p'),(12800,16000,'p'),(16000,19200,'p'),(19200,22400,'p'),(22400,25600,'p'),(25600,28800,'p'),(28800,32000,'p'),(32000,35200,'p'),(35200,38400,'p'),(38400,41600,'p'),(41600,44800,'p'),(44800,48000,'p')]"
1583,/Users/ssankey/PycharmProjects/AdvReverb/data/VoxCeleb1/test/id10309/e-IdJ8a4gy4/00007.wav,39,"[(0,3200,'p'),(3200,6400,'p'),(6400,9600,'p'),(9600,12800,'p'),(12800,16000,'p'),(16000,19200,'p'),(19200,22400,'p'),(22400,25600,'p'),(25600,28800,'p'),(28800,32000,'p'),(32000,35200,'p'),(35200,38400,'p'),(38400,41600,'p'),(41600,44800,'p'),(44800,48000,'p')]"
1584,/Users/ssankey/PycharmProjects/AdvReverb/data/VoxCeleb1/test/id10309/e-IdJ8a4gy4/00008.wav,39,"[(0,3200,'p'),(3200,6400,'p'),(6400,9600,'p'),(9600,12800,'p'),(12800,16000,'p'),(16000,19200,'p'),(19200,22400,'p'),(22400,25600,'p'),(25600,28800,'p'),(28800,32000,'p'),(32000,35200,'p'),(35200,38400,'p'),(38400,41600,'p'),(41600,44800,'p'),(44800,48000,'p')]"
1585,/Users/ssankey/PycharmProjects/AdvReverb/data/VoxCeleb1/test/id10309/e-IdJ8a4gy4/00009.wav,39,"[(0,3200,'p'),(3200,6400,'p'),(6400,9600,'p'),(9600,12800,'p'),(12800,16000,'p'),(16000,19200,'p'),(19200,22400,'p'),(22400,25600,'p'),(25600,28800,'p'),(28800,32000,'p'),(32000,35200,'p'),(35200,38400,'p'),(38400,41600,'p'),(41600,44800,'p'),(44800,48000,'p')]"
1586,/Users/ssankey/PycharmProjects/AdvReverb/data/VoxCeleb1/test/id10309/e-IdJ8a4gy4/00010.wav,39,"[(0,3200,'p'),(3200,6400,'p'),(6400,9600,'p'),(9600,12800,'p'),(12800,16000,'p'),(16000,19200,'p'),(19200,22400,'p'),(22400,25600,'p'),(25600,28800,'p'),(28800,32000,'p'),(32000,35200,'p'),(35200,38400,'p'),(38400,41600,'p'),(41600,44800,'p'),(44800,48000,'p')]"
1587,/Users/ssankey/PycharmProjects/AdvReverb/data/VoxCeleb1/test/id10309/e-IdJ8a4gy4/00011.wav,39,"[(0,3200,'p'),(3200,6400,'p'),(6400,9600,'p'),(9600,12800,'p'),(12800,16000,'p'),(16000,19200,'p'),(19200,22400,'p'),(22400,25600,'p'),(25600,28800,'p'),(28800,32000,'p'),(32000,35200,'p'),(35200,38400,'p'),(38400,41600,'p'),(41600,44800,'p'),(44800,48000,'p')]"
1588,/Users/ssankey/PycharmProjects/AdvReverb/data/VoxCeleb1/test/id10309/e-IdJ8a4gy4/00012.wav,39,"[(0,3200,'p'),(3200,6400,'p'),(6400,9600,'p'),(9600,12800,'p'),(12800,16000,'p'),(16000,19200,'p'),(19200,22400,'p'),(22400,25600,'p'),(25600,28800,'p'),(28800,32000,'p'),(32000,35200,'p'),(35200,38400,'p'),(38400,41600,'p'),(41600,44800,'p'),(44800,48000,'p')]"
1589,/Users/ssankey/PycharmProjects/AdvReverb/data/VoxCeleb1/test/id10309/GyJHpVQmcvc/00001.wav,39,"[(0,3200,'p'),(3200,6400,'p'),(6400,9600,'p'),(9600,12800,'p'),(12800,16000,'p'),(16000,19200,'p'),(19200,22400,'p'),(22400,25600,'p'),(25600,28800,'p'),(28800,32000,'p'),(32000,35200,'p'),(35200,38400,'p'),(38400,41600,'p'),(41600,44800,'p'),(44800,48000,'p')]"
1590,/Users/ssankey/PycharmProjects/AdvReverb/data/VoxCeleb1/test/id10309/GyJHpVQmcvc/00002.wav,39,"[(0,3200,'p'),(3200,6400,'p'),(6400,9600,'p'),(9600,12800,'p'),(12800,16000,'p'),(16000,19200,'p'),(19200,22400,'p'),(22400,25600,'p'),(25600,28800,'p'),(28800,32000,'p'),(32000,35200,'p'),(35200,38400,'p'),(38400,41600,'p'),(41600,44800,'p'),(44800,48000,'p')]"
1591,/Users/ssankey/PycharmProjects/AdvReverb/data/VoxCeleb1/test/id10309/GyJHpVQmcvc/00003.wav,39,"[(0,3200,'p'),(3200,6400,'p'),(6400,9600,'p'),(9600,12800,'p'),(12800,16000,'p'),(16000,19200,'p'),(19200,22400,'p'),(22400,25600,'p'),(25600,28800,'p'),(28800,32000,'p'),(32000,35200,'p'),(35200,38400,'p'),(38400,41600,'p'),(41600,44800,'p'),(44800,48000,'p')]"
1592,/Users/ssankey/PycharmProjects/AdvReverb/data/VoxCeleb1/test/id10309/GyJHpVQmcvc/00004.wav,39,"[(0,3200,'p'),(3200,6400,'p'),(6400,9600,'p'),(9600,12800,'p'),(12800,16000,'p'),(16000,19200,'p'),(19200,22400,'p'),(22400,25600,'p'),(25600,28800,'p'),(28800,32000,'p'),(32000,35200,'p'),(35200,38400,'p'),(38400,41600,'p'),(41600,44800,'p'),(44800,48000,'p')]"
1593,/Users/ssankey/PycharmProjects/AdvReverb/data/VoxCeleb1/test/id10309/GyJHpVQmcvc/00005.wav,39,"[(0,3200,'p'),(3200,6400,'p'),(6400,9600,'p'),(9600,12800,'p'),(12800,16000,'p'),(16000,19200,'p'),(19200,22400,'p'),(22400,25600,'p'),(25600,28800,'p'),(28800,32000,'p'),(32000,35200,'p'),(35200,38400,'p'),(38400,41600,'p'),(41600,44800,'p'),(44800,48000,'p')]"
1594,/Users/ssankey/PycharmProjects/AdvReverb/data/VoxCeleb1/test/id10309/MJ3skMKNBGM/00001.wav,39,"[(0,3200,'p'),(3200,6400,'p'),(6400,9600,'p'),(9600,12800,'p'),(12800,16000,'p'),(16000,19200,'p'),(19200,22400,'p'),(22400,25600,'p'),(25600,28800,'p'),(28800,32000,'p'),(32000,35200,'p'),(35200,38400,'p'),(38400,41600,'p'),(41600,44800,'p'),(44800,48000,'p')]"
1595,/Users/ssankey/PycharmProjects/AdvReverb/data/VoxCeleb1/test/id10309/MJ3skMKNBGM/00002.wav,39,"[(0,3200,'p'),(3200,6400,'p'),(6400,9600,'p'),(9600,12800,'p'),(12800,16000,'p'),(16000,19200,'p'),(19200,22400,'p'),(22400,25600,'p'),(25600,28800,'p'),(28800,32000,'p'),(32000,35200,'p'),(35200,38400,'p'),(38400,41600,'p'),(41600,44800,'p'),(44800,48000,'p')]"
1596,/Users/ssankey/PycharmProjects/AdvReverb/data/VoxCeleb1/test/id10309/MJ3skMKNBGM/00003.wav,39,"[(0,3200,'p'),(3200,6400,'p'),(6400,9600,'p'),(9600,12800,'p'),(12800,16000,'p'),(16000,19200,'p'),(19200,22400,'p'),(22400,25600,'p'),(25600,28800,'p'),(28800,32000,'p'),(32000,35200,'p'),(35200,38400,'p'),(38400,41600,'p'),(41600,44800,'p'),(44800,48000,'p')]"
1597,/Users/ssankey/PycharmProjects/AdvReverb/data/VoxCeleb1/test/id10309/nMZkxUQ1RqI/00001.wav,39,"[(0,3200,'p'),(3200,6400,'p'),(6400,9600,'p'),(9600,12800,'p'),(12800,16000,'p'),(16000,19200,'p'),(19200,22400,'p'),(22400,25600,'p'),(25600,28800,'p'),(28800,32000,'p'),(32000,35200,'p'),(35200,38400,'p'),(38400,41600,'p'),(41600,44800,'p'),(44800,48000,'p')]"
1598,/Users/ssankey/PycharmProjects/AdvReverb/data/VoxCeleb1/test/id10309/pwfqGqgezH4/00001.wav,39,"[(0,3200,'p'),(3200,6400,'p'),(6400,9600,'p'),(9600,12800,'p'),(12800,16000,'p'),(16000,19200,'p'),(19200,22400,'p'),(22400,25600,'p'),(25600,28800,'p'),(28800,32000,'p'),(32000,35200,'p'),(35200,38400,'p'),(38400,41600,'p'),(41600,44800,'p'),(44800,48000,'p')]"
1599,/Users/ssankey/PycharmProjects/AdvReverb/data/VoxCeleb1/test/id10309/pwfqGqgezH4/00002.wav,39,"[(0,3200,'p'),(3200,6400,'p'),(6400,9600,'p'),(9600,12800,'p'),(12800,16000,'p'),(16000,19200,'p'),(19200,22400,'p'),(22400,25600,'p'),(25600,28800,'p'),(28800,32000,'p'),(32000,35200,'p'),(35200,38400,'p'),(38400,41600,'p'),(41600,44800,'p'),(44800,48000,'p')]"
