,path,label,interval
0,/Users/ssankey/PycharmProjects/AdvReverb/data/SpeechCommands/speech_commands_v0.02/yes/bb05582b_nohash_3.wav,0,"[(0,3200,'p'),(3200,6400,'p'),(6400,9600,'p'),(9600,12800,'p'),(12800,16000,'p')]"
1,/Users/ssankey/PycharmProjects/AdvReverb/data/SpeechCommands/speech_commands_v0.02/yes/97f4c236_nohash_2.wav,0,"[(0,3200,'p'),(3200,6400,'p'),(6400,9600,'p'),(9600,12800,'p'),(12800,16000,'p')]"
2,/Users/ssankey/PycharmProjects/AdvReverb/data/SpeechCommands/speech_commands_v0.02/yes/563aa4e6_nohash_2.wav,0,"[(0,3200,'p'),(3200,6400,'p'),(6400,9600,'p'),(9600,12800,'p'),(12800,16000,'p')]"
3,/Users/ssankey/PycharmProjects/AdvReverb/data/SpeechCommands/speech_commands_v0.02/yes/f2e59fea_nohash_3.wav,0,"[(0,3200,'p'),(3200,6400,'p'),(6400,9600,'p'),(9600,12800,'p'),(12800,16000,'p')]"
4,/Users/ssankey/PycharmProjects/AdvReverb/data/SpeechCommands/speech_commands_v0.02/yes/aef8dcf5_nohash_0.wav,0,"[(0,3200,'p'),(3200,6400,'p'),(6400,9600,'p'),(9600,12800,'p'),(12800,16000,'p')]"
5,/Users/ssankey/PycharmProjects/AdvReverb/data/SpeechCommands/speech_commands_v0.02/yes/dc75148d_nohash_0.wav,0,"[(0,3200,'p'),(3200,6400,'p'),(6400,9600,'p'),(9600,12800,'p'),(12800,16000,'p')]"
6,/Users/ssankey/PycharmProjects/AdvReverb/data/SpeechCommands/speech_commands_v0.02/yes/c9b5ff26_nohash_4.wav,0,"[(0,3200,'p'),(3200,6400,'p'),(6400,9600,'p'),(9600,12800,'p'),(12800,16000,'p')]"
7,/Users/ssankey/PycharmProjects/AdvReverb/data/SpeechCommands/speech_commands_v0.02/yes/3f170018_nohash_0.wav,0,"[(0,3200,'p'),(3200,6400,'p'),(6400,9600,'p'),(9600,12800,'p'),(12800,16000,'p')]"
8,/Users/ssankey/PycharmProjects/AdvReverb/data/SpeechCommands/speech_commands_v0.02/yes/cfbedff9_nohash_4.wav,0,"[(0,3200,'p'),(3200,6400,'p'),(6400,9600,'p'),(9600,12800,'p'),(12800,16000,'p')]"
9,/Users/ssankey/PycharmProjects/AdvReverb/data/SpeechCommands/speech_commands_v0.02/yes/e1469561_nohash_1.wav,0,"[(0,3200,'p'),(3200,6400,'p'),(6400,9600,'p'),(9600,12800,'p'),(12800,16000,'p')]"
10,/Users/ssankey/PycharmProjects/AdvReverb/data/SpeechCommands/speech_commands_v0.02/yes/5c8af87a_nohash_0.wav,0,"[(0,3200,'p'),(3200,6400,'p'),(6400,9600,'p'),(9600,12800,'p'),(12800,16000,'p')]"
11,/Users/ssankey/PycharmProjects/AdvReverb/data/SpeechCommands/speech_commands_v0.02/yes/aa48c94a_nohash_0.wav,0,"[(0,3200,'p'),(3200,6400,'p'),(6400,9600,'p'),(9600,12800,'p'),(12800,16000,'p')]"
12,/Users/ssankey/PycharmProjects/AdvReverb/data/SpeechCommands/speech_commands_v0.02/yes/1538beb7_nohash_0.wav,0,"[(0,3200,'p'),(3200,6400,'p'),(6400,9600,'p'),(9600,12800,'p'),(12800,16000,'p')]"
13,/Users/ssankey/PycharmProjects/AdvReverb/data/SpeechCommands/speech_commands_v0.02/yes/837a0f64_nohash_1.wav,0,"[(0,3200,'p'),(3200,6400,'p'),(6400,9600,'p'),(9600,12800,'p'),(12800,16000,'p')]"
14,/Users/ssankey/PycharmProjects/AdvReverb/data/SpeechCommands/speech_commands_v0.02/yes/e49428d9_nohash_0.wav,0,"[(0,3200,'p'),(3200,6400,'p'),(6400,9600,'p'),(9600,12800,'p'),(12800,16000,'p')]"
15,/Users/ssankey/PycharmProjects/AdvReverb/data/SpeechCommands/speech_commands_v0.02/yes/d1bf406b_nohash_0.wav,0,"[(0,3200,'p'),(3200,6400,'p'),(6400,9600,'p'),(9600,12800,'p'),(12800,16000,'p')]"
16,/Users/ssankey/PycharmProjects/AdvReverb/data/SpeechCommands/speech_commands_v0.02/yes/c7124b73_nohash_0.wav,0,"[(0,3200,'p'),(3200,6400,'p'),(6400,9600,'p'),(9600,12800,'p'),(12800,16000,'p')]"
17,/Users/ssankey/PycharmProjects/AdvReverb/data/SpeechCommands/speech_commands_v0.02/yes/837a0f64_nohash_0.wav,0,"[(0,3200,'p'),(3200,6400,'p'),(6400,9600,'p'),(9600,12800,'p'),(12800,16000,'p')]"
18,/Users/ssankey/PycharmProjects/AdvReverb/data/SpeechCommands/speech_commands_v0.02/yes/d1bf406b_nohash_1.wav,0,"[(0,3200,'p'),(3200,6400,'p'),(6400,9600,'p'),(9600,12800,'p'),(12800,16000,'p')]"
19,/Users/ssankey/PycharmProjects/AdvReverb/data/SpeechCommands/speech_commands_v0.02/yes/e49428d9_nohash_1.wav,0,"[(0,3200,'p'),(3200,6400,'p'),(6400,9600,'p'),(9600,12800,'p'),(12800,16000,'p')]"
20,/Users/ssankey/PycharmProjects/AdvReverb/data/SpeechCommands/speech_commands_v0.02/yes/aa80f517_nohash_4.wav,0,"[(0,3200,'p'),(3200,6400,'p'),(6400,9600,'p'),(9600,12800,'p'),(12800,16000,'p')]"
21,/Users/ssankey/PycharmProjects/AdvReverb/data/SpeechCommands/speech_commands_v0.02/yes/5c8af87a_nohash_1.wav,0,"[(0,3200,'p'),(3200,6400,'p'),(6400,9600,'p'),(9600,12800,'p'),(12800,16000,'p')]"
22,/Users/ssankey/PycharmProjects/AdvReverb/data/SpeechCommands/speech_commands_v0.02/yes/e1469561_nohash_0.wav,0,"[(0,3200,'p'),(3200,6400,'p'),(6400,9600,'p'),(9600,12800,'p'),(12800,16000,'p')]"
23,/Users/ssankey/PycharmProjects/AdvReverb/data/SpeechCommands/speech_commands_v0.02/yes/7257420c_nohash_0.wav,0,"[(0,3200,'p'),(3200,6400,'p'),(6400,9600,'p'),(9600,12800,'p'),(12800,16000,'p')]"
24,/Users/ssankey/PycharmProjects/AdvReverb/data/SpeechCommands/speech_commands_v0.02/yes/18f8afd5_nohash_2.wav,0,"[(0,3200,'p'),(3200,6400,'p'),(6400,9600,'p'),(9600,12800,'p'),(12800,16000,'p')]"
25,/Users/ssankey/PycharmProjects/AdvReverb/data/SpeechCommands/speech_commands_v0.02/yes/84d1e469_nohash_2.wav,0,"[(0,3200,'p'),(3200,6400,'p'),(6400,9600,'p'),(9600,12800,'p'),(12800,16000,'p')]"
26,/Users/ssankey/PycharmProjects/AdvReverb/data/SpeechCommands/speech_commands_v0.02/yes/f2e59fea_nohash_2.wav,0,"[(0,3200,'p'),(3200,6400,'p'),(6400,9600,'p'),(9600,12800,'p'),(12800,16000,'p')]"
27,/Users/ssankey/PycharmProjects/AdvReverb/data/SpeechCommands/speech_commands_v0.02/yes/68dd409e_nohash_0.wav,0,"[(0,3200,'p'),(3200,6400,'p'),(6400,9600,'p'),(9600,12800,'p'),(12800,16000,'p')]"
28,/Users/ssankey/PycharmProjects/AdvReverb/data/SpeechCommands/speech_commands_v0.02/yes/82d0d3ba_nohash_0.wav,0,"[(0,3200,'p'),(3200,6400,'p'),(6400,9600,'p'),(9600,12800,'p'),(12800,16000,'p')]"
29,/Users/ssankey/PycharmProjects/AdvReverb/data/SpeechCommands/speech_commands_v0.02/yes/563aa4e6_nohash_3.wav,0,"[(0,3200,'p'),(3200,6400,'p'),(6400,9600,'p'),(9600,12800,'p'),(12800,16000,'p')]"
30,/Users/ssankey/PycharmProjects/AdvReverb/data/SpeechCommands/speech_commands_v0.02/yes/97f4c236_nohash_3.wav,0,"[(0,3200,'p'),(3200,6400,'p'),(6400,9600,'p'),(9600,12800,'p'),(12800,16000,'p')]"
31,/Users/ssankey/PycharmProjects/AdvReverb/data/SpeechCommands/speech_commands_v0.02/yes/bb05582b_nohash_2.wav,0,"[(0,3200,'p'),(3200,6400,'p'),(6400,9600,'p'),(9600,12800,'p'),(12800,16000,'p')]"
32,/Users/ssankey/PycharmProjects/AdvReverb/data/SpeechCommands/speech_commands_v0.02/yes/bb05582b_nohash_0.wav,0,"[(0,3200,'p'),(3200,6400,'p'),(6400,9600,'p'),(9600,12800,'p'),(12800,16000,'p')]"
33,/Users/ssankey/PycharmProjects/AdvReverb/data/SpeechCommands/speech_commands_v0.02/yes/97f4c236_nohash_1.wav,0,"[(0,3200,'p'),(3200,6400,'p'),(6400,9600,'p'),(9600,12800,'p'),(12800,16000,'p')]"
34,/Users/ssankey/PycharmProjects/AdvReverb/data/SpeechCommands/speech_commands_v0.02/yes/563aa4e6_nohash_1.wav,0,"[(0,3200,'p'),(3200,6400,'p'),(6400,9600,'p'),(9600,12800,'p'),(12800,16000,'p')]"
35,/Users/ssankey/PycharmProjects/AdvReverb/data/SpeechCommands/speech_commands_v0.02/yes/af405b69_nohash_0.wav,0,"[(0,3200,'p'),(3200,6400,'p'),(6400,9600,'p'),(9600,12800,'p'),(12800,16000,'p')]"
36,/Users/ssankey/PycharmProjects/AdvReverb/data/SpeechCommands/speech_commands_v0.02/yes/fdb5155e_nohash_1.wav,0,"[(0,3200,'p'),(3200,6400,'p'),(6400,9600,'p'),(9600,12800,'p'),(12800,16000,'p')]"
37,/Users/ssankey/PycharmProjects/AdvReverb/data/SpeechCommands/speech_commands_v0.02/yes/adebe223_nohash_0.wav,0,"[(0,3200,'p'),(3200,6400,'p'),(6400,9600,'p'),(9600,12800,'p'),(12800,16000,'p')]"
38,/Users/ssankey/PycharmProjects/AdvReverb/data/SpeechCommands/speech_commands_v0.02/yes/f2e59fea_nohash_0.wav,0,"[(0,3200,'p'),(3200,6400,'p'),(6400,9600,'p'),(9600,12800,'p'),(12800,16000,'p')]"
39,/Users/ssankey/PycharmProjects/AdvReverb/data/SpeechCommands/speech_commands_v0.02/yes/84d1e469_nohash_0.wav,0,"[(0,3200,'p'),(3200,6400,'p'),(6400,9600,'p'),(9600,12800,'p'),(12800,16000,'p')]"
40,/Users/ssankey/PycharmProjects/AdvReverb/data/SpeechCommands/speech_commands_v0.02/yes/18f8afd5_nohash_0.wav,0,"[(0,3200,'p'),(3200,6400,'p'),(6400,9600,'p'),(9600,12800,'p'),(12800,16000,'p')]"
41,/Users/ssankey/PycharmProjects/AdvReverb/data/SpeechCommands/speech_commands_v0.02/yes/5b1db3ee_nohash_0.wav,0,"[(0,3200,'p'),(3200,6400,'p'),(6400,9600,'p'),(9600,12800,'p'),(12800,16000,'p')]"
42,/Users/ssankey/PycharmProjects/AdvReverb/data/SpeechCommands/speech_commands_v0.02/yes/e1469561_nohash_2.wav,0,"[(0,3200,'p'),(3200,6400,'p'),(6400,9600,'p'),(9600,12800,'p'),(12800,16000,'p')]"
43,/Users/ssankey/PycharmProjects/AdvReverb/data/SpeechCommands/speech_commands_v0.02/yes/5c8af87a_nohash_3.wav,0,"[(0,3200,'p'),(3200,6400,'p'),(6400,9600,'p'),(9600,12800,'p'),(12800,16000,'p')]"
44,/Users/ssankey/PycharmProjects/AdvReverb/data/SpeechCommands/speech_commands_v0.02/yes/692a88e6_nohash_4.wav,0,"[(0,3200,'p'),(3200,6400,'p'),(6400,9600,'p'),(9600,12800,'p'),(12800,16000,'p')]"
45,/Users/ssankey/PycharmProjects/AdvReverb/data/SpeechCommands/speech_commands_v0.02/yes/e41a903b_nohash_4.wav,0,"[(0,3200,'p'),(3200,6400,'p'),(6400,9600,'p'),(9600,12800,'p'),(12800,16000,'p')]"
46,/Users/ssankey/PycharmProjects/AdvReverb/data/SpeechCommands/speech_commands_v0.02/yes/8c7f81df_nohash_1.wav,0,"[(0,3200,'p'),(3200,6400,'p'),(6400,9600,'p'),(9600,12800,'p'),(12800,16000,'p')]"
47,/Users/ssankey/PycharmProjects/AdvReverb/data/SpeechCommands/speech_commands_v0.02/yes/f0ae7203_nohash_0.wav,0,"[(0,3200,'p'),(3200,6400,'p'),(6400,9600,'p'),(9600,12800,'p'),(12800,16000,'p')]"
48,/Users/ssankey/PycharmProjects/AdvReverb/data/SpeechCommands/speech_commands_v0.02/yes/e49428d9_nohash_3.wav,0,"[(0,3200,'p'),(3200,6400,'p'),(6400,9600,'p'),(9600,12800,'p'),(12800,16000,'p')]"
49,/Users/ssankey/PycharmProjects/AdvReverb/data/SpeechCommands/speech_commands_v0.02/yes/837a0f64_nohash_2.wav,0,"[(0,3200,'p'),(3200,6400,'p'),(6400,9600,'p'),(9600,12800,'p'),(12800,16000,'p')]"
50,/Users/ssankey/PycharmProjects/AdvReverb/data/SpeechCommands/speech_commands_v0.02/no/bb05582b_nohash_3.wav,1,"[(0,3200,'p'),(3200,6400,'p'),(6400,9600,'p'),(9600,12800,'p'),(12800,16000,'p')]"
51,/Users/ssankey/PycharmProjects/AdvReverb/data/SpeechCommands/speech_commands_v0.02/no/97f4c236_nohash_2.wav,1,"[(0,3200,'p'),(3200,6400,'p'),(6400,9600,'p'),(9600,12800,'p'),(12800,16000,'p')]"
52,/Users/ssankey/PycharmProjects/AdvReverb/data/SpeechCommands/speech_commands_v0.02/no/563aa4e6_nohash_2.wav,1,"[(0,3200,'p'),(3200,6400,'p'),(6400,9600,'p'),(9600,12800,'p'),(12800,16000,'p')]"
53,/Users/ssankey/PycharmProjects/AdvReverb/data/SpeechCommands/speech_commands_v0.02/no/f2e59fea_nohash_3.wav,1,"[(0,3200,'p'),(3200,6400,'p'),(6400,9600,'p'),(9600,12800,'p'),(12800,16000,'p')]"
54,/Users/ssankey/PycharmProjects/AdvReverb/data/SpeechCommands/speech_commands_v0.02/no/dc75148d_nohash_0.wav,1,"[(0,3200,'p'),(3200,6400,'p'),(6400,9600,'p'),(9600,12800,'p'),(12800,16000,'p')]"
55,/Users/ssankey/PycharmProjects/AdvReverb/data/SpeechCommands/speech_commands_v0.02/no/3f170018_nohash_0.wav,1,"[(0,3200,'p'),(3200,6400,'p'),(6400,9600,'p'),(9600,12800,'p'),(12800,16000,'p')]"
56,/Users/ssankey/PycharmProjects/AdvReverb/data/SpeechCommands/speech_commands_v0.02/no/cfbedff9_nohash_4.wav,1,"[(0,3200,'p'),(3200,6400,'p'),(6400,9600,'p'),(9600,12800,'p'),(12800,16000,'p')]"
57,/Users/ssankey/PycharmProjects/AdvReverb/data/SpeechCommands/speech_commands_v0.02/no/18f8afd5_nohash_3.wav,1,"[(0,3200,'p'),(3200,6400,'p'),(6400,9600,'p'),(9600,12800,'p'),(12800,16000,'p')]"
58,/Users/ssankey/PycharmProjects/AdvReverb/data/SpeechCommands/speech_commands_v0.02/no/e1469561_nohash_1.wav,1,"[(0,3200,'p'),(3200,6400,'p'),(6400,9600,'p'),(9600,12800,'p'),(12800,16000,'p')]"
59,/Users/ssankey/PycharmProjects/AdvReverb/data/SpeechCommands/speech_commands_v0.02/no/5c8af87a_nohash_0.wav,1,"[(0,3200,'p'),(3200,6400,'p'),(6400,9600,'p'),(9600,12800,'p'),(12800,16000,'p')]"
60,/Users/ssankey/PycharmProjects/AdvReverb/data/SpeechCommands/speech_commands_v0.02/no/837a0f64_nohash_1.wav,1,"[(0,3200,'p'),(3200,6400,'p'),(6400,9600,'p'),(9600,12800,'p'),(12800,16000,'p')]"
61,/Users/ssankey/PycharmProjects/AdvReverb/data/SpeechCommands/speech_commands_v0.02/no/e49428d9_nohash_0.wav,1,"[(0,3200,'p'),(3200,6400,'p'),(6400,9600,'p'),(9600,12800,'p'),(12800,16000,'p')]"
62,/Users/ssankey/PycharmProjects/AdvReverb/data/SpeechCommands/speech_commands_v0.02/no/28497c5b_nohash_1.wav,1,"[(0,3200,'p'),(3200,6400,'p'),(6400,9600,'p'),(9600,12800,'p'),(12800,16000,'p')]"
63,/Users/ssankey/PycharmProjects/AdvReverb/data/SpeechCommands/speech_commands_v0.02/no/881583a6_nohash_2.wav,1,"[(0,3200,'p'),(3200,6400,'p'),(6400,9600,'p'),(9600,12800,'p'),(12800,16000,'p')]"
64,/Users/ssankey/PycharmProjects/AdvReverb/data/SpeechCommands/speech_commands_v0.02/no/837a0f64_nohash_0.wav,1,"[(0,3200,'p'),(3200,6400,'p'),(6400,9600,'p'),(9600,12800,'p'),(12800,16000,'p')]"
65,/Users/ssankey/PycharmProjects/AdvReverb/data/SpeechCommands/speech_commands_v0.02/no/28497c5b_nohash_0.wav,1,"[(0,3200,'p'),(3200,6400,'p'),(6400,9600,'p'),(9600,12800,'p'),(12800,16000,'p')]"
66,/Users/ssankey/PycharmProjects/AdvReverb/data/SpeechCommands/speech_commands_v0.02/no/e49428d9_nohash_1.wav,1,"[(0,3200,'p'),(3200,6400,'p'),(6400,9600,'p'),(9600,12800,'p'),(12800,16000,'p')]"
67,/Users/ssankey/PycharmProjects/AdvReverb/data/SpeechCommands/speech_commands_v0.02/no/5c8af87a_nohash_1.wav,1,"[(0,3200,'p'),(3200,6400,'p'),(6400,9600,'p'),(9600,12800,'p'),(12800,16000,'p')]"
68,/Users/ssankey/PycharmProjects/AdvReverb/data/SpeechCommands/speech_commands_v0.02/no/24ad3ebe_nohash_0.wav,1,"[(0,3200,'p'),(3200,6400,'p'),(6400,9600,'p'),(9600,12800,'p'),(12800,16000,'p')]"
69,/Users/ssankey/PycharmProjects/AdvReverb/data/SpeechCommands/speech_commands_v0.02/no/e1469561_nohash_0.wav,1,"[(0,3200,'p'),(3200,6400,'p'),(6400,9600,'p'),(9600,12800,'p'),(12800,16000,'p')]"
70,/Users/ssankey/PycharmProjects/AdvReverb/data/SpeechCommands/speech_commands_v0.02/no/7257420c_nohash_0.wav,1,"[(0,3200,'p'),(3200,6400,'p'),(6400,9600,'p'),(9600,12800,'p'),(12800,16000,'p')]"
71,/Users/ssankey/PycharmProjects/AdvReverb/data/SpeechCommands/speech_commands_v0.02/no/18f8afd5_nohash_2.wav,1,"[(0,3200,'p'),(3200,6400,'p'),(6400,9600,'p'),(9600,12800,'p'),(12800,16000,'p')]"
72,/Users/ssankey/PycharmProjects/AdvReverb/data/SpeechCommands/speech_commands_v0.02/no/84d1e469_nohash_2.wav,1,"[(0,3200,'p'),(3200,6400,'p'),(6400,9600,'p'),(9600,12800,'p'),(12800,16000,'p')]"
73,/Users/ssankey/PycharmProjects/AdvReverb/data/SpeechCommands/speech_commands_v0.02/no/f2e59fea_nohash_2.wav,1,"[(0,3200,'p'),(3200,6400,'p'),(6400,9600,'p'),(9600,12800,'p'),(12800,16000,'p')]"
74,/Users/ssankey/PycharmProjects/AdvReverb/data/SpeechCommands/speech_commands_v0.02/no/68dd409e_nohash_0.wav,1,"[(0,3200,'p'),(3200,6400,'p'),(6400,9600,'p'),(9600,12800,'p'),(12800,16000,'p')]"
75,/Users/ssankey/PycharmProjects/AdvReverb/data/SpeechCommands/speech_commands_v0.02/no/82d0d3ba_nohash_0.wav,1,"[(0,3200,'p'),(3200,6400,'p'),(6400,9600,'p'),(9600,12800,'p'),(12800,16000,'p')]"
76,/Users/ssankey/PycharmProjects/AdvReverb/data/SpeechCommands/speech_commands_v0.02/no/af405b69_nohash_2.wav,1,"[(0,3200,'p'),(3200,6400,'p'),(6400,9600,'p'),(9600,12800,'p'),(12800,16000,'p')]"
77,/Users/ssankey/PycharmProjects/AdvReverb/data/SpeechCommands/speech_commands_v0.02/no/563aa4e6_nohash_3.wav,1,"[(0,3200,'p'),(3200,6400,'p'),(6400,9600,'p'),(9600,12800,'p'),(12800,16000,'p')]"
78,/Users/ssankey/PycharmProjects/AdvReverb/data/SpeechCommands/speech_commands_v0.02/no/97f4c236_nohash_3.wav,1,"[(0,3200,'p'),(3200,6400,'p'),(6400,9600,'p'),(9600,12800,'p'),(12800,16000,'p')]"
79,/Users/ssankey/PycharmProjects/AdvReverb/data/SpeechCommands/speech_commands_v0.02/no/f428ca69_nohash_0.wav,1,"[(0,3200,'p'),(3200,6400,'p'),(6400,9600,'p'),(9600,12800,'p'),(12800,16000,'p')]"
80,/Users/ssankey/PycharmProjects/AdvReverb/data/SpeechCommands/speech_commands_v0.02/no/bb05582b_nohash_2.wav,1,"[(0,3200,'p'),(3200,6400,'p'),(6400,9600,'p'),(9600,12800,'p'),(12800,16000,'p')]"
81,/Users/ssankey/PycharmProjects/AdvReverb/data/SpeechCommands/speech_commands_v0.02/no/af130f12_nohash_0.wav,1,"[(0,3200,'p'),(3200,6400,'p'),(6400,9600,'p'),(9600,12800,'p'),(12800,16000,'p')]"
82,/Users/ssankey/PycharmProjects/AdvReverb/data/SpeechCommands/speech_commands_v0.02/no/c518d1b1_nohash_0.wav,1,"[(0,3200,'p'),(3200,6400,'p'),(6400,9600,'p'),(9600,12800,'p'),(12800,16000,'p')]"
83,/Users/ssankey/PycharmProjects/AdvReverb/data/SpeechCommands/speech_commands_v0.02/no/bb05582b_nohash_0.wav,1,"[(0,3200,'p'),(3200,6400,'p'),(6400,9600,'p'),(9600,12800,'p'),(12800,16000,'p')]"
84,/Users/ssankey/PycharmProjects/AdvReverb/data/SpeechCommands/speech_commands_v0.02/no/62ff07ef_nohash_0.wav,1,"[(0,3200,'p'),(3200,6400,'p'),(6400,9600,'p'),(9600,12800,'p'),(12800,16000,'p')]"
85,/Users/ssankey/PycharmProjects/AdvReverb/data/SpeechCommands/speech_commands_v0.02/no/97f4c236_nohash_1.wav,1,"[(0,3200,'p'),(3200,6400,'p'),(6400,9600,'p'),(9600,12800,'p'),(12800,16000,'p')]"
86,/Users/ssankey/PycharmProjects/AdvReverb/data/SpeechCommands/speech_commands_v0.02/no/563aa4e6_nohash_1.wav,1,"[(0,3200,'p'),(3200,6400,'p'),(6400,9600,'p'),(9600,12800,'p'),(12800,16000,'p')]"
87,/Users/ssankey/PycharmProjects/AdvReverb/data/SpeechCommands/speech_commands_v0.02/no/af405b69_nohash_0.wav,1,"[(0,3200,'p'),(3200,6400,'p'),(6400,9600,'p'),(9600,12800,'p'),(12800,16000,'p')]"
88,/Users/ssankey/PycharmProjects/AdvReverb/data/SpeechCommands/speech_commands_v0.02/no/f2e59fea_nohash_0.wav,1,"[(0,3200,'p'),(3200,6400,'p'),(6400,9600,'p'),(9600,12800,'p'),(12800,16000,'p')]"
89,/Users/ssankey/PycharmProjects/AdvReverb/data/SpeechCommands/speech_commands_v0.02/no/84d1e469_nohash_0.wav,1,"[(0,3200,'p'),(3200,6400,'p'),(6400,9600,'p'),(9600,12800,'p'),(12800,16000,'p')]"
90,/Users/ssankey/PycharmProjects/AdvReverb/data/SpeechCommands/speech_commands_v0.02/no/8fe52b97_nohash_1.wav,1,"[(0,3200,'p'),(3200,6400,'p'),(6400,9600,'p'),(9600,12800,'p'),(12800,16000,'p')]"
91,/Users/ssankey/PycharmProjects/AdvReverb/data/SpeechCommands/speech_commands_v0.02/no/18f8afd5_nohash_0.wav,1,"[(0,3200,'p'),(3200,6400,'p'),(6400,9600,'p'),(9600,12800,'p'),(12800,16000,'p')]"
92,/Users/ssankey/PycharmProjects/AdvReverb/data/SpeechCommands/speech_commands_v0.02/no/5b1db3ee_nohash_0.wav,1,"[(0,3200,'p'),(3200,6400,'p'),(6400,9600,'p'),(9600,12800,'p'),(12800,16000,'p')]"
93,/Users/ssankey/PycharmProjects/AdvReverb/data/SpeechCommands/speech_commands_v0.02/no/e1469561_nohash_2.wav,1,"[(0,3200,'p'),(3200,6400,'p'),(6400,9600,'p'),(9600,12800,'p'),(12800,16000,'p')]"
94,/Users/ssankey/PycharmProjects/AdvReverb/data/SpeechCommands/speech_commands_v0.02/no/5c8af87a_nohash_3.wav,1,"[(0,3200,'p'),(3200,6400,'p'),(6400,9600,'p'),(9600,12800,'p'),(12800,16000,'p')]"
95,/Users/ssankey/PycharmProjects/AdvReverb/data/SpeechCommands/speech_commands_v0.02/no/692a88e6_nohash_4.wav,1,"[(0,3200,'p'),(3200,6400,'p'),(6400,9600,'p'),(9600,12800,'p'),(12800,16000,'p')]"
96,/Users/ssankey/PycharmProjects/AdvReverb/data/SpeechCommands/speech_commands_v0.02/no/e41a903b_nohash_4.wav,1,"[(0,3200,'p'),(3200,6400,'p'),(6400,9600,'p'),(9600,12800,'p'),(12800,16000,'p')]"
97,/Users/ssankey/PycharmProjects/AdvReverb/data/SpeechCommands/speech_commands_v0.02/no/8c7f81df_nohash_1.wav,1,"[(0,3200,'p'),(3200,6400,'p'),(6400,9600,'p'),(9600,12800,'p'),(12800,16000,'p')]"
98,/Users/ssankey/PycharmProjects/AdvReverb/data/SpeechCommands/speech_commands_v0.02/no/d91a159e_nohash_1.wav,1,"[(0,3200,'p'),(3200,6400,'p'),(6400,9600,'p'),(9600,12800,'p'),(12800,16000,'p')]"
99,/Users/ssankey/PycharmProjects/AdvReverb/data/SpeechCommands/speech_commands_v0.02/no/f0ae7203_nohash_0.wav,1,"[(0,3200,'p'),(3200,6400,'p'),(6400,9600,'p'),(9600,12800,'p'),(12800,16000,'p')]"
100,/Users/ssankey/PycharmProjects/AdvReverb/data/SpeechCommands/speech_commands_v0.02/up/bb05582b_nohash_3.wav,2,"[(0,3200,'p'),(3200,6400,'p'),(6400,9600,'p'),(9600,12800,'p'),(12800,16000,'p')]"
101,/Users/ssankey/PycharmProjects/AdvReverb/data/SpeechCommands/speech_commands_v0.02/up/97f4c236_nohash_2.wav,2,"[(0,3200,'p'),(3200,6400,'p'),(6400,9600,'p'),(9600,12800,'p'),(12800,16000,'p')]"
102,/Users/ssankey/PycharmProjects/AdvReverb/data/SpeechCommands/speech_commands_v0.02/up/563aa4e6_nohash_2.wav,2,"[(0,3200,'p'),(3200,6400,'p'),(6400,9600,'p'),(9600,12800,'p'),(12800,16000,'p')]"
103,/Users/ssankey/PycharmProjects/AdvReverb/data/SpeechCommands/speech_commands_v0.02/up/f428ca69_nohash_1.wav,2,"[(0,3200,'p'),(3200,6400,'p'),(6400,9600,'p'),(9600,12800,'p'),(12800,16000,'p')]"
104,/Users/ssankey/PycharmProjects/AdvReverb/data/SpeechCommands/speech_commands_v0.02/up/68dd409e_nohash_1.wav,2,"[(0,3200,'p'),(3200,6400,'p'),(6400,9600,'p'),(9600,12800,'p'),(12800,16000,'p')]"
105,/Users/ssankey/PycharmProjects/AdvReverb/data/SpeechCommands/speech_commands_v0.02/up/f2e59fea_nohash_3.wav,2,"[(0,3200,'p'),(3200,6400,'p'),(6400,9600,'p'),(9600,12800,'p'),(12800,16000,'p')]"
106,/Users/ssankey/PycharmProjects/AdvReverb/data/SpeechCommands/speech_commands_v0.02/up/fdb5155e_nohash_2.wav,2,"[(0,3200,'p'),(3200,6400,'p'),(6400,9600,'p'),(9600,12800,'p'),(12800,16000,'p')]"
107,/Users/ssankey/PycharmProjects/AdvReverb/data/SpeechCommands/speech_commands_v0.02/up/aef8dcf5_nohash_0.wav,2,"[(0,3200,'p'),(3200,6400,'p'),(6400,9600,'p'),(9600,12800,'p'),(12800,16000,'p')]"
108,/Users/ssankey/PycharmProjects/AdvReverb/data/SpeechCommands/speech_commands_v0.02/up/dc75148d_nohash_0.wav,2,"[(0,3200,'p'),(3200,6400,'p'),(6400,9600,'p'),(9600,12800,'p'),(12800,16000,'p')]"
109,/Users/ssankey/PycharmProjects/AdvReverb/data/SpeechCommands/speech_commands_v0.02/up/c9b5ff26_nohash_4.wav,2,"[(0,3200,'p'),(3200,6400,'p'),(6400,9600,'p'),(9600,12800,'p'),(12800,16000,'p')]"
110,/Users/ssankey/PycharmProjects/AdvReverb/data/SpeechCommands/speech_commands_v0.02/up/3f170018_nohash_0.wav,2,"[(0,3200,'p'),(3200,6400,'p'),(6400,9600,'p'),(9600,12800,'p'),(12800,16000,'p')]"
111,/Users/ssankey/PycharmProjects/AdvReverb/data/SpeechCommands/speech_commands_v0.02/up/18f8afd5_nohash_3.wav,2,"[(0,3200,'p'),(3200,6400,'p'),(6400,9600,'p'),(9600,12800,'p'),(12800,16000,'p')]"
112,/Users/ssankey/PycharmProjects/AdvReverb/data/SpeechCommands/speech_commands_v0.02/up/e1469561_nohash_1.wav,2,"[(0,3200,'p'),(3200,6400,'p'),(6400,9600,'p'),(9600,12800,'p'),(12800,16000,'p')]"
113,/Users/ssankey/PycharmProjects/AdvReverb/data/SpeechCommands/speech_commands_v0.02/up/5c8af87a_nohash_0.wav,2,"[(0,3200,'p'),(3200,6400,'p'),(6400,9600,'p'),(9600,12800,'p'),(12800,16000,'p')]"
114,/Users/ssankey/PycharmProjects/AdvReverb/data/SpeechCommands/speech_commands_v0.02/up/aa48c94a_nohash_0.wav,2,"[(0,3200,'p'),(3200,6400,'p'),(6400,9600,'p'),(9600,12800,'p'),(12800,16000,'p')]"
115,/Users/ssankey/PycharmProjects/AdvReverb/data/SpeechCommands/speech_commands_v0.02/up/893705bb_nohash_14.wav,2,"[(0,3200,'p'),(3200,6400,'p'),(6400,9600,'p'),(9600,12800,'p'),(12800,16000,'p')]"
116,/Users/ssankey/PycharmProjects/AdvReverb/data/SpeechCommands/speech_commands_v0.02/up/f0ae7203_nohash_3.wav,2,"[(0,3200,'p'),(3200,6400,'p'),(6400,9600,'p'),(9600,12800,'p'),(12800,16000,'p')]"
117,/Users/ssankey/PycharmProjects/AdvReverb/data/SpeechCommands/speech_commands_v0.02/up/837a0f64_nohash_1.wav,2,"[(0,3200,'p'),(3200,6400,'p'),(6400,9600,'p'),(9600,12800,'p'),(12800,16000,'p')]"
118,/Users/ssankey/PycharmProjects/AdvReverb/data/SpeechCommands/speech_commands_v0.02/up/d1bf406b_nohash_0.wav,2,"[(0,3200,'p'),(3200,6400,'p'),(6400,9600,'p'),(9600,12800,'p'),(12800,16000,'p')]"
119,/Users/ssankey/PycharmProjects/AdvReverb/data/SpeechCommands/speech_commands_v0.02/up/c7124b73_nohash_0.wav,2,"[(0,3200,'p'),(3200,6400,'p'),(6400,9600,'p'),(9600,12800,'p'),(12800,16000,'p')]"
120,/Users/ssankey/PycharmProjects/AdvReverb/data/SpeechCommands/speech_commands_v0.02/up/9d4bab4f_nohash_0.wav,2,"[(0,3200,'p'),(3200,6400,'p'),(6400,9600,'p'),(9600,12800,'p'),(12800,16000,'p')]"
121,/Users/ssankey/PycharmProjects/AdvReverb/data/SpeechCommands/speech_commands_v0.02/up/837a0f64_nohash_0.wav,2,"[(0,3200,'p'),(3200,6400,'p'),(6400,9600,'p'),(9600,12800,'p'),(12800,16000,'p')]"
122,/Users/ssankey/PycharmProjects/AdvReverb/data/SpeechCommands/speech_commands_v0.02/up/28497c5b_nohash_0.wav,2,"[(0,3200,'p'),(3200,6400,'p'),(6400,9600,'p'),(9600,12800,'p'),(12800,16000,'p')]"
123,/Users/ssankey/PycharmProjects/AdvReverb/data/SpeechCommands/speech_commands_v0.02/up/d1bf406b_nohash_1.wav,2,"[(0,3200,'p'),(3200,6400,'p'),(6400,9600,'p'),(9600,12800,'p'),(12800,16000,'p')]"
124,/Users/ssankey/PycharmProjects/AdvReverb/data/SpeechCommands/speech_commands_v0.02/up/f0ae7203_nohash_2.wav,2,"[(0,3200,'p'),(3200,6400,'p'),(6400,9600,'p'),(9600,12800,'p'),(12800,16000,'p')]"
125,/Users/ssankey/PycharmProjects/AdvReverb/data/SpeechCommands/speech_commands_v0.02/up/aa80f517_nohash_4.wav,2,"[(0,3200,'p'),(3200,6400,'p'),(6400,9600,'p'),(9600,12800,'p'),(12800,16000,'p')]"
126,/Users/ssankey/PycharmProjects/AdvReverb/data/SpeechCommands/speech_commands_v0.02/up/aa48c94a_nohash_1.wav,2,"[(0,3200,'p'),(3200,6400,'p'),(6400,9600,'p'),(9600,12800,'p'),(12800,16000,'p')]"
127,/Users/ssankey/PycharmProjects/AdvReverb/data/SpeechCommands/speech_commands_v0.02/up/893705bb_nohash_15.wav,2,"[(0,3200,'p'),(3200,6400,'p'),(6400,9600,'p'),(9600,12800,'p'),(12800,16000,'p')]"
128,/Users/ssankey/PycharmProjects/AdvReverb/data/SpeechCommands/speech_commands_v0.02/up/5c8af87a_nohash_1.wav,2,"[(0,3200,'p'),(3200,6400,'p'),(6400,9600,'p'),(9600,12800,'p'),(12800,16000,'p')]"
129,/Users/ssankey/PycharmProjects/AdvReverb/data/SpeechCommands/speech_commands_v0.02/up/24ad3ebe_nohash_0.wav,2,"[(0,3200,'p'),(3200,6400,'p'),(6400,9600,'p'),(9600,12800,'p'),(12800,16000,'p')]"
130,/Users/ssankey/PycharmProjects/AdvReverb/data/SpeechCommands/speech_commands_v0.02/up/e1469561_nohash_0.wav,2,"[(0,3200,'p'),(3200,6400,'p'),(6400,9600,'p'),(9600,12800,'p'),(12800,16000,'p')]"
131,/Users/ssankey/PycharmProjects/AdvReverb/data/SpeechCommands/speech_commands_v0.02/up/7257420c_nohash_0.wav,2,"[(0,3200,'p'),(3200,6400,'p'),(6400,9600,'p'),(9600,12800,'p'),(12800,16000,'p')]"
132,/Users/ssankey/PycharmProjects/AdvReverb/data/SpeechCommands/speech_commands_v0.02/up/18f8afd5_nohash_2.wav,2,"[(0,3200,'p'),(3200,6400,'p'),(6400,9600,'p'),(9600,12800,'p'),(12800,16000,'p')]"
133,/Users/ssankey/PycharmProjects/AdvReverb/data/SpeechCommands/speech_commands_v0.02/up/3f170018_nohash_1.wav,2,"[(0,3200,'p'),(3200,6400,'p'),(6400,9600,'p'),(9600,12800,'p'),(12800,16000,'p')]"
134,/Users/ssankey/PycharmProjects/AdvReverb/data/SpeechCommands/speech_commands_v0.02/up/f2e59fea_nohash_2.wav,2,"[(0,3200,'p'),(3200,6400,'p'),(6400,9600,'p'),(9600,12800,'p'),(12800,16000,'p')]"
135,/Users/ssankey/PycharmProjects/AdvReverb/data/SpeechCommands/speech_commands_v0.02/up/fdb5155e_nohash_3.wav,2,"[(0,3200,'p'),(3200,6400,'p'),(6400,9600,'p'),(9600,12800,'p'),(12800,16000,'p')]"
136,/Users/ssankey/PycharmProjects/AdvReverb/data/SpeechCommands/speech_commands_v0.02/up/68dd409e_nohash_0.wav,2,"[(0,3200,'p'),(3200,6400,'p'),(6400,9600,'p'),(9600,12800,'p'),(12800,16000,'p')]"
137,/Users/ssankey/PycharmProjects/AdvReverb/data/SpeechCommands/speech_commands_v0.02/up/82d0d3ba_nohash_0.wav,2,"[(0,3200,'p'),(3200,6400,'p'),(6400,9600,'p'),(9600,12800,'p'),(12800,16000,'p')]"
138,/Users/ssankey/PycharmProjects/AdvReverb/data/SpeechCommands/speech_commands_v0.02/up/563aa4e6_nohash_3.wav,2,"[(0,3200,'p'),(3200,6400,'p'),(6400,9600,'p'),(9600,12800,'p'),(12800,16000,'p')]"
139,/Users/ssankey/PycharmProjects/AdvReverb/data/SpeechCommands/speech_commands_v0.02/up/97f4c236_nohash_3.wav,2,"[(0,3200,'p'),(3200,6400,'p'),(6400,9600,'p'),(9600,12800,'p'),(12800,16000,'p')]"
140,/Users/ssankey/PycharmProjects/AdvReverb/data/SpeechCommands/speech_commands_v0.02/up/f428ca69_nohash_0.wav,2,"[(0,3200,'p'),(3200,6400,'p'),(6400,9600,'p'),(9600,12800,'p'),(12800,16000,'p')]"
141,/Users/ssankey/PycharmProjects/AdvReverb/data/SpeechCommands/speech_commands_v0.02/up/bb05582b_nohash_2.wav,2,"[(0,3200,'p'),(3200,6400,'p'),(6400,9600,'p'),(9600,12800,'p'),(12800,16000,'p')]"
142,/Users/ssankey/PycharmProjects/AdvReverb/data/SpeechCommands/speech_commands_v0.02/up/c518d1b1_nohash_0.wav,2,"[(0,3200,'p'),(3200,6400,'p'),(6400,9600,'p'),(9600,12800,'p'),(12800,16000,'p')]"
143,/Users/ssankey/PycharmProjects/AdvReverb/data/SpeechCommands/speech_commands_v0.02/up/bb05582b_nohash_0.wav,2,"[(0,3200,'p'),(3200,6400,'p'),(6400,9600,'p'),(9600,12800,'p'),(12800,16000,'p')]"
144,/Users/ssankey/PycharmProjects/AdvReverb/data/SpeechCommands/speech_commands_v0.02/up/f428ca69_nohash_2.wav,2,"[(0,3200,'p'),(3200,6400,'p'),(6400,9600,'p'),(9600,12800,'p'),(12800,16000,'p')]"
145,/Users/ssankey/PycharmProjects/AdvReverb/data/SpeechCommands/speech_commands_v0.02/up/97f4c236_nohash_1.wav,2,"[(0,3200,'p'),(3200,6400,'p'),(6400,9600,'p'),(9600,12800,'p'),(12800,16000,'p')]"
146,/Users/ssankey/PycharmProjects/AdvReverb/data/SpeechCommands/speech_commands_v0.02/up/563aa4e6_nohash_1.wav,2,"[(0,3200,'p'),(3200,6400,'p'),(6400,9600,'p'),(9600,12800,'p'),(12800,16000,'p')]"
147,/Users/ssankey/PycharmProjects/AdvReverb/data/SpeechCommands/speech_commands_v0.02/up/fdb5155e_nohash_1.wav,2,"[(0,3200,'p'),(3200,6400,'p'),(6400,9600,'p'),(9600,12800,'p'),(12800,16000,'p')]"
148,/Users/ssankey/PycharmProjects/AdvReverb/data/SpeechCommands/speech_commands_v0.02/up/adebe223_nohash_0.wav,2,"[(0,3200,'p'),(3200,6400,'p'),(6400,9600,'p'),(9600,12800,'p'),(12800,16000,'p')]"
149,/Users/ssankey/PycharmProjects/AdvReverb/data/SpeechCommands/speech_commands_v0.02/up/f2e59fea_nohash_0.wav,2,"[(0,3200,'p'),(3200,6400,'p'),(6400,9600,'p'),(9600,12800,'p'),(12800,16000,'p')]"
150,/Users/ssankey/PycharmProjects/AdvReverb/data/SpeechCommands/speech_commands_v0.02/down/bb05582b_nohash_3.wav,3,"[(0,3200,'p'),(3200,6400,'p'),(6400,9600,'p'),(9600,12800,'p'),(12800,16000,'p')]"
151,/Users/ssankey/PycharmProjects/AdvReverb/data/SpeechCommands/speech_commands_v0.02/down/97f4c236_nohash_2.wav,3,"[(0,3200,'p'),(3200,6400,'p'),(6400,9600,'p'),(9600,12800,'p'),(12800,16000,'p')]"
152,/Users/ssankey/PycharmProjects/AdvReverb/data/SpeechCommands/speech_commands_v0.02/down/563aa4e6_nohash_2.wav,3,"[(0,3200,'p'),(3200,6400,'p'),(6400,9600,'p'),(9600,12800,'p'),(12800,16000,'p')]"
153,/Users/ssankey/PycharmProjects/AdvReverb/data/SpeechCommands/speech_commands_v0.02/down/f2e59fea_nohash_3.wav,3,"[(0,3200,'p'),(3200,6400,'p'),(6400,9600,'p'),(9600,12800,'p'),(12800,16000,'p')]"
154,/Users/ssankey/PycharmProjects/AdvReverb/data/SpeechCommands/speech_commands_v0.02/down/3f170018_nohash_0.wav,3,"[(0,3200,'p'),(3200,6400,'p'),(6400,9600,'p'),(9600,12800,'p'),(12800,16000,'p')]"
155,/Users/ssankey/PycharmProjects/AdvReverb/data/SpeechCommands/speech_commands_v0.02/down/18f8afd5_nohash_3.wav,3,"[(0,3200,'p'),(3200,6400,'p'),(6400,9600,'p'),(9600,12800,'p'),(12800,16000,'p')]"
156,/Users/ssankey/PycharmProjects/AdvReverb/data/SpeechCommands/speech_commands_v0.02/down/7257420c_nohash_1.wav,3,"[(0,3200,'p'),(3200,6400,'p'),(6400,9600,'p'),(9600,12800,'p'),(12800,16000,'p')]"
157,/Users/ssankey/PycharmProjects/AdvReverb/data/SpeechCommands/speech_commands_v0.02/down/e1469561_nohash_1.wav,3,"[(0,3200,'p'),(3200,6400,'p'),(6400,9600,'p'),(9600,12800,'p'),(12800,16000,'p')]"
158,/Users/ssankey/PycharmProjects/AdvReverb/data/SpeechCommands/speech_commands_v0.02/down/5c8af87a_nohash_0.wav,3,"[(0,3200,'p'),(3200,6400,'p'),(6400,9600,'p'),(9600,12800,'p'),(12800,16000,'p')]"
159,/Users/ssankey/PycharmProjects/AdvReverb/data/SpeechCommands/speech_commands_v0.02/down/aa48c94a_nohash_0.wav,3,"[(0,3200,'p'),(3200,6400,'p'),(6400,9600,'p'),(9600,12800,'p'),(12800,16000,'p')]"
160,/Users/ssankey/PycharmProjects/AdvReverb/data/SpeechCommands/speech_commands_v0.02/down/6f689791_nohash_2.wav,3,"[(0,3200,'p'),(3200,6400,'p'),(6400,9600,'p'),(9600,12800,'p'),(12800,16000,'p')]"
161,/Users/ssankey/PycharmProjects/AdvReverb/data/SpeechCommands/speech_commands_v0.02/down/837a0f64_nohash_1.wav,3,"[(0,3200,'p'),(3200,6400,'p'),(6400,9600,'p'),(9600,12800,'p'),(12800,16000,'p')]"
162,/Users/ssankey/PycharmProjects/AdvReverb/data/SpeechCommands/speech_commands_v0.02/down/e49428d9_nohash_0.wav,3,"[(0,3200,'p'),(3200,6400,'p'),(6400,9600,'p'),(9600,12800,'p'),(12800,16000,'p')]"
163,/Users/ssankey/PycharmProjects/AdvReverb/data/SpeechCommands/speech_commands_v0.02/down/c7124b73_nohash_0.wav,3,"[(0,3200,'p'),(3200,6400,'p'),(6400,9600,'p'),(9600,12800,'p'),(12800,16000,'p')]"
164,/Users/ssankey/PycharmProjects/AdvReverb/data/SpeechCommands/speech_commands_v0.02/down/c7124b73_nohash_1.wav,3,"[(0,3200,'p'),(3200,6400,'p'),(6400,9600,'p'),(9600,12800,'p'),(12800,16000,'p')]"
165,/Users/ssankey/PycharmProjects/AdvReverb/data/SpeechCommands/speech_commands_v0.02/down/9d4bab4f_nohash_0.wav,3,"[(0,3200,'p'),(3200,6400,'p'),(6400,9600,'p'),(9600,12800,'p'),(12800,16000,'p')]"
166,/Users/ssankey/PycharmProjects/AdvReverb/data/SpeechCommands/speech_commands_v0.02/down/837a0f64_nohash_0.wav,3,"[(0,3200,'p'),(3200,6400,'p'),(6400,9600,'p'),(9600,12800,'p'),(12800,16000,'p')]"
167,/Users/ssankey/PycharmProjects/AdvReverb/data/SpeechCommands/speech_commands_v0.02/down/e49428d9_nohash_1.wav,3,"[(0,3200,'p'),(3200,6400,'p'),(6400,9600,'p'),(9600,12800,'p'),(12800,16000,'p')]"
168,/Users/ssankey/PycharmProjects/AdvReverb/data/SpeechCommands/speech_commands_v0.02/down/5c8af87a_nohash_1.wav,3,"[(0,3200,'p'),(3200,6400,'p'),(6400,9600,'p'),(9600,12800,'p'),(12800,16000,'p')]"
169,/Users/ssankey/PycharmProjects/AdvReverb/data/SpeechCommands/speech_commands_v0.02/down/e1469561_nohash_0.wav,3,"[(0,3200,'p'),(3200,6400,'p'),(6400,9600,'p'),(9600,12800,'p'),(12800,16000,'p')]"
170,/Users/ssankey/PycharmProjects/AdvReverb/data/SpeechCommands/speech_commands_v0.02/down/7257420c_nohash_0.wav,3,"[(0,3200,'p'),(3200,6400,'p'),(6400,9600,'p'),(9600,12800,'p'),(12800,16000,'p')]"
171,/Users/ssankey/PycharmProjects/AdvReverb/data/SpeechCommands/speech_commands_v0.02/down/18f8afd5_nohash_2.wav,3,"[(0,3200,'p'),(3200,6400,'p'),(6400,9600,'p'),(9600,12800,'p'),(12800,16000,'p')]"
172,/Users/ssankey/PycharmProjects/AdvReverb/data/SpeechCommands/speech_commands_v0.02/down/f2e59fea_nohash_2.wav,3,"[(0,3200,'p'),(3200,6400,'p'),(6400,9600,'p'),(9600,12800,'p'),(12800,16000,'p')]"
173,/Users/ssankey/PycharmProjects/AdvReverb/data/SpeechCommands/speech_commands_v0.02/down/68dd409e_nohash_0.wav,3,"[(0,3200,'p'),(3200,6400,'p'),(6400,9600,'p'),(9600,12800,'p'),(12800,16000,'p')]"
174,/Users/ssankey/PycharmProjects/AdvReverb/data/SpeechCommands/speech_commands_v0.02/down/563aa4e6_nohash_3.wav,3,"[(0,3200,'p'),(3200,6400,'p'),(6400,9600,'p'),(9600,12800,'p'),(12800,16000,'p')]"
175,/Users/ssankey/PycharmProjects/AdvReverb/data/SpeechCommands/speech_commands_v0.02/down/97f4c236_nohash_3.wav,3,"[(0,3200,'p'),(3200,6400,'p'),(6400,9600,'p'),(9600,12800,'p'),(12800,16000,'p')]"
176,/Users/ssankey/PycharmProjects/AdvReverb/data/SpeechCommands/speech_commands_v0.02/down/f428ca69_nohash_0.wav,3,"[(0,3200,'p'),(3200,6400,'p'),(6400,9600,'p'),(9600,12800,'p'),(12800,16000,'p')]"
177,/Users/ssankey/PycharmProjects/AdvReverb/data/SpeechCommands/speech_commands_v0.02/down/af130f12_nohash_2.wav,3,"[(0,3200,'p'),(3200,6400,'p'),(6400,9600,'p'),(9600,12800,'p'),(12800,16000,'p')]"
178,/Users/ssankey/PycharmProjects/AdvReverb/data/SpeechCommands/speech_commands_v0.02/down/bb05582b_nohash_2.wav,3,"[(0,3200,'p'),(3200,6400,'p'),(6400,9600,'p'),(9600,12800,'p'),(12800,16000,'p')]"
179,/Users/ssankey/PycharmProjects/AdvReverb/data/SpeechCommands/speech_commands_v0.02/down/af130f12_nohash_0.wav,3,"[(0,3200,'p'),(3200,6400,'p'),(6400,9600,'p'),(9600,12800,'p'),(12800,16000,'p')]"
180,/Users/ssankey/PycharmProjects/AdvReverb/data/SpeechCommands/speech_commands_v0.02/down/c518d1b1_nohash_0.wav,3,"[(0,3200,'p'),(3200,6400,'p'),(6400,9600,'p'),(9600,12800,'p'),(12800,16000,'p')]"
181,/Users/ssankey/PycharmProjects/AdvReverb/data/SpeechCommands/speech_commands_v0.02/down/bb05582b_nohash_0.wav,3,"[(0,3200,'p'),(3200,6400,'p'),(6400,9600,'p'),(9600,12800,'p'),(12800,16000,'p')]"
182,/Users/ssankey/PycharmProjects/AdvReverb/data/SpeechCommands/speech_commands_v0.02/down/97f4c236_nohash_1.wav,3,"[(0,3200,'p'),(3200,6400,'p'),(6400,9600,'p'),(9600,12800,'p'),(12800,16000,'p')]"
183,/Users/ssankey/PycharmProjects/AdvReverb/data/SpeechCommands/speech_commands_v0.02/down/563aa4e6_nohash_1.wav,3,"[(0,3200,'p'),(3200,6400,'p'),(6400,9600,'p'),(9600,12800,'p'),(12800,16000,'p')]"
184,/Users/ssankey/PycharmProjects/AdvReverb/data/SpeechCommands/speech_commands_v0.02/down/af405b69_nohash_0.wav,3,"[(0,3200,'p'),(3200,6400,'p'),(6400,9600,'p'),(9600,12800,'p'),(12800,16000,'p')]"
185,/Users/ssankey/PycharmProjects/AdvReverb/data/SpeechCommands/speech_commands_v0.02/down/fdb5155e_nohash_1.wav,3,"[(0,3200,'p'),(3200,6400,'p'),(6400,9600,'p'),(9600,12800,'p'),(12800,16000,'p')]"
186,/Users/ssankey/PycharmProjects/AdvReverb/data/SpeechCommands/speech_commands_v0.02/down/adebe223_nohash_0.wav,3,"[(0,3200,'p'),(3200,6400,'p'),(6400,9600,'p'),(9600,12800,'p'),(12800,16000,'p')]"
187,/Users/ssankey/PycharmProjects/AdvReverb/data/SpeechCommands/speech_commands_v0.02/down/f2e59fea_nohash_0.wav,3,"[(0,3200,'p'),(3200,6400,'p'),(6400,9600,'p'),(9600,12800,'p'),(12800,16000,'p')]"
188,/Users/ssankey/PycharmProjects/AdvReverb/data/SpeechCommands/speech_commands_v0.02/down/84d1e469_nohash_0.wav,3,"[(0,3200,'p'),(3200,6400,'p'),(6400,9600,'p'),(9600,12800,'p'),(12800,16000,'p')]"
189,/Users/ssankey/PycharmProjects/AdvReverb/data/SpeechCommands/speech_commands_v0.02/down/18f8afd5_nohash_0.wav,3,"[(0,3200,'p'),(3200,6400,'p'),(6400,9600,'p'),(9600,12800,'p'),(12800,16000,'p')]"
190,/Users/ssankey/PycharmProjects/AdvReverb/data/SpeechCommands/speech_commands_v0.02/down/5b1db3ee_nohash_0.wav,3,"[(0,3200,'p'),(3200,6400,'p'),(6400,9600,'p'),(9600,12800,'p'),(12800,16000,'p')]"
191,/Users/ssankey/PycharmProjects/AdvReverb/data/SpeechCommands/speech_commands_v0.02/down/44260689_nohash_0.wav,3,"[(0,3200,'p'),(3200,6400,'p'),(6400,9600,'p'),(9600,12800,'p'),(12800,16000,'p')]"
192,/Users/ssankey/PycharmProjects/AdvReverb/data/SpeechCommands/speech_commands_v0.02/down/e1469561_nohash_2.wav,3,"[(0,3200,'p'),(3200,6400,'p'),(6400,9600,'p'),(9600,12800,'p'),(12800,16000,'p')]"
193,/Users/ssankey/PycharmProjects/AdvReverb/data/SpeechCommands/speech_commands_v0.02/down/5c8af87a_nohash_3.wav,3,"[(0,3200,'p'),(3200,6400,'p'),(6400,9600,'p'),(9600,12800,'p'),(12800,16000,'p')]"
194,/Users/ssankey/PycharmProjects/AdvReverb/data/SpeechCommands/speech_commands_v0.02/down/6f689791_nohash_1.wav,3,"[(0,3200,'p'),(3200,6400,'p'),(6400,9600,'p'),(9600,12800,'p'),(12800,16000,'p')]"
195,/Users/ssankey/PycharmProjects/AdvReverb/data/SpeechCommands/speech_commands_v0.02/down/692a88e6_nohash_4.wav,3,"[(0,3200,'p'),(3200,6400,'p'),(6400,9600,'p'),(9600,12800,'p'),(12800,16000,'p')]"
196,/Users/ssankey/PycharmProjects/AdvReverb/data/SpeechCommands/speech_commands_v0.02/down/e41a903b_nohash_4.wav,3,"[(0,3200,'p'),(3200,6400,'p'),(6400,9600,'p'),(9600,12800,'p'),(12800,16000,'p')]"
197,/Users/ssankey/PycharmProjects/AdvReverb/data/SpeechCommands/speech_commands_v0.02/down/e49428d9_nohash_3.wav,3,"[(0,3200,'p'),(3200,6400,'p'),(6400,9600,'p'),(9600,12800,'p'),(12800,16000,'p')]"
198,/Users/ssankey/PycharmProjects/AdvReverb/data/SpeechCommands/speech_commands_v0.02/down/837a0f64_nohash_2.wav,3,"[(0,3200,'p'),(3200,6400,'p'),(6400,9600,'p'),(9600,12800,'p'),(12800,16000,'p')]"
199,/Users/ssankey/PycharmProjects/AdvReverb/data/SpeechCommands/speech_commands_v0.02/down/881583a6_nohash_0.wav,3,"[(0,3200,'p'),(3200,6400,'p'),(6400,9600,'p'),(9600,12800,'p'),(12800,16000,'p')]"
200,/Users/ssankey/PycharmProjects/AdvReverb/data/SpeechCommands/speech_commands_v0.02/left/bb05582b_nohash_3.wav,4,"[(0,3200,'p'),(3200,6400,'p'),(6400,9600,'p'),(9600,12800,'p'),(12800,16000,'p')]"
201,/Users/ssankey/PycharmProjects/AdvReverb/data/SpeechCommands/speech_commands_v0.02/left/97f4c236_nohash_2.wav,4,"[(0,3200,'p'),(3200,6400,'p'),(6400,9600,'p'),(9600,12800,'p'),(12800,16000,'p')]"
202,/Users/ssankey/PycharmProjects/AdvReverb/data/SpeechCommands/speech_commands_v0.02/left/563aa4e6_nohash_2.wav,4,"[(0,3200,'p'),(3200,6400,'p'),(6400,9600,'p'),(9600,12800,'p'),(12800,16000,'p')]"
203,/Users/ssankey/PycharmProjects/AdvReverb/data/SpeechCommands/speech_commands_v0.02/left/f428ca69_nohash_1.wav,4,"[(0,3200,'p'),(3200,6400,'p'),(6400,9600,'p'),(9600,12800,'p'),(12800,16000,'p')]"
204,/Users/ssankey/PycharmProjects/AdvReverb/data/SpeechCommands/speech_commands_v0.02/left/68dd409e_nohash_1.wav,4,"[(0,3200,'p'),(3200,6400,'p'),(6400,9600,'p'),(9600,12800,'p'),(12800,16000,'p')]"
205,/Users/ssankey/PycharmProjects/AdvReverb/data/SpeechCommands/speech_commands_v0.02/left/f2e59fea_nohash_3.wav,4,"[(0,3200,'p'),(3200,6400,'p'),(6400,9600,'p'),(9600,12800,'p'),(12800,16000,'p')]"
206,/Users/ssankey/PycharmProjects/AdvReverb/data/SpeechCommands/speech_commands_v0.02/left/aef8dcf5_nohash_0.wav,4,"[(0,3200,'p'),(3200,6400,'p'),(6400,9600,'p'),(9600,12800,'p'),(12800,16000,'p')]"
207,/Users/ssankey/PycharmProjects/AdvReverb/data/SpeechCommands/speech_commands_v0.02/left/dc75148d_nohash_0.wav,4,"[(0,3200,'p'),(3200,6400,'p'),(6400,9600,'p'),(9600,12800,'p'),(12800,16000,'p')]"
208,/Users/ssankey/PycharmProjects/AdvReverb/data/SpeechCommands/speech_commands_v0.02/left/cfbedff9_nohash_4.wav,4,"[(0,3200,'p'),(3200,6400,'p'),(6400,9600,'p'),(9600,12800,'p'),(12800,16000,'p')]"
209,/Users/ssankey/PycharmProjects/AdvReverb/data/SpeechCommands/speech_commands_v0.02/left/e1469561_nohash_1.wav,4,"[(0,3200,'p'),(3200,6400,'p'),(6400,9600,'p'),(9600,12800,'p'),(12800,16000,'p')]"
210,/Users/ssankey/PycharmProjects/AdvReverb/data/SpeechCommands/speech_commands_v0.02/left/5c8af87a_nohash_0.wav,4,"[(0,3200,'p'),(3200,6400,'p'),(6400,9600,'p'),(9600,12800,'p'),(12800,16000,'p')]"
211,/Users/ssankey/PycharmProjects/AdvReverb/data/SpeechCommands/speech_commands_v0.02/left/aa48c94a_nohash_0.wav,4,"[(0,3200,'p'),(3200,6400,'p'),(6400,9600,'p'),(9600,12800,'p'),(12800,16000,'p')]"
212,/Users/ssankey/PycharmProjects/AdvReverb/data/SpeechCommands/speech_commands_v0.02/left/837a0f64_nohash_1.wav,4,"[(0,3200,'p'),(3200,6400,'p'),(6400,9600,'p'),(9600,12800,'p'),(12800,16000,'p')]"
213,/Users/ssankey/PycharmProjects/AdvReverb/data/SpeechCommands/speech_commands_v0.02/left/e49428d9_nohash_0.wav,4,"[(0,3200,'p'),(3200,6400,'p'),(6400,9600,'p'),(9600,12800,'p'),(12800,16000,'p')]"
214,/Users/ssankey/PycharmProjects/AdvReverb/data/SpeechCommands/speech_commands_v0.02/left/c7124b73_nohash_0.wav,4,"[(0,3200,'p'),(3200,6400,'p'),(6400,9600,'p'),(9600,12800,'p'),(12800,16000,'p')]"
215,/Users/ssankey/PycharmProjects/AdvReverb/data/SpeechCommands/speech_commands_v0.02/left/c7124b73_nohash_1.wav,4,"[(0,3200,'p'),(3200,6400,'p'),(6400,9600,'p'),(9600,12800,'p'),(12800,16000,'p')]"
216,/Users/ssankey/PycharmProjects/AdvReverb/data/SpeechCommands/speech_commands_v0.02/left/9d4bab4f_nohash_0.wav,4,"[(0,3200,'p'),(3200,6400,'p'),(6400,9600,'p'),(9600,12800,'p'),(12800,16000,'p')]"
217,/Users/ssankey/PycharmProjects/AdvReverb/data/SpeechCommands/speech_commands_v0.02/left/837a0f64_nohash_0.wav,4,"[(0,3200,'p'),(3200,6400,'p'),(6400,9600,'p'),(9600,12800,'p'),(12800,16000,'p')]"
218,/Users/ssankey/PycharmProjects/AdvReverb/data/SpeechCommands/speech_commands_v0.02/left/28497c5b_nohash_0.wav,4,"[(0,3200,'p'),(3200,6400,'p'),(6400,9600,'p'),(9600,12800,'p'),(12800,16000,'p')]"
219,/Users/ssankey/PycharmProjects/AdvReverb/data/SpeechCommands/speech_commands_v0.02/left/e49428d9_nohash_1.wav,4,"[(0,3200,'p'),(3200,6400,'p'),(6400,9600,'p'),(9600,12800,'p'),(12800,16000,'p')]"
220,/Users/ssankey/PycharmProjects/AdvReverb/data/SpeechCommands/speech_commands_v0.02/left/aa80f517_nohash_4.wav,4,"[(0,3200,'p'),(3200,6400,'p'),(6400,9600,'p'),(9600,12800,'p'),(12800,16000,'p')]"
221,/Users/ssankey/PycharmProjects/AdvReverb/data/SpeechCommands/speech_commands_v0.02/left/5c8af87a_nohash_1.wav,4,"[(0,3200,'p'),(3200,6400,'p'),(6400,9600,'p'),(9600,12800,'p'),(12800,16000,'p')]"
222,/Users/ssankey/PycharmProjects/AdvReverb/data/SpeechCommands/speech_commands_v0.02/left/e1469561_nohash_0.wav,4,"[(0,3200,'p'),(3200,6400,'p'),(6400,9600,'p'),(9600,12800,'p'),(12800,16000,'p')]"
223,/Users/ssankey/PycharmProjects/AdvReverb/data/SpeechCommands/speech_commands_v0.02/left/7257420c_nohash_0.wav,4,"[(0,3200,'p'),(3200,6400,'p'),(6400,9600,'p'),(9600,12800,'p'),(12800,16000,'p')]"
224,/Users/ssankey/PycharmProjects/AdvReverb/data/SpeechCommands/speech_commands_v0.02/left/dc75148d_nohash_1.wav,4,"[(0,3200,'p'),(3200,6400,'p'),(6400,9600,'p'),(9600,12800,'p'),(12800,16000,'p')]"
225,/Users/ssankey/PycharmProjects/AdvReverb/data/SpeechCommands/speech_commands_v0.02/left/f2e59fea_nohash_2.wav,4,"[(0,3200,'p'),(3200,6400,'p'),(6400,9600,'p'),(9600,12800,'p'),(12800,16000,'p')]"
226,/Users/ssankey/PycharmProjects/AdvReverb/data/SpeechCommands/speech_commands_v0.02/left/68dd409e_nohash_0.wav,4,"[(0,3200,'p'),(3200,6400,'p'),(6400,9600,'p'),(9600,12800,'p'),(12800,16000,'p')]"
227,/Users/ssankey/PycharmProjects/AdvReverb/data/SpeechCommands/speech_commands_v0.02/left/563aa4e6_nohash_3.wav,4,"[(0,3200,'p'),(3200,6400,'p'),(6400,9600,'p'),(9600,12800,'p'),(12800,16000,'p')]"
228,/Users/ssankey/PycharmProjects/AdvReverb/data/SpeechCommands/speech_commands_v0.02/left/97f4c236_nohash_3.wav,4,"[(0,3200,'p'),(3200,6400,'p'),(6400,9600,'p'),(9600,12800,'p'),(12800,16000,'p')]"
229,/Users/ssankey/PycharmProjects/AdvReverb/data/SpeechCommands/speech_commands_v0.02/left/f428ca69_nohash_0.wav,4,"[(0,3200,'p'),(3200,6400,'p'),(6400,9600,'p'),(9600,12800,'p'),(12800,16000,'p')]"
230,/Users/ssankey/PycharmProjects/AdvReverb/data/SpeechCommands/speech_commands_v0.02/left/bb05582b_nohash_2.wav,4,"[(0,3200,'p'),(3200,6400,'p'),(6400,9600,'p'),(9600,12800,'p'),(12800,16000,'p')]"
231,/Users/ssankey/PycharmProjects/AdvReverb/data/SpeechCommands/speech_commands_v0.02/left/bb05582b_nohash_0.wav,4,"[(0,3200,'p'),(3200,6400,'p'),(6400,9600,'p'),(9600,12800,'p'),(12800,16000,'p')]"
232,/Users/ssankey/PycharmProjects/AdvReverb/data/SpeechCommands/speech_commands_v0.02/left/f428ca69_nohash_2.wav,4,"[(0,3200,'p'),(3200,6400,'p'),(6400,9600,'p'),(9600,12800,'p'),(12800,16000,'p')]"
233,/Users/ssankey/PycharmProjects/AdvReverb/data/SpeechCommands/speech_commands_v0.02/left/97f4c236_nohash_1.wav,4,"[(0,3200,'p'),(3200,6400,'p'),(6400,9600,'p'),(9600,12800,'p'),(12800,16000,'p')]"
234,/Users/ssankey/PycharmProjects/AdvReverb/data/SpeechCommands/speech_commands_v0.02/left/563aa4e6_nohash_1.wav,4,"[(0,3200,'p'),(3200,6400,'p'),(6400,9600,'p'),(9600,12800,'p'),(12800,16000,'p')]"
235,/Users/ssankey/PycharmProjects/AdvReverb/data/SpeechCommands/speech_commands_v0.02/left/adebe223_nohash_0.wav,4,"[(0,3200,'p'),(3200,6400,'p'),(6400,9600,'p'),(9600,12800,'p'),(12800,16000,'p')]"
236,/Users/ssankey/PycharmProjects/AdvReverb/data/SpeechCommands/speech_commands_v0.02/left/f2e59fea_nohash_0.wav,4,"[(0,3200,'p'),(3200,6400,'p'),(6400,9600,'p'),(9600,12800,'p'),(12800,16000,'p')]"
237,/Users/ssankey/PycharmProjects/AdvReverb/data/SpeechCommands/speech_commands_v0.02/left/18f8afd5_nohash_0.wav,4,"[(0,3200,'p'),(3200,6400,'p'),(6400,9600,'p'),(9600,12800,'p'),(12800,16000,'p')]"
238,/Users/ssankey/PycharmProjects/AdvReverb/data/SpeechCommands/speech_commands_v0.02/left/5b1db3ee_nohash_0.wav,4,"[(0,3200,'p'),(3200,6400,'p'),(6400,9600,'p'),(9600,12800,'p'),(12800,16000,'p')]"
239,/Users/ssankey/PycharmProjects/AdvReverb/data/SpeechCommands/speech_commands_v0.02/left/44260689_nohash_0.wav,4,"[(0,3200,'p'),(3200,6400,'p'),(6400,9600,'p'),(9600,12800,'p'),(12800,16000,'p')]"
240,/Users/ssankey/PycharmProjects/AdvReverb/data/SpeechCommands/speech_commands_v0.02/left/e1469561_nohash_2.wav,4,"[(0,3200,'p'),(3200,6400,'p'),(6400,9600,'p'),(9600,12800,'p'),(12800,16000,'p')]"
241,/Users/ssankey/PycharmProjects/AdvReverb/data/SpeechCommands/speech_commands_v0.02/left/5c8af87a_nohash_3.wav,4,"[(0,3200,'p'),(3200,6400,'p'),(6400,9600,'p'),(9600,12800,'p'),(12800,16000,'p')]"
242,/Users/ssankey/PycharmProjects/AdvReverb/data/SpeechCommands/speech_commands_v0.02/left/692a88e6_nohash_4.wav,4,"[(0,3200,'p'),(3200,6400,'p'),(6400,9600,'p'),(9600,12800,'p'),(12800,16000,'p')]"
243,/Users/ssankey/PycharmProjects/AdvReverb/data/SpeechCommands/speech_commands_v0.02/left/e41a903b_nohash_4.wav,4,"[(0,3200,'p'),(3200,6400,'p'),(6400,9600,'p'),(9600,12800,'p'),(12800,16000,'p')]"
244,/Users/ssankey/PycharmProjects/AdvReverb/data/SpeechCommands/speech_commands_v0.02/left/f0ae7203_nohash_0.wav,4,"[(0,3200,'p'),(3200,6400,'p'),(6400,9600,'p'),(9600,12800,'p'),(12800,16000,'p')]"
245,/Users/ssankey/PycharmProjects/AdvReverb/data/SpeechCommands/speech_commands_v0.02/left/837a0f64_nohash_2.wav,4,"[(0,3200,'p'),(3200,6400,'p'),(6400,9600,'p'),(9600,12800,'p'),(12800,16000,'p')]"
246,/Users/ssankey/PycharmProjects/AdvReverb/data/SpeechCommands/speech_commands_v0.02/left/e49428d9_nohash_2.wav,4,"[(0,3200,'p'),(3200,6400,'p'),(6400,9600,'p'),(9600,12800,'p'),(12800,16000,'p')]"
247,/Users/ssankey/PycharmProjects/AdvReverb/data/SpeechCommands/speech_commands_v0.02/left/837a0f64_nohash_3.wav,4,"[(0,3200,'p'),(3200,6400,'p'),(6400,9600,'p'),(9600,12800,'p'),(12800,16000,'p')]"
248,/Users/ssankey/PycharmProjects/AdvReverb/data/SpeechCommands/speech_commands_v0.02/left/d91a159e_nohash_0.wav,4,"[(0,3200,'p'),(3200,6400,'p'),(6400,9600,'p'),(9600,12800,'p'),(12800,16000,'p')]"
249,/Users/ssankey/PycharmProjects/AdvReverb/data/SpeechCommands/speech_commands_v0.02/left/8c7f81df_nohash_0.wav,4,"[(0,3200,'p'),(3200,6400,'p'),(6400,9600,'p'),(9600,12800,'p'),(12800,16000,'p')]"
250,/Users/ssankey/PycharmProjects/AdvReverb/data/SpeechCommands/speech_commands_v0.02/right/bb05582b_nohash_3.wav,5,"[(0,3200,'p'),(3200,6400,'p'),(6400,9600,'p'),(9600,12800,'p'),(12800,16000,'p')]"
251,/Users/ssankey/PycharmProjects/AdvReverb/data/SpeechCommands/speech_commands_v0.02/right/97f4c236_nohash_2.wav,5,"[(0,3200,'p'),(3200,6400,'p'),(6400,9600,'p'),(9600,12800,'p'),(12800,16000,'p')]"
252,/Users/ssankey/PycharmProjects/AdvReverb/data/SpeechCommands/speech_commands_v0.02/right/f2e59fea_nohash_3.wav,5,"[(0,3200,'p'),(3200,6400,'p'),(6400,9600,'p'),(9600,12800,'p'),(12800,16000,'p')]"
253,/Users/ssankey/PycharmProjects/AdvReverb/data/SpeechCommands/speech_commands_v0.02/right/fdb5155e_nohash_2.wav,5,"[(0,3200,'p'),(3200,6400,'p'),(6400,9600,'p'),(9600,12800,'p'),(12800,16000,'p')]"
254,/Users/ssankey/PycharmProjects/AdvReverb/data/SpeechCommands/speech_commands_v0.02/right/dc75148d_nohash_0.wav,5,"[(0,3200,'p'),(3200,6400,'p'),(6400,9600,'p'),(9600,12800,'p'),(12800,16000,'p')]"
255,/Users/ssankey/PycharmProjects/AdvReverb/data/SpeechCommands/speech_commands_v0.02/right/3f170018_nohash_0.wav,5,"[(0,3200,'p'),(3200,6400,'p'),(6400,9600,'p'),(9600,12800,'p'),(12800,16000,'p')]"
256,/Users/ssankey/PycharmProjects/AdvReverb/data/SpeechCommands/speech_commands_v0.02/right/18f8afd5_nohash_3.wav,5,"[(0,3200,'p'),(3200,6400,'p'),(6400,9600,'p'),(9600,12800,'p'),(12800,16000,'p')]"
257,/Users/ssankey/PycharmProjects/AdvReverb/data/SpeechCommands/speech_commands_v0.02/right/e1469561_nohash_1.wav,5,"[(0,3200,'p'),(3200,6400,'p'),(6400,9600,'p'),(9600,12800,'p'),(12800,16000,'p')]"
258,/Users/ssankey/PycharmProjects/AdvReverb/data/SpeechCommands/speech_commands_v0.02/right/5c8af87a_nohash_0.wav,5,"[(0,3200,'p'),(3200,6400,'p'),(6400,9600,'p'),(9600,12800,'p'),(12800,16000,'p')]"
259,/Users/ssankey/PycharmProjects/AdvReverb/data/SpeechCommands/speech_commands_v0.02/right/aa48c94a_nohash_0.wav,5,"[(0,3200,'p'),(3200,6400,'p'),(6400,9600,'p'),(9600,12800,'p'),(12800,16000,'p')]"
260,/Users/ssankey/PycharmProjects/AdvReverb/data/SpeechCommands/speech_commands_v0.02/right/837a0f64_nohash_1.wav,5,"[(0,3200,'p'),(3200,6400,'p'),(6400,9600,'p'),(9600,12800,'p'),(12800,16000,'p')]"
261,/Users/ssankey/PycharmProjects/AdvReverb/data/SpeechCommands/speech_commands_v0.02/right/e49428d9_nohash_0.wav,5,"[(0,3200,'p'),(3200,6400,'p'),(6400,9600,'p'),(9600,12800,'p'),(12800,16000,'p')]"
262,/Users/ssankey/PycharmProjects/AdvReverb/data/SpeechCommands/speech_commands_v0.02/right/c7124b73_nohash_0.wav,5,"[(0,3200,'p'),(3200,6400,'p'),(6400,9600,'p'),(9600,12800,'p'),(12800,16000,'p')]"
263,/Users/ssankey/PycharmProjects/AdvReverb/data/SpeechCommands/speech_commands_v0.02/right/c7124b73_nohash_1.wav,5,"[(0,3200,'p'),(3200,6400,'p'),(6400,9600,'p'),(9600,12800,'p'),(12800,16000,'p')]"
264,/Users/ssankey/PycharmProjects/AdvReverb/data/SpeechCommands/speech_commands_v0.02/right/9d4bab4f_nohash_0.wav,5,"[(0,3200,'p'),(3200,6400,'p'),(6400,9600,'p'),(9600,12800,'p'),(12800,16000,'p')]"
265,/Users/ssankey/PycharmProjects/AdvReverb/data/SpeechCommands/speech_commands_v0.02/right/837a0f64_nohash_0.wav,5,"[(0,3200,'p'),(3200,6400,'p'),(6400,9600,'p'),(9600,12800,'p'),(12800,16000,'p')]"
266,/Users/ssankey/PycharmProjects/AdvReverb/data/SpeechCommands/speech_commands_v0.02/right/e49428d9_nohash_1.wav,5,"[(0,3200,'p'),(3200,6400,'p'),(6400,9600,'p'),(9600,12800,'p'),(12800,16000,'p')]"
267,/Users/ssankey/PycharmProjects/AdvReverb/data/SpeechCommands/speech_commands_v0.02/right/f0ae7203_nohash_2.wav,5,"[(0,3200,'p'),(3200,6400,'p'),(6400,9600,'p'),(9600,12800,'p'),(12800,16000,'p')]"
268,/Users/ssankey/PycharmProjects/AdvReverb/data/SpeechCommands/speech_commands_v0.02/right/aa80f517_nohash_4.wav,5,"[(0,3200,'p'),(3200,6400,'p'),(6400,9600,'p'),(9600,12800,'p'),(12800,16000,'p')]"
269,/Users/ssankey/PycharmProjects/AdvReverb/data/SpeechCommands/speech_commands_v0.02/right/aa48c94a_nohash_1.wav,5,"[(0,3200,'p'),(3200,6400,'p'),(6400,9600,'p'),(9600,12800,'p'),(12800,16000,'p')]"
270,/Users/ssankey/PycharmProjects/AdvReverb/data/SpeechCommands/speech_commands_v0.02/right/5c8af87a_nohash_1.wav,5,"[(0,3200,'p'),(3200,6400,'p'),(6400,9600,'p'),(9600,12800,'p'),(12800,16000,'p')]"
271,/Users/ssankey/PycharmProjects/AdvReverb/data/SpeechCommands/speech_commands_v0.02/right/e1469561_nohash_0.wav,5,"[(0,3200,'p'),(3200,6400,'p'),(6400,9600,'p'),(9600,12800,'p'),(12800,16000,'p')]"
272,/Users/ssankey/PycharmProjects/AdvReverb/data/SpeechCommands/speech_commands_v0.02/right/7257420c_nohash_0.wav,5,"[(0,3200,'p'),(3200,6400,'p'),(6400,9600,'p'),(9600,12800,'p'),(12800,16000,'p')]"
273,/Users/ssankey/PycharmProjects/AdvReverb/data/SpeechCommands/speech_commands_v0.02/right/18f8afd5_nohash_2.wav,5,"[(0,3200,'p'),(3200,6400,'p'),(6400,9600,'p'),(9600,12800,'p'),(12800,16000,'p')]"
274,/Users/ssankey/PycharmProjects/AdvReverb/data/SpeechCommands/speech_commands_v0.02/right/3f170018_nohash_1.wav,5,"[(0,3200,'p'),(3200,6400,'p'),(6400,9600,'p'),(9600,12800,'p'),(12800,16000,'p')]"
275,/Users/ssankey/PycharmProjects/AdvReverb/data/SpeechCommands/speech_commands_v0.02/right/f2e59fea_nohash_2.wav,5,"[(0,3200,'p'),(3200,6400,'p'),(6400,9600,'p'),(9600,12800,'p'),(12800,16000,'p')]"
276,/Users/ssankey/PycharmProjects/AdvReverb/data/SpeechCommands/speech_commands_v0.02/right/68dd409e_nohash_0.wav,5,"[(0,3200,'p'),(3200,6400,'p'),(6400,9600,'p'),(9600,12800,'p'),(12800,16000,'p')]"
277,/Users/ssankey/PycharmProjects/AdvReverb/data/SpeechCommands/speech_commands_v0.02/right/82d0d3ba_nohash_0.wav,5,"[(0,3200,'p'),(3200,6400,'p'),(6400,9600,'p'),(9600,12800,'p'),(12800,16000,'p')]"
278,/Users/ssankey/PycharmProjects/AdvReverb/data/SpeechCommands/speech_commands_v0.02/right/97f4c236_nohash_3.wav,5,"[(0,3200,'p'),(3200,6400,'p'),(6400,9600,'p'),(9600,12800,'p'),(12800,16000,'p')]"
279,/Users/ssankey/PycharmProjects/AdvReverb/data/SpeechCommands/speech_commands_v0.02/right/f428ca69_nohash_0.wav,5,"[(0,3200,'p'),(3200,6400,'p'),(6400,9600,'p'),(9600,12800,'p'),(12800,16000,'p')]"
280,/Users/ssankey/PycharmProjects/AdvReverb/data/SpeechCommands/speech_commands_v0.02/right/bb05582b_nohash_2.wav,5,"[(0,3200,'p'),(3200,6400,'p'),(6400,9600,'p'),(9600,12800,'p'),(12800,16000,'p')]"
281,/Users/ssankey/PycharmProjects/AdvReverb/data/SpeechCommands/speech_commands_v0.02/right/bb05582b_nohash_0.wav,5,"[(0,3200,'p'),(3200,6400,'p'),(6400,9600,'p'),(9600,12800,'p'),(12800,16000,'p')]"
282,/Users/ssankey/PycharmProjects/AdvReverb/data/SpeechCommands/speech_commands_v0.02/right/62ff07ef_nohash_0.wav,5,"[(0,3200,'p'),(3200,6400,'p'),(6400,9600,'p'),(9600,12800,'p'),(12800,16000,'p')]"
283,/Users/ssankey/PycharmProjects/AdvReverb/data/SpeechCommands/speech_commands_v0.02/right/97f4c236_nohash_1.wav,5,"[(0,3200,'p'),(3200,6400,'p'),(6400,9600,'p'),(9600,12800,'p'),(12800,16000,'p')]"
284,/Users/ssankey/PycharmProjects/AdvReverb/data/SpeechCommands/speech_commands_v0.02/right/563aa4e6_nohash_1.wav,5,"[(0,3200,'p'),(3200,6400,'p'),(6400,9600,'p'),(9600,12800,'p'),(12800,16000,'p')]"
285,/Users/ssankey/PycharmProjects/AdvReverb/data/SpeechCommands/speech_commands_v0.02/right/af405b69_nohash_0.wav,5,"[(0,3200,'p'),(3200,6400,'p'),(6400,9600,'p'),(9600,12800,'p'),(12800,16000,'p')]"
286,/Users/ssankey/PycharmProjects/AdvReverb/data/SpeechCommands/speech_commands_v0.02/right/fdb5155e_nohash_1.wav,5,"[(0,3200,'p'),(3200,6400,'p'),(6400,9600,'p'),(9600,12800,'p'),(12800,16000,'p')]"
287,/Users/ssankey/PycharmProjects/AdvReverb/data/SpeechCommands/speech_commands_v0.02/right/f2e59fea_nohash_0.wav,5,"[(0,3200,'p'),(3200,6400,'p'),(6400,9600,'p'),(9600,12800,'p'),(12800,16000,'p')]"
288,/Users/ssankey/PycharmProjects/AdvReverb/data/SpeechCommands/speech_commands_v0.02/right/8fe52b97_nohash_1.wav,5,"[(0,3200,'p'),(3200,6400,'p'),(6400,9600,'p'),(9600,12800,'p'),(12800,16000,'p')]"
289,/Users/ssankey/PycharmProjects/AdvReverb/data/SpeechCommands/speech_commands_v0.02/right/18f8afd5_nohash_0.wav,5,"[(0,3200,'p'),(3200,6400,'p'),(6400,9600,'p'),(9600,12800,'p'),(12800,16000,'p')]"
290,/Users/ssankey/PycharmProjects/AdvReverb/data/SpeechCommands/speech_commands_v0.02/right/5b1db3ee_nohash_0.wav,5,"[(0,3200,'p'),(3200,6400,'p'),(6400,9600,'p'),(9600,12800,'p'),(12800,16000,'p')]"
291,/Users/ssankey/PycharmProjects/AdvReverb/data/SpeechCommands/speech_commands_v0.02/right/e1469561_nohash_2.wav,5,"[(0,3200,'p'),(3200,6400,'p'),(6400,9600,'p'),(9600,12800,'p'),(12800,16000,'p')]"
292,/Users/ssankey/PycharmProjects/AdvReverb/data/SpeechCommands/speech_commands_v0.02/right/692a88e6_nohash_4.wav,5,"[(0,3200,'p'),(3200,6400,'p'),(6400,9600,'p'),(9600,12800,'p'),(12800,16000,'p')]"
293,/Users/ssankey/PycharmProjects/AdvReverb/data/SpeechCommands/speech_commands_v0.02/right/e41a903b_nohash_4.wav,5,"[(0,3200,'p'),(3200,6400,'p'),(6400,9600,'p'),(9600,12800,'p'),(12800,16000,'p')]"
294,/Users/ssankey/PycharmProjects/AdvReverb/data/SpeechCommands/speech_commands_v0.02/right/8c7f81df_nohash_1.wav,5,"[(0,3200,'p'),(3200,6400,'p'),(6400,9600,'p'),(9600,12800,'p'),(12800,16000,'p')]"
295,/Users/ssankey/PycharmProjects/AdvReverb/data/SpeechCommands/speech_commands_v0.02/right/f0ae7203_nohash_0.wav,5,"[(0,3200,'p'),(3200,6400,'p'),(6400,9600,'p'),(9600,12800,'p'),(12800,16000,'p')]"
296,/Users/ssankey/PycharmProjects/AdvReverb/data/SpeechCommands/speech_commands_v0.02/right/e49428d9_nohash_3.wav,5,"[(0,3200,'p'),(3200,6400,'p'),(6400,9600,'p'),(9600,12800,'p'),(12800,16000,'p')]"
297,/Users/ssankey/PycharmProjects/AdvReverb/data/SpeechCommands/speech_commands_v0.02/right/837a0f64_nohash_2.wav,5,"[(0,3200,'p'),(3200,6400,'p'),(6400,9600,'p'),(9600,12800,'p'),(12800,16000,'p')]"
298,/Users/ssankey/PycharmProjects/AdvReverb/data/SpeechCommands/speech_commands_v0.02/right/881583a6_nohash_0.wav,5,"[(0,3200,'p'),(3200,6400,'p'),(6400,9600,'p'),(9600,12800,'p'),(12800,16000,'p')]"
299,/Users/ssankey/PycharmProjects/AdvReverb/data/SpeechCommands/speech_commands_v0.02/right/e49428d9_nohash_2.wav,5,"[(0,3200,'p'),(3200,6400,'p'),(6400,9600,'p'),(9600,12800,'p'),(12800,16000,'p')]"
300,/Users/ssankey/PycharmProjects/AdvReverb/data/SpeechCommands/speech_commands_v0.02/on/97f4c236_nohash_2.wav,6,"[(0,3200,'p'),(3200,6400,'p'),(6400,9600,'p'),(9600,12800,'p'),(12800,16000,'p')]"
301,/Users/ssankey/PycharmProjects/AdvReverb/data/SpeechCommands/speech_commands_v0.02/on/563aa4e6_nohash_2.wav,6,"[(0,3200,'p'),(3200,6400,'p'),(6400,9600,'p'),(9600,12800,'p'),(12800,16000,'p')]"
302,/Users/ssankey/PycharmProjects/AdvReverb/data/SpeechCommands/speech_commands_v0.02/on/f2e59fea_nohash_3.wav,6,"[(0,3200,'p'),(3200,6400,'p'),(6400,9600,'p'),(9600,12800,'p'),(12800,16000,'p')]"
303,/Users/ssankey/PycharmProjects/AdvReverb/data/SpeechCommands/speech_commands_v0.02/on/aef8dcf5_nohash_0.wav,6,"[(0,3200,'p'),(3200,6400,'p'),(6400,9600,'p'),(9600,12800,'p'),(12800,16000,'p')]"
304,/Users/ssankey/PycharmProjects/AdvReverb/data/SpeechCommands/speech_commands_v0.02/on/c9b5ff26_nohash_4.wav,6,"[(0,3200,'p'),(3200,6400,'p'),(6400,9600,'p'),(9600,12800,'p'),(12800,16000,'p')]"
305,/Users/ssankey/PycharmProjects/AdvReverb/data/SpeechCommands/speech_commands_v0.02/on/18f8afd5_nohash_3.wav,6,"[(0,3200,'p'),(3200,6400,'p'),(6400,9600,'p'),(9600,12800,'p'),(12800,16000,'p')]"
306,/Users/ssankey/PycharmProjects/AdvReverb/data/SpeechCommands/speech_commands_v0.02/on/e1469561_nohash_1.wav,6,"[(0,3200,'p'),(3200,6400,'p'),(6400,9600,'p'),(9600,12800,'p'),(12800,16000,'p')]"
307,/Users/ssankey/PycharmProjects/AdvReverb/data/SpeechCommands/speech_commands_v0.02/on/5c8af87a_nohash_0.wav,6,"[(0,3200,'p'),(3200,6400,'p'),(6400,9600,'p'),(9600,12800,'p'),(12800,16000,'p')]"
308,/Users/ssankey/PycharmProjects/AdvReverb/data/SpeechCommands/speech_commands_v0.02/on/aa48c94a_nohash_0.wav,6,"[(0,3200,'p'),(3200,6400,'p'),(6400,9600,'p'),(9600,12800,'p'),(12800,16000,'p')]"
309,/Users/ssankey/PycharmProjects/AdvReverb/data/SpeechCommands/speech_commands_v0.02/on/893705bb_nohash_14.wav,6,"[(0,3200,'p'),(3200,6400,'p'),(6400,9600,'p'),(9600,12800,'p'),(12800,16000,'p')]"
310,/Users/ssankey/PycharmProjects/AdvReverb/data/SpeechCommands/speech_commands_v0.02/on/837a0f64_nohash_1.wav,6,"[(0,3200,'p'),(3200,6400,'p'),(6400,9600,'p'),(9600,12800,'p'),(12800,16000,'p')]"
311,/Users/ssankey/PycharmProjects/AdvReverb/data/SpeechCommands/speech_commands_v0.02/on/e49428d9_nohash_0.wav,6,"[(0,3200,'p'),(3200,6400,'p'),(6400,9600,'p'),(9600,12800,'p'),(12800,16000,'p')]"
312,/Users/ssankey/PycharmProjects/AdvReverb/data/SpeechCommands/speech_commands_v0.02/on/9d4bab4f_nohash_0.wav,6,"[(0,3200,'p'),(3200,6400,'p'),(6400,9600,'p'),(9600,12800,'p'),(12800,16000,'p')]"
313,/Users/ssankey/PycharmProjects/AdvReverb/data/SpeechCommands/speech_commands_v0.02/on/837a0f64_nohash_0.wav,6,"[(0,3200,'p'),(3200,6400,'p'),(6400,9600,'p'),(9600,12800,'p'),(12800,16000,'p')]"
314,/Users/ssankey/PycharmProjects/AdvReverb/data/SpeechCommands/speech_commands_v0.02/on/e49428d9_nohash_1.wav,6,"[(0,3200,'p'),(3200,6400,'p'),(6400,9600,'p'),(9600,12800,'p'),(12800,16000,'p')]"
315,/Users/ssankey/PycharmProjects/AdvReverb/data/SpeechCommands/speech_commands_v0.02/on/5c8af87a_nohash_1.wav,6,"[(0,3200,'p'),(3200,6400,'p'),(6400,9600,'p'),(9600,12800,'p'),(12800,16000,'p')]"
316,/Users/ssankey/PycharmProjects/AdvReverb/data/SpeechCommands/speech_commands_v0.02/on/e1469561_nohash_0.wav,6,"[(0,3200,'p'),(3200,6400,'p'),(6400,9600,'p'),(9600,12800,'p'),(12800,16000,'p')]"
317,/Users/ssankey/PycharmProjects/AdvReverb/data/SpeechCommands/speech_commands_v0.02/on/7257420c_nohash_0.wav,6,"[(0,3200,'p'),(3200,6400,'p'),(6400,9600,'p'),(9600,12800,'p'),(12800,16000,'p')]"
318,/Users/ssankey/PycharmProjects/AdvReverb/data/SpeechCommands/speech_commands_v0.02/on/18f8afd5_nohash_2.wav,6,"[(0,3200,'p'),(3200,6400,'p'),(6400,9600,'p'),(9600,12800,'p'),(12800,16000,'p')]"
319,/Users/ssankey/PycharmProjects/AdvReverb/data/SpeechCommands/speech_commands_v0.02/on/f2e59fea_nohash_2.wav,6,"[(0,3200,'p'),(3200,6400,'p'),(6400,9600,'p'),(9600,12800,'p'),(12800,16000,'p')]"
320,/Users/ssankey/PycharmProjects/AdvReverb/data/SpeechCommands/speech_commands_v0.02/on/68dd409e_nohash_0.wav,6,"[(0,3200,'p'),(3200,6400,'p'),(6400,9600,'p'),(9600,12800,'p'),(12800,16000,'p')]"
321,/Users/ssankey/PycharmProjects/AdvReverb/data/SpeechCommands/speech_commands_v0.02/on/82d0d3ba_nohash_0.wav,6,"[(0,3200,'p'),(3200,6400,'p'),(6400,9600,'p'),(9600,12800,'p'),(12800,16000,'p')]"
322,/Users/ssankey/PycharmProjects/AdvReverb/data/SpeechCommands/speech_commands_v0.02/on/563aa4e6_nohash_3.wav,6,"[(0,3200,'p'),(3200,6400,'p'),(6400,9600,'p'),(9600,12800,'p'),(12800,16000,'p')]"
323,/Users/ssankey/PycharmProjects/AdvReverb/data/SpeechCommands/speech_commands_v0.02/on/97f4c236_nohash_3.wav,6,"[(0,3200,'p'),(3200,6400,'p'),(6400,9600,'p'),(9600,12800,'p'),(12800,16000,'p')]"
324,/Users/ssankey/PycharmProjects/AdvReverb/data/SpeechCommands/speech_commands_v0.02/on/f428ca69_nohash_0.wav,6,"[(0,3200,'p'),(3200,6400,'p'),(6400,9600,'p'),(9600,12800,'p'),(12800,16000,'p')]"
325,/Users/ssankey/PycharmProjects/AdvReverb/data/SpeechCommands/speech_commands_v0.02/on/bb05582b_nohash_2.wav,6,"[(0,3200,'p'),(3200,6400,'p'),(6400,9600,'p'),(9600,12800,'p'),(12800,16000,'p')]"
326,/Users/ssankey/PycharmProjects/AdvReverb/data/SpeechCommands/speech_commands_v0.02/on/c518d1b1_nohash_0.wav,6,"[(0,3200,'p'),(3200,6400,'p'),(6400,9600,'p'),(9600,12800,'p'),(12800,16000,'p')]"
327,/Users/ssankey/PycharmProjects/AdvReverb/data/SpeechCommands/speech_commands_v0.02/on/bb05582b_nohash_0.wav,6,"[(0,3200,'p'),(3200,6400,'p'),(6400,9600,'p'),(9600,12800,'p'),(12800,16000,'p')]"
328,/Users/ssankey/PycharmProjects/AdvReverb/data/SpeechCommands/speech_commands_v0.02/on/62ff07ef_nohash_0.wav,6,"[(0,3200,'p'),(3200,6400,'p'),(6400,9600,'p'),(9600,12800,'p'),(12800,16000,'p')]"
329,/Users/ssankey/PycharmProjects/AdvReverb/data/SpeechCommands/speech_commands_v0.02/on/97f4c236_nohash_1.wav,6,"[(0,3200,'p'),(3200,6400,'p'),(6400,9600,'p'),(9600,12800,'p'),(12800,16000,'p')]"
330,/Users/ssankey/PycharmProjects/AdvReverb/data/SpeechCommands/speech_commands_v0.02/on/563aa4e6_nohash_1.wav,6,"[(0,3200,'p'),(3200,6400,'p'),(6400,9600,'p'),(9600,12800,'p'),(12800,16000,'p')]"
331,/Users/ssankey/PycharmProjects/AdvReverb/data/SpeechCommands/speech_commands_v0.02/on/af405b69_nohash_0.wav,6,"[(0,3200,'p'),(3200,6400,'p'),(6400,9600,'p'),(9600,12800,'p'),(12800,16000,'p')]"
332,/Users/ssankey/PycharmProjects/AdvReverb/data/SpeechCommands/speech_commands_v0.02/on/e9901cf0_nohash_1.wav,6,"[(0,3200,'p'),(3200,6400,'p'),(6400,9600,'p'),(9600,12800,'p'),(12800,16000,'p')]"
333,/Users/ssankey/PycharmProjects/AdvReverb/data/SpeechCommands/speech_commands_v0.02/on/f2e59fea_nohash_0.wav,6,"[(0,3200,'p'),(3200,6400,'p'),(6400,9600,'p'),(9600,12800,'p'),(12800,16000,'p')]"
334,/Users/ssankey/PycharmProjects/AdvReverb/data/SpeechCommands/speech_commands_v0.02/on/84d1e469_nohash_0.wav,6,"[(0,3200,'p'),(3200,6400,'p'),(6400,9600,'p'),(9600,12800,'p'),(12800,16000,'p')]"
335,/Users/ssankey/PycharmProjects/AdvReverb/data/SpeechCommands/speech_commands_v0.02/on/8fe52b97_nohash_1.wav,6,"[(0,3200,'p'),(3200,6400,'p'),(6400,9600,'p'),(9600,12800,'p'),(12800,16000,'p')]"
336,/Users/ssankey/PycharmProjects/AdvReverb/data/SpeechCommands/speech_commands_v0.02/on/18f8afd5_nohash_0.wav,6,"[(0,3200,'p'),(3200,6400,'p'),(6400,9600,'p'),(9600,12800,'p'),(12800,16000,'p')]"
337,/Users/ssankey/PycharmProjects/AdvReverb/data/SpeechCommands/speech_commands_v0.02/on/5b1db3ee_nohash_0.wav,6,"[(0,3200,'p'),(3200,6400,'p'),(6400,9600,'p'),(9600,12800,'p'),(12800,16000,'p')]"
338,/Users/ssankey/PycharmProjects/AdvReverb/data/SpeechCommands/speech_commands_v0.02/on/44260689_nohash_0.wav,6,"[(0,3200,'p'),(3200,6400,'p'),(6400,9600,'p'),(9600,12800,'p'),(12800,16000,'p')]"
339,/Users/ssankey/PycharmProjects/AdvReverb/data/SpeechCommands/speech_commands_v0.02/on/e1469561_nohash_2.wav,6,"[(0,3200,'p'),(3200,6400,'p'),(6400,9600,'p'),(9600,12800,'p'),(12800,16000,'p')]"
340,/Users/ssankey/PycharmProjects/AdvReverb/data/SpeechCommands/speech_commands_v0.02/on/5c8af87a_nohash_3.wav,6,"[(0,3200,'p'),(3200,6400,'p'),(6400,9600,'p'),(9600,12800,'p'),(12800,16000,'p')]"
341,/Users/ssankey/PycharmProjects/AdvReverb/data/SpeechCommands/speech_commands_v0.02/on/6f689791_nohash_1.wav,6,"[(0,3200,'p'),(3200,6400,'p'),(6400,9600,'p'),(9600,12800,'p'),(12800,16000,'p')]"
342,/Users/ssankey/PycharmProjects/AdvReverb/data/SpeechCommands/speech_commands_v0.02/on/692a88e6_nohash_4.wav,6,"[(0,3200,'p'),(3200,6400,'p'),(6400,9600,'p'),(9600,12800,'p'),(12800,16000,'p')]"
343,/Users/ssankey/PycharmProjects/AdvReverb/data/SpeechCommands/speech_commands_v0.02/on/e41a903b_nohash_4.wav,6,"[(0,3200,'p'),(3200,6400,'p'),(6400,9600,'p'),(9600,12800,'p'),(12800,16000,'p')]"
344,/Users/ssankey/PycharmProjects/AdvReverb/data/SpeechCommands/speech_commands_v0.02/on/8c7f81df_nohash_1.wav,6,"[(0,3200,'p'),(3200,6400,'p'),(6400,9600,'p'),(9600,12800,'p'),(12800,16000,'p')]"
345,/Users/ssankey/PycharmProjects/AdvReverb/data/SpeechCommands/speech_commands_v0.02/on/f0ae7203_nohash_0.wav,6,"[(0,3200,'p'),(3200,6400,'p'),(6400,9600,'p'),(9600,12800,'p'),(12800,16000,'p')]"
346,/Users/ssankey/PycharmProjects/AdvReverb/data/SpeechCommands/speech_commands_v0.02/on/e49428d9_nohash_3.wav,6,"[(0,3200,'p'),(3200,6400,'p'),(6400,9600,'p'),(9600,12800,'p'),(12800,16000,'p')]"
347,/Users/ssankey/PycharmProjects/AdvReverb/data/SpeechCommands/speech_commands_v0.02/on/837a0f64_nohash_2.wav,6,"[(0,3200,'p'),(3200,6400,'p'),(6400,9600,'p'),(9600,12800,'p'),(12800,16000,'p')]"
348,/Users/ssankey/PycharmProjects/AdvReverb/data/SpeechCommands/speech_commands_v0.02/on/e49428d9_nohash_2.wav,6,"[(0,3200,'p'),(3200,6400,'p'),(6400,9600,'p'),(9600,12800,'p'),(12800,16000,'p')]"
349,/Users/ssankey/PycharmProjects/AdvReverb/data/SpeechCommands/speech_commands_v0.02/on/837a0f64_nohash_3.wav,6,"[(0,3200,'p'),(3200,6400,'p'),(6400,9600,'p'),(9600,12800,'p'),(12800,16000,'p')]"
350,/Users/ssankey/PycharmProjects/AdvReverb/data/SpeechCommands/speech_commands_v0.02/off/bb05582b_nohash_3.wav,7,"[(0,3200,'p'),(3200,6400,'p'),(6400,9600,'p'),(9600,12800,'p'),(12800,16000,'p')]"
351,/Users/ssankey/PycharmProjects/AdvReverb/data/SpeechCommands/speech_commands_v0.02/off/97f4c236_nohash_2.wav,7,"[(0,3200,'p'),(3200,6400,'p'),(6400,9600,'p'),(9600,12800,'p'),(12800,16000,'p')]"
352,/Users/ssankey/PycharmProjects/AdvReverb/data/SpeechCommands/speech_commands_v0.02/off/563aa4e6_nohash_2.wav,7,"[(0,3200,'p'),(3200,6400,'p'),(6400,9600,'p'),(9600,12800,'p'),(12800,16000,'p')]"
353,/Users/ssankey/PycharmProjects/AdvReverb/data/SpeechCommands/speech_commands_v0.02/off/f428ca69_nohash_1.wav,7,"[(0,3200,'p'),(3200,6400,'p'),(6400,9600,'p'),(9600,12800,'p'),(12800,16000,'p')]"
354,/Users/ssankey/PycharmProjects/AdvReverb/data/SpeechCommands/speech_commands_v0.02/off/68dd409e_nohash_1.wav,7,"[(0,3200,'p'),(3200,6400,'p'),(6400,9600,'p'),(9600,12800,'p'),(12800,16000,'p')]"
355,/Users/ssankey/PycharmProjects/AdvReverb/data/SpeechCommands/speech_commands_v0.02/off/aef8dcf5_nohash_0.wav,7,"[(0,3200,'p'),(3200,6400,'p'),(6400,9600,'p'),(9600,12800,'p'),(12800,16000,'p')]"
356,/Users/ssankey/PycharmProjects/AdvReverb/data/SpeechCommands/speech_commands_v0.02/off/dc75148d_nohash_0.wav,7,"[(0,3200,'p'),(3200,6400,'p'),(6400,9600,'p'),(9600,12800,'p'),(12800,16000,'p')]"
357,/Users/ssankey/PycharmProjects/AdvReverb/data/SpeechCommands/speech_commands_v0.02/off/c9b5ff26_nohash_4.wav,7,"[(0,3200,'p'),(3200,6400,'p'),(6400,9600,'p'),(9600,12800,'p'),(12800,16000,'p')]"
358,/Users/ssankey/PycharmProjects/AdvReverb/data/SpeechCommands/speech_commands_v0.02/off/84d1e469_nohash_3.wav,7,"[(0,3200,'p'),(3200,6400,'p'),(6400,9600,'p'),(9600,12800,'p'),(12800,16000,'p')]"
359,/Users/ssankey/PycharmProjects/AdvReverb/data/SpeechCommands/speech_commands_v0.02/off/3f170018_nohash_0.wav,7,"[(0,3200,'p'),(3200,6400,'p'),(6400,9600,'p'),(9600,12800,'p'),(12800,16000,'p')]"
360,/Users/ssankey/PycharmProjects/AdvReverb/data/SpeechCommands/speech_commands_v0.02/off/18f8afd5_nohash_3.wav,7,"[(0,3200,'p'),(3200,6400,'p'),(6400,9600,'p'),(9600,12800,'p'),(12800,16000,'p')]"
361,/Users/ssankey/PycharmProjects/AdvReverb/data/SpeechCommands/speech_commands_v0.02/off/e1469561_nohash_1.wav,7,"[(0,3200,'p'),(3200,6400,'p'),(6400,9600,'p'),(9600,12800,'p'),(12800,16000,'p')]"
362,/Users/ssankey/PycharmProjects/AdvReverb/data/SpeechCommands/speech_commands_v0.02/off/5c8af87a_nohash_0.wav,7,"[(0,3200,'p'),(3200,6400,'p'),(6400,9600,'p'),(9600,12800,'p'),(12800,16000,'p')]"
363,/Users/ssankey/PycharmProjects/AdvReverb/data/SpeechCommands/speech_commands_v0.02/off/aa48c94a_nohash_0.wav,7,"[(0,3200,'p'),(3200,6400,'p'),(6400,9600,'p'),(9600,12800,'p'),(12800,16000,'p')]"
364,/Users/ssankey/PycharmProjects/AdvReverb/data/SpeechCommands/speech_commands_v0.02/off/d1bf406b_nohash_0.wav,7,"[(0,3200,'p'),(3200,6400,'p'),(6400,9600,'p'),(9600,12800,'p'),(12800,16000,'p')]"
365,/Users/ssankey/PycharmProjects/AdvReverb/data/SpeechCommands/speech_commands_v0.02/off/c7124b73_nohash_0.wav,7,"[(0,3200,'p'),(3200,6400,'p'),(6400,9600,'p'),(9600,12800,'p'),(12800,16000,'p')]"
366,/Users/ssankey/PycharmProjects/AdvReverb/data/SpeechCommands/speech_commands_v0.02/off/9d4bab4f_nohash_0.wav,7,"[(0,3200,'p'),(3200,6400,'p'),(6400,9600,'p'),(9600,12800,'p'),(12800,16000,'p')]"
367,/Users/ssankey/PycharmProjects/AdvReverb/data/SpeechCommands/speech_commands_v0.02/off/837a0f64_nohash_0.wav,7,"[(0,3200,'p'),(3200,6400,'p'),(6400,9600,'p'),(9600,12800,'p'),(12800,16000,'p')]"
368,/Users/ssankey/PycharmProjects/AdvReverb/data/SpeechCommands/speech_commands_v0.02/off/aa80f517_nohash_4.wav,7,"[(0,3200,'p'),(3200,6400,'p'),(6400,9600,'p'),(9600,12800,'p'),(12800,16000,'p')]"
369,/Users/ssankey/PycharmProjects/AdvReverb/data/SpeechCommands/speech_commands_v0.02/off/5c8af87a_nohash_1.wav,7,"[(0,3200,'p'),(3200,6400,'p'),(6400,9600,'p'),(9600,12800,'p'),(12800,16000,'p')]"
370,/Users/ssankey/PycharmProjects/AdvReverb/data/SpeechCommands/speech_commands_v0.02/off/24ad3ebe_nohash_0.wav,7,"[(0,3200,'p'),(3200,6400,'p'),(6400,9600,'p'),(9600,12800,'p'),(12800,16000,'p')]"
371,/Users/ssankey/PycharmProjects/AdvReverb/data/SpeechCommands/speech_commands_v0.02/off/e1469561_nohash_0.wav,7,"[(0,3200,'p'),(3200,6400,'p'),(6400,9600,'p'),(9600,12800,'p'),(12800,16000,'p')]"
372,/Users/ssankey/PycharmProjects/AdvReverb/data/SpeechCommands/speech_commands_v0.02/off/7257420c_nohash_0.wav,7,"[(0,3200,'p'),(3200,6400,'p'),(6400,9600,'p'),(9600,12800,'p'),(12800,16000,'p')]"
373,/Users/ssankey/PycharmProjects/AdvReverb/data/SpeechCommands/speech_commands_v0.02/off/18f8afd5_nohash_2.wav,7,"[(0,3200,'p'),(3200,6400,'p'),(6400,9600,'p'),(9600,12800,'p'),(12800,16000,'p')]"
374,/Users/ssankey/PycharmProjects/AdvReverb/data/SpeechCommands/speech_commands_v0.02/off/84d1e469_nohash_2.wav,7,"[(0,3200,'p'),(3200,6400,'p'),(6400,9600,'p'),(9600,12800,'p'),(12800,16000,'p')]"
375,/Users/ssankey/PycharmProjects/AdvReverb/data/SpeechCommands/speech_commands_v0.02/off/dc75148d_nohash_1.wav,7,"[(0,3200,'p'),(3200,6400,'p'),(6400,9600,'p'),(9600,12800,'p'),(12800,16000,'p')]"
376,/Users/ssankey/PycharmProjects/AdvReverb/data/SpeechCommands/speech_commands_v0.02/off/f2e59fea_nohash_2.wav,7,"[(0,3200,'p'),(3200,6400,'p'),(6400,9600,'p'),(9600,12800,'p'),(12800,16000,'p')]"
377,/Users/ssankey/PycharmProjects/AdvReverb/data/SpeechCommands/speech_commands_v0.02/off/68dd409e_nohash_0.wav,7,"[(0,3200,'p'),(3200,6400,'p'),(6400,9600,'p'),(9600,12800,'p'),(12800,16000,'p')]"
378,/Users/ssankey/PycharmProjects/AdvReverb/data/SpeechCommands/speech_commands_v0.02/off/563aa4e6_nohash_3.wav,7,"[(0,3200,'p'),(3200,6400,'p'),(6400,9600,'p'),(9600,12800,'p'),(12800,16000,'p')]"
379,/Users/ssankey/PycharmProjects/AdvReverb/data/SpeechCommands/speech_commands_v0.02/off/97f4c236_nohash_3.wav,7,"[(0,3200,'p'),(3200,6400,'p'),(6400,9600,'p'),(9600,12800,'p'),(12800,16000,'p')]"
380,/Users/ssankey/PycharmProjects/AdvReverb/data/SpeechCommands/speech_commands_v0.02/off/f428ca69_nohash_0.wav,7,"[(0,3200,'p'),(3200,6400,'p'),(6400,9600,'p'),(9600,12800,'p'),(12800,16000,'p')]"
381,/Users/ssankey/PycharmProjects/AdvReverb/data/SpeechCommands/speech_commands_v0.02/off/bb05582b_nohash_2.wav,7,"[(0,3200,'p'),(3200,6400,'p'),(6400,9600,'p'),(9600,12800,'p'),(12800,16000,'p')]"
382,/Users/ssankey/PycharmProjects/AdvReverb/data/SpeechCommands/speech_commands_v0.02/off/af130f12_nohash_0.wav,7,"[(0,3200,'p'),(3200,6400,'p'),(6400,9600,'p'),(9600,12800,'p'),(12800,16000,'p')]"
383,/Users/ssankey/PycharmProjects/AdvReverb/data/SpeechCommands/speech_commands_v0.02/off/bb05582b_nohash_0.wav,7,"[(0,3200,'p'),(3200,6400,'p'),(6400,9600,'p'),(9600,12800,'p'),(12800,16000,'p')]"
384,/Users/ssankey/PycharmProjects/AdvReverb/data/SpeechCommands/speech_commands_v0.02/off/68dd409e_nohash_2.wav,7,"[(0,3200,'p'),(3200,6400,'p'),(6400,9600,'p'),(9600,12800,'p'),(12800,16000,'p')]"
385,/Users/ssankey/PycharmProjects/AdvReverb/data/SpeechCommands/speech_commands_v0.02/off/62ff07ef_nohash_0.wav,7,"[(0,3200,'p'),(3200,6400,'p'),(6400,9600,'p'),(9600,12800,'p'),(12800,16000,'p')]"
386,/Users/ssankey/PycharmProjects/AdvReverb/data/SpeechCommands/speech_commands_v0.02/off/97f4c236_nohash_1.wav,7,"[(0,3200,'p'),(3200,6400,'p'),(6400,9600,'p'),(9600,12800,'p'),(12800,16000,'p')]"
387,/Users/ssankey/PycharmProjects/AdvReverb/data/SpeechCommands/speech_commands_v0.02/off/563aa4e6_nohash_1.wav,7,"[(0,3200,'p'),(3200,6400,'p'),(6400,9600,'p'),(9600,12800,'p'),(12800,16000,'p')]"
388,/Users/ssankey/PycharmProjects/AdvReverb/data/SpeechCommands/speech_commands_v0.02/off/af405b69_nohash_0.wav,7,"[(0,3200,'p'),(3200,6400,'p'),(6400,9600,'p'),(9600,12800,'p'),(12800,16000,'p')]"
389,/Users/ssankey/PycharmProjects/AdvReverb/data/SpeechCommands/speech_commands_v0.02/off/adebe223_nohash_0.wav,7,"[(0,3200,'p'),(3200,6400,'p'),(6400,9600,'p'),(9600,12800,'p'),(12800,16000,'p')]"
390,/Users/ssankey/PycharmProjects/AdvReverb/data/SpeechCommands/speech_commands_v0.02/off/f2e59fea_nohash_0.wav,7,"[(0,3200,'p'),(3200,6400,'p'),(6400,9600,'p'),(9600,12800,'p'),(12800,16000,'p')]"
391,/Users/ssankey/PycharmProjects/AdvReverb/data/SpeechCommands/speech_commands_v0.02/off/84d1e469_nohash_0.wav,7,"[(0,3200,'p'),(3200,6400,'p'),(6400,9600,'p'),(9600,12800,'p'),(12800,16000,'p')]"
392,/Users/ssankey/PycharmProjects/AdvReverb/data/SpeechCommands/speech_commands_v0.02/off/18f8afd5_nohash_0.wav,7,"[(0,3200,'p'),(3200,6400,'p'),(6400,9600,'p'),(9600,12800,'p'),(12800,16000,'p')]"
393,/Users/ssankey/PycharmProjects/AdvReverb/data/SpeechCommands/speech_commands_v0.02/off/44260689_nohash_0.wav,7,"[(0,3200,'p'),(3200,6400,'p'),(6400,9600,'p'),(9600,12800,'p'),(12800,16000,'p')]"
394,/Users/ssankey/PycharmProjects/AdvReverb/data/SpeechCommands/speech_commands_v0.02/off/e1469561_nohash_2.wav,7,"[(0,3200,'p'),(3200,6400,'p'),(6400,9600,'p'),(9600,12800,'p'),(12800,16000,'p')]"
395,/Users/ssankey/PycharmProjects/AdvReverb/data/SpeechCommands/speech_commands_v0.02/off/6f689791_nohash_1.wav,7,"[(0,3200,'p'),(3200,6400,'p'),(6400,9600,'p'),(9600,12800,'p'),(12800,16000,'p')]"
396,/Users/ssankey/PycharmProjects/AdvReverb/data/SpeechCommands/speech_commands_v0.02/off/8c7f81df_nohash_1.wav,7,"[(0,3200,'p'),(3200,6400,'p'),(6400,9600,'p'),(9600,12800,'p'),(12800,16000,'p')]"
397,/Users/ssankey/PycharmProjects/AdvReverb/data/SpeechCommands/speech_commands_v0.02/off/f0ae7203_nohash_0.wav,7,"[(0,3200,'p'),(3200,6400,'p'),(6400,9600,'p'),(9600,12800,'p'),(12800,16000,'p')]"
398,/Users/ssankey/PycharmProjects/AdvReverb/data/SpeechCommands/speech_commands_v0.02/off/881583a6_nohash_0.wav,7,"[(0,3200,'p'),(3200,6400,'p'),(6400,9600,'p'),(9600,12800,'p'),(12800,16000,'p')]"
399,/Users/ssankey/PycharmProjects/AdvReverb/data/SpeechCommands/speech_commands_v0.02/off/f0ae7203_nohash_1.wav,7,"[(0,3200,'p'),(3200,6400,'p'),(6400,9600,'p'),(9600,12800,'p'),(12800,16000,'p')]"
400,/Users/ssankey/PycharmProjects/AdvReverb/data/SpeechCommands/speech_commands_v0.02/stop/bb05582b_nohash_3.wav,8,"[(0,3200,'p'),(3200,6400,'p'),(6400,9600,'p'),(9600,12800,'p'),(12800,16000,'p')]"
401,/Users/ssankey/PycharmProjects/AdvReverb/data/SpeechCommands/speech_commands_v0.02/stop/97f4c236_nohash_2.wav,8,"[(0,3200,'p'),(3200,6400,'p'),(6400,9600,'p'),(9600,12800,'p'),(12800,16000,'p')]"
402,/Users/ssankey/PycharmProjects/AdvReverb/data/SpeechCommands/speech_commands_v0.02/stop/563aa4e6_nohash_2.wav,8,"[(0,3200,'p'),(3200,6400,'p'),(6400,9600,'p'),(9600,12800,'p'),(12800,16000,'p')]"
403,/Users/ssankey/PycharmProjects/AdvReverb/data/SpeechCommands/speech_commands_v0.02/stop/68dd409e_nohash_1.wav,8,"[(0,3200,'p'),(3200,6400,'p'),(6400,9600,'p'),(9600,12800,'p'),(12800,16000,'p')]"
404,/Users/ssankey/PycharmProjects/AdvReverb/data/SpeechCommands/speech_commands_v0.02/stop/f2e59fea_nohash_3.wav,8,"[(0,3200,'p'),(3200,6400,'p'),(6400,9600,'p'),(9600,12800,'p'),(12800,16000,'p')]"
405,/Users/ssankey/PycharmProjects/AdvReverb/data/SpeechCommands/speech_commands_v0.02/stop/aef8dcf5_nohash_0.wav,8,"[(0,3200,'p'),(3200,6400,'p'),(6400,9600,'p'),(9600,12800,'p'),(12800,16000,'p')]"
406,/Users/ssankey/PycharmProjects/AdvReverb/data/SpeechCommands/speech_commands_v0.02/stop/c9b5ff26_nohash_4.wav,8,"[(0,3200,'p'),(3200,6400,'p'),(6400,9600,'p'),(9600,12800,'p'),(12800,16000,'p')]"
407,/Users/ssankey/PycharmProjects/AdvReverb/data/SpeechCommands/speech_commands_v0.02/stop/3f170018_nohash_0.wav,8,"[(0,3200,'p'),(3200,6400,'p'),(6400,9600,'p'),(9600,12800,'p'),(12800,16000,'p')]"
408,/Users/ssankey/PycharmProjects/AdvReverb/data/SpeechCommands/speech_commands_v0.02/stop/18f8afd5_nohash_3.wav,8,"[(0,3200,'p'),(3200,6400,'p'),(6400,9600,'p'),(9600,12800,'p'),(12800,16000,'p')]"
409,/Users/ssankey/PycharmProjects/AdvReverb/data/SpeechCommands/speech_commands_v0.02/stop/e1469561_nohash_1.wav,8,"[(0,3200,'p'),(3200,6400,'p'),(6400,9600,'p'),(9600,12800,'p'),(12800,16000,'p')]"
410,/Users/ssankey/PycharmProjects/AdvReverb/data/SpeechCommands/speech_commands_v0.02/stop/5c8af87a_nohash_0.wav,8,"[(0,3200,'p'),(3200,6400,'p'),(6400,9600,'p'),(9600,12800,'p'),(12800,16000,'p')]"
411,/Users/ssankey/PycharmProjects/AdvReverb/data/SpeechCommands/speech_commands_v0.02/stop/aa48c94a_nohash_0.wav,8,"[(0,3200,'p'),(3200,6400,'p'),(6400,9600,'p'),(9600,12800,'p'),(12800,16000,'p')]"
412,/Users/ssankey/PycharmProjects/AdvReverb/data/SpeechCommands/speech_commands_v0.02/stop/893705bb_nohash_14.wav,8,"[(0,3200,'p'),(3200,6400,'p'),(6400,9600,'p'),(9600,12800,'p'),(12800,16000,'p')]"
413,/Users/ssankey/PycharmProjects/AdvReverb/data/SpeechCommands/speech_commands_v0.02/stop/6f689791_nohash_2.wav,8,"[(0,3200,'p'),(3200,6400,'p'),(6400,9600,'p'),(9600,12800,'p'),(12800,16000,'p')]"
414,/Users/ssankey/PycharmProjects/AdvReverb/data/SpeechCommands/speech_commands_v0.02/stop/837a0f64_nohash_1.wav,8,"[(0,3200,'p'),(3200,6400,'p'),(6400,9600,'p'),(9600,12800,'p'),(12800,16000,'p')]"
415,/Users/ssankey/PycharmProjects/AdvReverb/data/SpeechCommands/speech_commands_v0.02/stop/9d4bab4f_nohash_1.wav,8,"[(0,3200,'p'),(3200,6400,'p'),(6400,9600,'p'),(9600,12800,'p'),(12800,16000,'p')]"
416,/Users/ssankey/PycharmProjects/AdvReverb/data/SpeechCommands/speech_commands_v0.02/stop/c7124b73_nohash_0.wav,8,"[(0,3200,'p'),(3200,6400,'p'),(6400,9600,'p'),(9600,12800,'p'),(12800,16000,'p')]"
417,/Users/ssankey/PycharmProjects/AdvReverb/data/SpeechCommands/speech_commands_v0.02/stop/9d4bab4f_nohash_0.wav,8,"[(0,3200,'p'),(3200,6400,'p'),(6400,9600,'p'),(9600,12800,'p'),(12800,16000,'p')]"
418,/Users/ssankey/PycharmProjects/AdvReverb/data/SpeechCommands/speech_commands_v0.02/stop/837a0f64_nohash_0.wav,8,"[(0,3200,'p'),(3200,6400,'p'),(6400,9600,'p'),(9600,12800,'p'),(12800,16000,'p')]"
419,/Users/ssankey/PycharmProjects/AdvReverb/data/SpeechCommands/speech_commands_v0.02/stop/aa80f517_nohash_4.wav,8,"[(0,3200,'p'),(3200,6400,'p'),(6400,9600,'p'),(9600,12800,'p'),(12800,16000,'p')]"
420,/Users/ssankey/PycharmProjects/AdvReverb/data/SpeechCommands/speech_commands_v0.02/stop/893705bb_nohash_15.wav,8,"[(0,3200,'p'),(3200,6400,'p'),(6400,9600,'p'),(9600,12800,'p'),(12800,16000,'p')]"
421,/Users/ssankey/PycharmProjects/AdvReverb/data/SpeechCommands/speech_commands_v0.02/stop/5c8af87a_nohash_1.wav,8,"[(0,3200,'p'),(3200,6400,'p'),(6400,9600,'p'),(9600,12800,'p'),(12800,16000,'p')]"
422,/Users/ssankey/PycharmProjects/AdvReverb/data/SpeechCommands/speech_commands_v0.02/stop/e1469561_nohash_0.wav,8,"[(0,3200,'p'),(3200,6400,'p'),(6400,9600,'p'),(9600,12800,'p'),(12800,16000,'p')]"
423,/Users/ssankey/PycharmProjects/AdvReverb/data/SpeechCommands/speech_commands_v0.02/stop/7257420c_nohash_0.wav,8,"[(0,3200,'p'),(3200,6400,'p'),(6400,9600,'p'),(9600,12800,'p'),(12800,16000,'p')]"
424,/Users/ssankey/PycharmProjects/AdvReverb/data/SpeechCommands/speech_commands_v0.02/stop/18f8afd5_nohash_2.wav,8,"[(0,3200,'p'),(3200,6400,'p'),(6400,9600,'p'),(9600,12800,'p'),(12800,16000,'p')]"
425,/Users/ssankey/PycharmProjects/AdvReverb/data/SpeechCommands/speech_commands_v0.02/stop/aef8dcf5_nohash_1.wav,8,"[(0,3200,'p'),(3200,6400,'p'),(6400,9600,'p'),(9600,12800,'p'),(12800,16000,'p')]"
426,/Users/ssankey/PycharmProjects/AdvReverb/data/SpeechCommands/speech_commands_v0.02/stop/f2e59fea_nohash_2.wav,8,"[(0,3200,'p'),(3200,6400,'p'),(6400,9600,'p'),(9600,12800,'p'),(12800,16000,'p')]"
427,/Users/ssankey/PycharmProjects/AdvReverb/data/SpeechCommands/speech_commands_v0.02/stop/68dd409e_nohash_0.wav,8,"[(0,3200,'p'),(3200,6400,'p'),(6400,9600,'p'),(9600,12800,'p'),(12800,16000,'p')]"
428,/Users/ssankey/PycharmProjects/AdvReverb/data/SpeechCommands/speech_commands_v0.02/stop/563aa4e6_nohash_3.wav,8,"[(0,3200,'p'),(3200,6400,'p'),(6400,9600,'p'),(9600,12800,'p'),(12800,16000,'p')]"
429,/Users/ssankey/PycharmProjects/AdvReverb/data/SpeechCommands/speech_commands_v0.02/stop/97f4c236_nohash_3.wav,8,"[(0,3200,'p'),(3200,6400,'p'),(6400,9600,'p'),(9600,12800,'p'),(12800,16000,'p')]"
430,/Users/ssankey/PycharmProjects/AdvReverb/data/SpeechCommands/speech_commands_v0.02/stop/f428ca69_nohash_0.wav,8,"[(0,3200,'p'),(3200,6400,'p'),(6400,9600,'p'),(9600,12800,'p'),(12800,16000,'p')]"
431,/Users/ssankey/PycharmProjects/AdvReverb/data/SpeechCommands/speech_commands_v0.02/stop/bb05582b_nohash_2.wav,8,"[(0,3200,'p'),(3200,6400,'p'),(6400,9600,'p'),(9600,12800,'p'),(12800,16000,'p')]"
432,/Users/ssankey/PycharmProjects/AdvReverb/data/SpeechCommands/speech_commands_v0.02/stop/af130f12_nohash_0.wav,8,"[(0,3200,'p'),(3200,6400,'p'),(6400,9600,'p'),(9600,12800,'p'),(12800,16000,'p')]"
433,/Users/ssankey/PycharmProjects/AdvReverb/data/SpeechCommands/speech_commands_v0.02/stop/c518d1b1_nohash_0.wav,8,"[(0,3200,'p'),(3200,6400,'p'),(6400,9600,'p'),(9600,12800,'p'),(12800,16000,'p')]"
434,/Users/ssankey/PycharmProjects/AdvReverb/data/SpeechCommands/speech_commands_v0.02/stop/bb05582b_nohash_0.wav,8,"[(0,3200,'p'),(3200,6400,'p'),(6400,9600,'p'),(9600,12800,'p'),(12800,16000,'p')]"
435,/Users/ssankey/PycharmProjects/AdvReverb/data/SpeechCommands/speech_commands_v0.02/stop/68dd409e_nohash_2.wav,8,"[(0,3200,'p'),(3200,6400,'p'),(6400,9600,'p'),(9600,12800,'p'),(12800,16000,'p')]"
436,/Users/ssankey/PycharmProjects/AdvReverb/data/SpeechCommands/speech_commands_v0.02/stop/97f4c236_nohash_1.wav,8,"[(0,3200,'p'),(3200,6400,'p'),(6400,9600,'p'),(9600,12800,'p'),(12800,16000,'p')]"
437,/Users/ssankey/PycharmProjects/AdvReverb/data/SpeechCommands/speech_commands_v0.02/stop/563aa4e6_nohash_1.wav,8,"[(0,3200,'p'),(3200,6400,'p'),(6400,9600,'p'),(9600,12800,'p'),(12800,16000,'p')]"
438,/Users/ssankey/PycharmProjects/AdvReverb/data/SpeechCommands/speech_commands_v0.02/stop/fdb5155e_nohash_1.wav,8,"[(0,3200,'p'),(3200,6400,'p'),(6400,9600,'p'),(9600,12800,'p'),(12800,16000,'p')]"
439,/Users/ssankey/PycharmProjects/AdvReverb/data/SpeechCommands/speech_commands_v0.02/stop/f2e59fea_nohash_0.wav,8,"[(0,3200,'p'),(3200,6400,'p'),(6400,9600,'p'),(9600,12800,'p'),(12800,16000,'p')]"
440,/Users/ssankey/PycharmProjects/AdvReverb/data/SpeechCommands/speech_commands_v0.02/stop/18f8afd5_nohash_0.wav,8,"[(0,3200,'p'),(3200,6400,'p'),(6400,9600,'p'),(9600,12800,'p'),(12800,16000,'p')]"
441,/Users/ssankey/PycharmProjects/AdvReverb/data/SpeechCommands/speech_commands_v0.02/stop/e1469561_nohash_2.wav,8,"[(0,3200,'p'),(3200,6400,'p'),(6400,9600,'p'),(9600,12800,'p'),(12800,16000,'p')]"
442,/Users/ssankey/PycharmProjects/AdvReverb/data/SpeechCommands/speech_commands_v0.02/stop/893705bb_nohash_17.wav,8,"[(0,3200,'p'),(3200,6400,'p'),(6400,9600,'p'),(9600,12800,'p'),(12800,16000,'p')]"
443,/Users/ssankey/PycharmProjects/AdvReverb/data/SpeechCommands/speech_commands_v0.02/stop/6f689791_nohash_1.wav,8,"[(0,3200,'p'),(3200,6400,'p'),(6400,9600,'p'),(9600,12800,'p'),(12800,16000,'p')]"
444,/Users/ssankey/PycharmProjects/AdvReverb/data/SpeechCommands/speech_commands_v0.02/stop/692a88e6_nohash_4.wav,8,"[(0,3200,'p'),(3200,6400,'p'),(6400,9600,'p'),(9600,12800,'p'),(12800,16000,'p')]"
445,/Users/ssankey/PycharmProjects/AdvReverb/data/SpeechCommands/speech_commands_v0.02/stop/e41a903b_nohash_4.wav,8,"[(0,3200,'p'),(3200,6400,'p'),(6400,9600,'p'),(9600,12800,'p'),(12800,16000,'p')]"
446,/Users/ssankey/PycharmProjects/AdvReverb/data/SpeechCommands/speech_commands_v0.02/stop/f0ae7203_nohash_0.wav,8,"[(0,3200,'p'),(3200,6400,'p'),(6400,9600,'p'),(9600,12800,'p'),(12800,16000,'p')]"
447,/Users/ssankey/PycharmProjects/AdvReverb/data/SpeechCommands/speech_commands_v0.02/stop/837a0f64_nohash_2.wav,8,"[(0,3200,'p'),(3200,6400,'p'),(6400,9600,'p'),(9600,12800,'p'),(12800,16000,'p')]"
448,/Users/ssankey/PycharmProjects/AdvReverb/data/SpeechCommands/speech_commands_v0.02/stop/837a0f64_nohash_3.wav,8,"[(0,3200,'p'),(3200,6400,'p'),(6400,9600,'p'),(9600,12800,'p'),(12800,16000,'p')]"
449,/Users/ssankey/PycharmProjects/AdvReverb/data/SpeechCommands/speech_commands_v0.02/stop/d91a159e_nohash_0.wav,8,"[(0,3200,'p'),(3200,6400,'p'),(6400,9600,'p'),(9600,12800,'p'),(12800,16000,'p')]"
450,/Users/ssankey/PycharmProjects/AdvReverb/data/SpeechCommands/speech_commands_v0.02/go/bb05582b_nohash_3.wav,9,"[(0,3200,'p'),(3200,6400,'p'),(6400,9600,'p'),(9600,12800,'p'),(12800,16000,'p')]"
451,/Users/ssankey/PycharmProjects/AdvReverb/data/SpeechCommands/speech_commands_v0.02/go/97f4c236_nohash_2.wav,9,"[(0,3200,'p'),(3200,6400,'p'),(6400,9600,'p'),(9600,12800,'p'),(12800,16000,'p')]"
452,/Users/ssankey/PycharmProjects/AdvReverb/data/SpeechCommands/speech_commands_v0.02/go/563aa4e6_nohash_2.wav,9,"[(0,3200,'p'),(3200,6400,'p'),(6400,9600,'p'),(9600,12800,'p'),(12800,16000,'p')]"
453,/Users/ssankey/PycharmProjects/AdvReverb/data/SpeechCommands/speech_commands_v0.02/go/68dd409e_nohash_1.wav,9,"[(0,3200,'p'),(3200,6400,'p'),(6400,9600,'p'),(9600,12800,'p'),(12800,16000,'p')]"
454,/Users/ssankey/PycharmProjects/AdvReverb/data/SpeechCommands/speech_commands_v0.02/go/f2e59fea_nohash_3.wav,9,"[(0,3200,'p'),(3200,6400,'p'),(6400,9600,'p'),(9600,12800,'p'),(12800,16000,'p')]"
455,/Users/ssankey/PycharmProjects/AdvReverb/data/SpeechCommands/speech_commands_v0.02/go/aef8dcf5_nohash_0.wav,9,"[(0,3200,'p'),(3200,6400,'p'),(6400,9600,'p'),(9600,12800,'p'),(12800,16000,'p')]"
456,/Users/ssankey/PycharmProjects/AdvReverb/data/SpeechCommands/speech_commands_v0.02/go/dc75148d_nohash_0.wav,9,"[(0,3200,'p'),(3200,6400,'p'),(6400,9600,'p'),(9600,12800,'p'),(12800,16000,'p')]"
457,/Users/ssankey/PycharmProjects/AdvReverb/data/SpeechCommands/speech_commands_v0.02/go/18f8afd5_nohash_3.wav,9,"[(0,3200,'p'),(3200,6400,'p'),(6400,9600,'p'),(9600,12800,'p'),(12800,16000,'p')]"
458,/Users/ssankey/PycharmProjects/AdvReverb/data/SpeechCommands/speech_commands_v0.02/go/e1469561_nohash_1.wav,9,"[(0,3200,'p'),(3200,6400,'p'),(6400,9600,'p'),(9600,12800,'p'),(12800,16000,'p')]"
459,/Users/ssankey/PycharmProjects/AdvReverb/data/SpeechCommands/speech_commands_v0.02/go/5c8af87a_nohash_0.wav,9,"[(0,3200,'p'),(3200,6400,'p'),(6400,9600,'p'),(9600,12800,'p'),(12800,16000,'p')]"
460,/Users/ssankey/PycharmProjects/AdvReverb/data/SpeechCommands/speech_commands_v0.02/go/837a0f64_nohash_1.wav,9,"[(0,3200,'p'),(3200,6400,'p'),(6400,9600,'p'),(9600,12800,'p'),(12800,16000,'p')]"
461,/Users/ssankey/PycharmProjects/AdvReverb/data/SpeechCommands/speech_commands_v0.02/go/e49428d9_nohash_0.wav,9,"[(0,3200,'p'),(3200,6400,'p'),(6400,9600,'p'),(9600,12800,'p'),(12800,16000,'p')]"
462,/Users/ssankey/PycharmProjects/AdvReverb/data/SpeechCommands/speech_commands_v0.02/go/c7124b73_nohash_0.wav,9,"[(0,3200,'p'),(3200,6400,'p'),(6400,9600,'p'),(9600,12800,'p'),(12800,16000,'p')]"
463,/Users/ssankey/PycharmProjects/AdvReverb/data/SpeechCommands/speech_commands_v0.02/go/837a0f64_nohash_0.wav,9,"[(0,3200,'p'),(3200,6400,'p'),(6400,9600,'p'),(9600,12800,'p'),(12800,16000,'p')]"
464,/Users/ssankey/PycharmProjects/AdvReverb/data/SpeechCommands/speech_commands_v0.02/go/28497c5b_nohash_0.wav,9,"[(0,3200,'p'),(3200,6400,'p'),(6400,9600,'p'),(9600,12800,'p'),(12800,16000,'p')]"
465,/Users/ssankey/PycharmProjects/AdvReverb/data/SpeechCommands/speech_commands_v0.02/go/e49428d9_nohash_1.wav,9,"[(0,3200,'p'),(3200,6400,'p'),(6400,9600,'p'),(9600,12800,'p'),(12800,16000,'p')]"
466,/Users/ssankey/PycharmProjects/AdvReverb/data/SpeechCommands/speech_commands_v0.02/go/5c8af87a_nohash_1.wav,9,"[(0,3200,'p'),(3200,6400,'p'),(6400,9600,'p'),(9600,12800,'p'),(12800,16000,'p')]"
467,/Users/ssankey/PycharmProjects/AdvReverb/data/SpeechCommands/speech_commands_v0.02/go/e1469561_nohash_0.wav,9,"[(0,3200,'p'),(3200,6400,'p'),(6400,9600,'p'),(9600,12800,'p'),(12800,16000,'p')]"
468,/Users/ssankey/PycharmProjects/AdvReverb/data/SpeechCommands/speech_commands_v0.02/go/7257420c_nohash_0.wav,9,"[(0,3200,'p'),(3200,6400,'p'),(6400,9600,'p'),(9600,12800,'p'),(12800,16000,'p')]"
469,/Users/ssankey/PycharmProjects/AdvReverb/data/SpeechCommands/speech_commands_v0.02/go/18f8afd5_nohash_2.wav,9,"[(0,3200,'p'),(3200,6400,'p'),(6400,9600,'p'),(9600,12800,'p'),(12800,16000,'p')]"
470,/Users/ssankey/PycharmProjects/AdvReverb/data/SpeechCommands/speech_commands_v0.02/go/dc75148d_nohash_1.wav,9,"[(0,3200,'p'),(3200,6400,'p'),(6400,9600,'p'),(9600,12800,'p'),(12800,16000,'p')]"
471,/Users/ssankey/PycharmProjects/AdvReverb/data/SpeechCommands/speech_commands_v0.02/go/f2e59fea_nohash_2.wav,9,"[(0,3200,'p'),(3200,6400,'p'),(6400,9600,'p'),(9600,12800,'p'),(12800,16000,'p')]"
472,/Users/ssankey/PycharmProjects/AdvReverb/data/SpeechCommands/speech_commands_v0.02/go/68dd409e_nohash_0.wav,9,"[(0,3200,'p'),(3200,6400,'p'),(6400,9600,'p'),(9600,12800,'p'),(12800,16000,'p')]"
473,/Users/ssankey/PycharmProjects/AdvReverb/data/SpeechCommands/speech_commands_v0.02/go/563aa4e6_nohash_3.wav,9,"[(0,3200,'p'),(3200,6400,'p'),(6400,9600,'p'),(9600,12800,'p'),(12800,16000,'p')]"
474,/Users/ssankey/PycharmProjects/AdvReverb/data/SpeechCommands/speech_commands_v0.02/go/97f4c236_nohash_3.wav,9,"[(0,3200,'p'),(3200,6400,'p'),(6400,9600,'p'),(9600,12800,'p'),(12800,16000,'p')]"
475,/Users/ssankey/PycharmProjects/AdvReverb/data/SpeechCommands/speech_commands_v0.02/go/f428ca69_nohash_0.wav,9,"[(0,3200,'p'),(3200,6400,'p'),(6400,9600,'p'),(9600,12800,'p'),(12800,16000,'p')]"
476,/Users/ssankey/PycharmProjects/AdvReverb/data/SpeechCommands/speech_commands_v0.02/go/bb05582b_nohash_2.wav,9,"[(0,3200,'p'),(3200,6400,'p'),(6400,9600,'p'),(9600,12800,'p'),(12800,16000,'p')]"
477,/Users/ssankey/PycharmProjects/AdvReverb/data/SpeechCommands/speech_commands_v0.02/go/af130f12_nohash_0.wav,9,"[(0,3200,'p'),(3200,6400,'p'),(6400,9600,'p'),(9600,12800,'p'),(12800,16000,'p')]"
478,/Users/ssankey/PycharmProjects/AdvReverb/data/SpeechCommands/speech_commands_v0.02/go/c518d1b1_nohash_0.wav,9,"[(0,3200,'p'),(3200,6400,'p'),(6400,9600,'p'),(9600,12800,'p'),(12800,16000,'p')]"
479,/Users/ssankey/PycharmProjects/AdvReverb/data/SpeechCommands/speech_commands_v0.02/go/bb05582b_nohash_0.wav,9,"[(0,3200,'p'),(3200,6400,'p'),(6400,9600,'p'),(9600,12800,'p'),(12800,16000,'p')]"
480,/Users/ssankey/PycharmProjects/AdvReverb/data/SpeechCommands/speech_commands_v0.02/go/68dd409e_nohash_2.wav,9,"[(0,3200,'p'),(3200,6400,'p'),(6400,9600,'p'),(9600,12800,'p'),(12800,16000,'p')]"
481,/Users/ssankey/PycharmProjects/AdvReverb/data/SpeechCommands/speech_commands_v0.02/go/62ff07ef_nohash_0.wav,9,"[(0,3200,'p'),(3200,6400,'p'),(6400,9600,'p'),(9600,12800,'p'),(12800,16000,'p')]"
482,/Users/ssankey/PycharmProjects/AdvReverb/data/SpeechCommands/speech_commands_v0.02/go/97f4c236_nohash_1.wav,9,"[(0,3200,'p'),(3200,6400,'p'),(6400,9600,'p'),(9600,12800,'p'),(12800,16000,'p')]"
483,/Users/ssankey/PycharmProjects/AdvReverb/data/SpeechCommands/speech_commands_v0.02/go/563aa4e6_nohash_1.wav,9,"[(0,3200,'p'),(3200,6400,'p'),(6400,9600,'p'),(9600,12800,'p'),(12800,16000,'p')]"
484,/Users/ssankey/PycharmProjects/AdvReverb/data/SpeechCommands/speech_commands_v0.02/go/af405b69_nohash_0.wav,9,"[(0,3200,'p'),(3200,6400,'p'),(6400,9600,'p'),(9600,12800,'p'),(12800,16000,'p')]"
485,/Users/ssankey/PycharmProjects/AdvReverb/data/SpeechCommands/speech_commands_v0.02/go/e9901cf0_nohash_1.wav,9,"[(0,3200,'p'),(3200,6400,'p'),(6400,9600,'p'),(9600,12800,'p'),(12800,16000,'p')]"
486,/Users/ssankey/PycharmProjects/AdvReverb/data/SpeechCommands/speech_commands_v0.02/go/adebe223_nohash_0.wav,9,"[(0,3200,'p'),(3200,6400,'p'),(6400,9600,'p'),(9600,12800,'p'),(12800,16000,'p')]"
487,/Users/ssankey/PycharmProjects/AdvReverb/data/SpeechCommands/speech_commands_v0.02/go/f2e59fea_nohash_0.wav,9,"[(0,3200,'p'),(3200,6400,'p'),(6400,9600,'p'),(9600,12800,'p'),(12800,16000,'p')]"
488,/Users/ssankey/PycharmProjects/AdvReverb/data/SpeechCommands/speech_commands_v0.02/go/18f8afd5_nohash_0.wav,9,"[(0,3200,'p'),(3200,6400,'p'),(6400,9600,'p'),(9600,12800,'p'),(12800,16000,'p')]"
489,/Users/ssankey/PycharmProjects/AdvReverb/data/SpeechCommands/speech_commands_v0.02/go/5b1db3ee_nohash_0.wav,9,"[(0,3200,'p'),(3200,6400,'p'),(6400,9600,'p'),(9600,12800,'p'),(12800,16000,'p')]"
490,/Users/ssankey/PycharmProjects/AdvReverb/data/SpeechCommands/speech_commands_v0.02/go/44260689_nohash_0.wav,9,"[(0,3200,'p'),(3200,6400,'p'),(6400,9600,'p'),(9600,12800,'p'),(12800,16000,'p')]"
491,/Users/ssankey/PycharmProjects/AdvReverb/data/SpeechCommands/speech_commands_v0.02/go/e1469561_nohash_2.wav,9,"[(0,3200,'p'),(3200,6400,'p'),(6400,9600,'p'),(9600,12800,'p'),(12800,16000,'p')]"
492,/Users/ssankey/PycharmProjects/AdvReverb/data/SpeechCommands/speech_commands_v0.02/go/5c8af87a_nohash_3.wav,9,"[(0,3200,'p'),(3200,6400,'p'),(6400,9600,'p'),(9600,12800,'p'),(12800,16000,'p')]"
493,/Users/ssankey/PycharmProjects/AdvReverb/data/SpeechCommands/speech_commands_v0.02/go/e41a903b_nohash_4.wav,9,"[(0,3200,'p'),(3200,6400,'p'),(6400,9600,'p'),(9600,12800,'p'),(12800,16000,'p')]"
494,/Users/ssankey/PycharmProjects/AdvReverb/data/SpeechCommands/speech_commands_v0.02/go/f0ae7203_nohash_0.wav,9,"[(0,3200,'p'),(3200,6400,'p'),(6400,9600,'p'),(9600,12800,'p'),(12800,16000,'p')]"
495,/Users/ssankey/PycharmProjects/AdvReverb/data/SpeechCommands/speech_commands_v0.02/go/e49428d9_nohash_3.wav,9,"[(0,3200,'p'),(3200,6400,'p'),(6400,9600,'p'),(9600,12800,'p'),(12800,16000,'p')]"
496,/Users/ssankey/PycharmProjects/AdvReverb/data/SpeechCommands/speech_commands_v0.02/go/837a0f64_nohash_2.wav,9,"[(0,3200,'p'),(3200,6400,'p'),(6400,9600,'p'),(9600,12800,'p'),(12800,16000,'p')]"
497,/Users/ssankey/PycharmProjects/AdvReverb/data/SpeechCommands/speech_commands_v0.02/go/881583a6_nohash_0.wav,9,"[(0,3200,'p'),(3200,6400,'p'),(6400,9600,'p'),(9600,12800,'p'),(12800,16000,'p')]"
498,/Users/ssankey/PycharmProjects/AdvReverb/data/SpeechCommands/speech_commands_v0.02/go/881583a6_nohash_1.wav,9,"[(0,3200,'p'),(3200,6400,'p'),(6400,9600,'p'),(9600,12800,'p'),(12800,16000,'p')]"
499,/Users/ssankey/PycharmProjects/AdvReverb/data/SpeechCommands/speech_commands_v0.02/go/e49428d9_nohash_2.wav,9,"[(0,3200,'p'),(3200,6400,'p'),(6400,9600,'p'),(9600,12800,'p'),(12800,16000,'p')]"
500,/Users/ssankey/PycharmProjects/AdvReverb/data/SpeechCommands/speech_commands_v0.02/zero/bb05582b_nohash_3.wav,10,"[(0,3200,'p'),(3200,6400,'p'),(6400,9600,'p'),(9600,12800,'p'),(12800,16000,'p')]"
501,/Users/ssankey/PycharmProjects/AdvReverb/data/SpeechCommands/speech_commands_v0.02/zero/97f4c236_nohash_2.wav,10,"[(0,3200,'p'),(3200,6400,'p'),(6400,9600,'p'),(9600,12800,'p'),(12800,16000,'p')]"
502,/Users/ssankey/PycharmProjects/AdvReverb/data/SpeechCommands/speech_commands_v0.02/zero/563aa4e6_nohash_2.wav,10,"[(0,3200,'p'),(3200,6400,'p'),(6400,9600,'p'),(9600,12800,'p'),(12800,16000,'p')]"
503,/Users/ssankey/PycharmProjects/AdvReverb/data/SpeechCommands/speech_commands_v0.02/zero/f2e59fea_nohash_3.wav,10,"[(0,3200,'p'),(3200,6400,'p'),(6400,9600,'p'),(9600,12800,'p'),(12800,16000,'p')]"
504,/Users/ssankey/PycharmProjects/AdvReverb/data/SpeechCommands/speech_commands_v0.02/zero/aef8dcf5_nohash_0.wav,10,"[(0,3200,'p'),(3200,6400,'p'),(6400,9600,'p'),(9600,12800,'p'),(12800,16000,'p')]"
505,/Users/ssankey/PycharmProjects/AdvReverb/data/SpeechCommands/speech_commands_v0.02/zero/dc75148d_nohash_0.wav,10,"[(0,3200,'p'),(3200,6400,'p'),(6400,9600,'p'),(9600,12800,'p'),(12800,16000,'p')]"
506,/Users/ssankey/PycharmProjects/AdvReverb/data/SpeechCommands/speech_commands_v0.02/zero/c9b5ff26_nohash_4.wav,10,"[(0,3200,'p'),(3200,6400,'p'),(6400,9600,'p'),(9600,12800,'p'),(12800,16000,'p')]"
507,/Users/ssankey/PycharmProjects/AdvReverb/data/SpeechCommands/speech_commands_v0.02/zero/3f170018_nohash_0.wav,10,"[(0,3200,'p'),(3200,6400,'p'),(6400,9600,'p'),(9600,12800,'p'),(12800,16000,'p')]"
508,/Users/ssankey/PycharmProjects/AdvReverb/data/SpeechCommands/speech_commands_v0.02/zero/18f8afd5_nohash_3.wav,10,"[(0,3200,'p'),(3200,6400,'p'),(6400,9600,'p'),(9600,12800,'p'),(12800,16000,'p')]"
509,/Users/ssankey/PycharmProjects/AdvReverb/data/SpeechCommands/speech_commands_v0.02/zero/e1469561_nohash_1.wav,10,"[(0,3200,'p'),(3200,6400,'p'),(6400,9600,'p'),(9600,12800,'p'),(12800,16000,'p')]"
510,/Users/ssankey/PycharmProjects/AdvReverb/data/SpeechCommands/speech_commands_v0.02/zero/5c8af87a_nohash_0.wav,10,"[(0,3200,'p'),(3200,6400,'p'),(6400,9600,'p'),(9600,12800,'p'),(12800,16000,'p')]"
511,/Users/ssankey/PycharmProjects/AdvReverb/data/SpeechCommands/speech_commands_v0.02/zero/aa48c94a_nohash_0.wav,10,"[(0,3200,'p'),(3200,6400,'p'),(6400,9600,'p'),(9600,12800,'p'),(12800,16000,'p')]"
512,/Users/ssankey/PycharmProjects/AdvReverb/data/SpeechCommands/speech_commands_v0.02/zero/837a0f64_nohash_1.wav,10,"[(0,3200,'p'),(3200,6400,'p'),(6400,9600,'p'),(9600,12800,'p'),(12800,16000,'p')]"
513,/Users/ssankey/PycharmProjects/AdvReverb/data/SpeechCommands/speech_commands_v0.02/zero/e49428d9_nohash_0.wav,10,"[(0,3200,'p'),(3200,6400,'p'),(6400,9600,'p'),(9600,12800,'p'),(12800,16000,'p')]"
514,/Users/ssankey/PycharmProjects/AdvReverb/data/SpeechCommands/speech_commands_v0.02/zero/d1bf406b_nohash_0.wav,10,"[(0,3200,'p'),(3200,6400,'p'),(6400,9600,'p'),(9600,12800,'p'),(12800,16000,'p')]"
515,/Users/ssankey/PycharmProjects/AdvReverb/data/SpeechCommands/speech_commands_v0.02/zero/c7124b73_nohash_0.wav,10,"[(0,3200,'p'),(3200,6400,'p'),(6400,9600,'p'),(9600,12800,'p'),(12800,16000,'p')]"
516,/Users/ssankey/PycharmProjects/AdvReverb/data/SpeechCommands/speech_commands_v0.02/zero/c7124b73_nohash_1.wav,10,"[(0,3200,'p'),(3200,6400,'p'),(6400,9600,'p'),(9600,12800,'p'),(12800,16000,'p')]"
517,/Users/ssankey/PycharmProjects/AdvReverb/data/SpeechCommands/speech_commands_v0.02/zero/837a0f64_nohash_0.wav,10,"[(0,3200,'p'),(3200,6400,'p'),(6400,9600,'p'),(9600,12800,'p'),(12800,16000,'p')]"
518,/Users/ssankey/PycharmProjects/AdvReverb/data/SpeechCommands/speech_commands_v0.02/zero/d1bf406b_nohash_1.wav,10,"[(0,3200,'p'),(3200,6400,'p'),(6400,9600,'p'),(9600,12800,'p'),(12800,16000,'p')]"
519,/Users/ssankey/PycharmProjects/AdvReverb/data/SpeechCommands/speech_commands_v0.02/zero/e49428d9_nohash_1.wav,10,"[(0,3200,'p'),(3200,6400,'p'),(6400,9600,'p'),(9600,12800,'p'),(12800,16000,'p')]"
520,/Users/ssankey/PycharmProjects/AdvReverb/data/SpeechCommands/speech_commands_v0.02/zero/5c8af87a_nohash_1.wav,10,"[(0,3200,'p'),(3200,6400,'p'),(6400,9600,'p'),(9600,12800,'p'),(12800,16000,'p')]"
521,/Users/ssankey/PycharmProjects/AdvReverb/data/SpeechCommands/speech_commands_v0.02/zero/e1469561_nohash_0.wav,10,"[(0,3200,'p'),(3200,6400,'p'),(6400,9600,'p'),(9600,12800,'p'),(12800,16000,'p')]"
522,/Users/ssankey/PycharmProjects/AdvReverb/data/SpeechCommands/speech_commands_v0.02/zero/44260689_nohash_2.wav,10,"[(0,3200,'p'),(3200,6400,'p'),(6400,9600,'p'),(9600,12800,'p'),(12800,16000,'p')]"
523,/Users/ssankey/PycharmProjects/AdvReverb/data/SpeechCommands/speech_commands_v0.02/zero/7257420c_nohash_0.wav,10,"[(0,3200,'p'),(3200,6400,'p'),(6400,9600,'p'),(9600,12800,'p'),(12800,16000,'p')]"
524,/Users/ssankey/PycharmProjects/AdvReverb/data/SpeechCommands/speech_commands_v0.02/zero/18f8afd5_nohash_2.wav,10,"[(0,3200,'p'),(3200,6400,'p'),(6400,9600,'p'),(9600,12800,'p'),(12800,16000,'p')]"
525,/Users/ssankey/PycharmProjects/AdvReverb/data/SpeechCommands/speech_commands_v0.02/zero/84d1e469_nohash_2.wav,10,"[(0,3200,'p'),(3200,6400,'p'),(6400,9600,'p'),(9600,12800,'p'),(12800,16000,'p')]"
526,/Users/ssankey/PycharmProjects/AdvReverb/data/SpeechCommands/speech_commands_v0.02/zero/dc75148d_nohash_1.wav,10,"[(0,3200,'p'),(3200,6400,'p'),(6400,9600,'p'),(9600,12800,'p'),(12800,16000,'p')]"
527,/Users/ssankey/PycharmProjects/AdvReverb/data/SpeechCommands/speech_commands_v0.02/zero/f2e59fea_nohash_2.wav,10,"[(0,3200,'p'),(3200,6400,'p'),(6400,9600,'p'),(9600,12800,'p'),(12800,16000,'p')]"
528,/Users/ssankey/PycharmProjects/AdvReverb/data/SpeechCommands/speech_commands_v0.02/zero/68dd409e_nohash_0.wav,10,"[(0,3200,'p'),(3200,6400,'p'),(6400,9600,'p'),(9600,12800,'p'),(12800,16000,'p')]"
529,/Users/ssankey/PycharmProjects/AdvReverb/data/SpeechCommands/speech_commands_v0.02/zero/82d0d3ba_nohash_0.wav,10,"[(0,3200,'p'),(3200,6400,'p'),(6400,9600,'p'),(9600,12800,'p'),(12800,16000,'p')]"
530,/Users/ssankey/PycharmProjects/AdvReverb/data/SpeechCommands/speech_commands_v0.02/zero/af405b69_nohash_2.wav,10,"[(0,3200,'p'),(3200,6400,'p'),(6400,9600,'p'),(9600,12800,'p'),(12800,16000,'p')]"
531,/Users/ssankey/PycharmProjects/AdvReverb/data/SpeechCommands/speech_commands_v0.02/zero/563aa4e6_nohash_3.wav,10,"[(0,3200,'p'),(3200,6400,'p'),(6400,9600,'p'),(9600,12800,'p'),(12800,16000,'p')]"
532,/Users/ssankey/PycharmProjects/AdvReverb/data/SpeechCommands/speech_commands_v0.02/zero/97f4c236_nohash_3.wav,10,"[(0,3200,'p'),(3200,6400,'p'),(6400,9600,'p'),(9600,12800,'p'),(12800,16000,'p')]"
533,/Users/ssankey/PycharmProjects/AdvReverb/data/SpeechCommands/speech_commands_v0.02/zero/bb05582b_nohash_2.wav,10,"[(0,3200,'p'),(3200,6400,'p'),(6400,9600,'p'),(9600,12800,'p'),(12800,16000,'p')]"
534,/Users/ssankey/PycharmProjects/AdvReverb/data/SpeechCommands/speech_commands_v0.02/zero/c518d1b1_nohash_0.wav,10,"[(0,3200,'p'),(3200,6400,'p'),(6400,9600,'p'),(9600,12800,'p'),(12800,16000,'p')]"
535,/Users/ssankey/PycharmProjects/AdvReverb/data/SpeechCommands/speech_commands_v0.02/zero/bb05582b_nohash_0.wav,10,"[(0,3200,'p'),(3200,6400,'p'),(6400,9600,'p'),(9600,12800,'p'),(12800,16000,'p')]"
536,/Users/ssankey/PycharmProjects/AdvReverb/data/SpeechCommands/speech_commands_v0.02/zero/62ff07ef_nohash_0.wav,10,"[(0,3200,'p'),(3200,6400,'p'),(6400,9600,'p'),(9600,12800,'p'),(12800,16000,'p')]"
537,/Users/ssankey/PycharmProjects/AdvReverb/data/SpeechCommands/speech_commands_v0.02/zero/97f4c236_nohash_1.wav,10,"[(0,3200,'p'),(3200,6400,'p'),(6400,9600,'p'),(9600,12800,'p'),(12800,16000,'p')]"
538,/Users/ssankey/PycharmProjects/AdvReverb/data/SpeechCommands/speech_commands_v0.02/zero/563aa4e6_nohash_1.wav,10,"[(0,3200,'p'),(3200,6400,'p'),(6400,9600,'p'),(9600,12800,'p'),(12800,16000,'p')]"
539,/Users/ssankey/PycharmProjects/AdvReverb/data/SpeechCommands/speech_commands_v0.02/zero/af405b69_nohash_0.wav,10,"[(0,3200,'p'),(3200,6400,'p'),(6400,9600,'p'),(9600,12800,'p'),(12800,16000,'p')]"
540,/Users/ssankey/PycharmProjects/AdvReverb/data/SpeechCommands/speech_commands_v0.02/zero/fdb5155e_nohash_1.wav,10,"[(0,3200,'p'),(3200,6400,'p'),(6400,9600,'p'),(9600,12800,'p'),(12800,16000,'p')]"
541,/Users/ssankey/PycharmProjects/AdvReverb/data/SpeechCommands/speech_commands_v0.02/zero/adebe223_nohash_0.wav,10,"[(0,3200,'p'),(3200,6400,'p'),(6400,9600,'p'),(9600,12800,'p'),(12800,16000,'p')]"
542,/Users/ssankey/PycharmProjects/AdvReverb/data/SpeechCommands/speech_commands_v0.02/zero/f2e59fea_nohash_0.wav,10,"[(0,3200,'p'),(3200,6400,'p'),(6400,9600,'p'),(9600,12800,'p'),(12800,16000,'p')]"
543,/Users/ssankey/PycharmProjects/AdvReverb/data/SpeechCommands/speech_commands_v0.02/zero/84d1e469_nohash_0.wav,10,"[(0,3200,'p'),(3200,6400,'p'),(6400,9600,'p'),(9600,12800,'p'),(12800,16000,'p')]"
544,/Users/ssankey/PycharmProjects/AdvReverb/data/SpeechCommands/speech_commands_v0.02/zero/18f8afd5_nohash_0.wav,10,"[(0,3200,'p'),(3200,6400,'p'),(6400,9600,'p'),(9600,12800,'p'),(12800,16000,'p')]"
545,/Users/ssankey/PycharmProjects/AdvReverb/data/SpeechCommands/speech_commands_v0.02/zero/5b1db3ee_nohash_0.wav,10,"[(0,3200,'p'),(3200,6400,'p'),(6400,9600,'p'),(9600,12800,'p'),(12800,16000,'p')]"
546,/Users/ssankey/PycharmProjects/AdvReverb/data/SpeechCommands/speech_commands_v0.02/zero/44260689_nohash_0.wav,10,"[(0,3200,'p'),(3200,6400,'p'),(6400,9600,'p'),(9600,12800,'p'),(12800,16000,'p')]"
547,/Users/ssankey/PycharmProjects/AdvReverb/data/SpeechCommands/speech_commands_v0.02/zero/e1469561_nohash_2.wav,10,"[(0,3200,'p'),(3200,6400,'p'),(6400,9600,'p'),(9600,12800,'p'),(12800,16000,'p')]"
548,/Users/ssankey/PycharmProjects/AdvReverb/data/SpeechCommands/speech_commands_v0.02/zero/5c8af87a_nohash_3.wav,10,"[(0,3200,'p'),(3200,6400,'p'),(6400,9600,'p'),(9600,12800,'p'),(12800,16000,'p')]"
549,/Users/ssankey/PycharmProjects/AdvReverb/data/SpeechCommands/speech_commands_v0.02/zero/e41a903b_nohash_4.wav,10,"[(0,3200,'p'),(3200,6400,'p'),(6400,9600,'p'),(9600,12800,'p'),(12800,16000,'p')]"
550,/Users/ssankey/PycharmProjects/AdvReverb/data/SpeechCommands/speech_commands_v0.02/one/bb05582b_nohash_3.wav,11,"[(0,3200,'p'),(3200,6400,'p'),(6400,9600,'p'),(9600,12800,'p'),(12800,16000,'p')]"
551,/Users/ssankey/PycharmProjects/AdvReverb/data/SpeechCommands/speech_commands_v0.02/one/97f4c236_nohash_2.wav,11,"[(0,3200,'p'),(3200,6400,'p'),(6400,9600,'p'),(9600,12800,'p'),(12800,16000,'p')]"
552,/Users/ssankey/PycharmProjects/AdvReverb/data/SpeechCommands/speech_commands_v0.02/one/563aa4e6_nohash_2.wav,11,"[(0,3200,'p'),(3200,6400,'p'),(6400,9600,'p'),(9600,12800,'p'),(12800,16000,'p')]"
553,/Users/ssankey/PycharmProjects/AdvReverb/data/SpeechCommands/speech_commands_v0.02/one/f2e59fea_nohash_3.wav,11,"[(0,3200,'p'),(3200,6400,'p'),(6400,9600,'p'),(9600,12800,'p'),(12800,16000,'p')]"
554,/Users/ssankey/PycharmProjects/AdvReverb/data/SpeechCommands/speech_commands_v0.02/one/fdb5155e_nohash_2.wav,11,"[(0,3200,'p'),(3200,6400,'p'),(6400,9600,'p'),(9600,12800,'p'),(12800,16000,'p')]"
555,/Users/ssankey/PycharmProjects/AdvReverb/data/SpeechCommands/speech_commands_v0.02/one/aef8dcf5_nohash_0.wav,11,"[(0,3200,'p'),(3200,6400,'p'),(6400,9600,'p'),(9600,12800,'p'),(12800,16000,'p')]"
556,/Users/ssankey/PycharmProjects/AdvReverb/data/SpeechCommands/speech_commands_v0.02/one/c9b5ff26_nohash_4.wav,11,"[(0,3200,'p'),(3200,6400,'p'),(6400,9600,'p'),(9600,12800,'p'),(12800,16000,'p')]"
557,/Users/ssankey/PycharmProjects/AdvReverb/data/SpeechCommands/speech_commands_v0.02/one/cfbedff9_nohash_4.wav,11,"[(0,3200,'p'),(3200,6400,'p'),(6400,9600,'p'),(9600,12800,'p'),(12800,16000,'p')]"
558,/Users/ssankey/PycharmProjects/AdvReverb/data/SpeechCommands/speech_commands_v0.02/one/e1469561_nohash_1.wav,11,"[(0,3200,'p'),(3200,6400,'p'),(6400,9600,'p'),(9600,12800,'p'),(12800,16000,'p')]"
559,/Users/ssankey/PycharmProjects/AdvReverb/data/SpeechCommands/speech_commands_v0.02/one/5c8af87a_nohash_0.wav,11,"[(0,3200,'p'),(3200,6400,'p'),(6400,9600,'p'),(9600,12800,'p'),(12800,16000,'p')]"
560,/Users/ssankey/PycharmProjects/AdvReverb/data/SpeechCommands/speech_commands_v0.02/one/aa48c94a_nohash_0.wav,11,"[(0,3200,'p'),(3200,6400,'p'),(6400,9600,'p'),(9600,12800,'p'),(12800,16000,'p')]"
561,/Users/ssankey/PycharmProjects/AdvReverb/data/SpeechCommands/speech_commands_v0.02/one/837a0f64_nohash_1.wav,11,"[(0,3200,'p'),(3200,6400,'p'),(6400,9600,'p'),(9600,12800,'p'),(12800,16000,'p')]"
562,/Users/ssankey/PycharmProjects/AdvReverb/data/SpeechCommands/speech_commands_v0.02/one/e49428d9_nohash_0.wav,11,"[(0,3200,'p'),(3200,6400,'p'),(6400,9600,'p'),(9600,12800,'p'),(12800,16000,'p')]"
563,/Users/ssankey/PycharmProjects/AdvReverb/data/SpeechCommands/speech_commands_v0.02/one/c7124b73_nohash_0.wav,11,"[(0,3200,'p'),(3200,6400,'p'),(6400,9600,'p'),(9600,12800,'p'),(12800,16000,'p')]"
564,/Users/ssankey/PycharmProjects/AdvReverb/data/SpeechCommands/speech_commands_v0.02/one/837a0f64_nohash_0.wav,11,"[(0,3200,'p'),(3200,6400,'p'),(6400,9600,'p'),(9600,12800,'p'),(12800,16000,'p')]"
565,/Users/ssankey/PycharmProjects/AdvReverb/data/SpeechCommands/speech_commands_v0.02/one/28497c5b_nohash_0.wav,11,"[(0,3200,'p'),(3200,6400,'p'),(6400,9600,'p'),(9600,12800,'p'),(12800,16000,'p')]"
566,/Users/ssankey/PycharmProjects/AdvReverb/data/SpeechCommands/speech_commands_v0.02/one/e49428d9_nohash_1.wav,11,"[(0,3200,'p'),(3200,6400,'p'),(6400,9600,'p'),(9600,12800,'p'),(12800,16000,'p')]"
567,/Users/ssankey/PycharmProjects/AdvReverb/data/SpeechCommands/speech_commands_v0.02/one/aa80f517_nohash_4.wav,11,"[(0,3200,'p'),(3200,6400,'p'),(6400,9600,'p'),(9600,12800,'p'),(12800,16000,'p')]"
568,/Users/ssankey/PycharmProjects/AdvReverb/data/SpeechCommands/speech_commands_v0.02/one/5c8af87a_nohash_1.wav,11,"[(0,3200,'p'),(3200,6400,'p'),(6400,9600,'p'),(9600,12800,'p'),(12800,16000,'p')]"
569,/Users/ssankey/PycharmProjects/AdvReverb/data/SpeechCommands/speech_commands_v0.02/one/e1469561_nohash_0.wav,11,"[(0,3200,'p'),(3200,6400,'p'),(6400,9600,'p'),(9600,12800,'p'),(12800,16000,'p')]"
570,/Users/ssankey/PycharmProjects/AdvReverb/data/SpeechCommands/speech_commands_v0.02/one/7257420c_nohash_0.wav,11,"[(0,3200,'p'),(3200,6400,'p'),(6400,9600,'p'),(9600,12800,'p'),(12800,16000,'p')]"
571,/Users/ssankey/PycharmProjects/AdvReverb/data/SpeechCommands/speech_commands_v0.02/one/f2e59fea_nohash_2.wav,11,"[(0,3200,'p'),(3200,6400,'p'),(6400,9600,'p'),(9600,12800,'p'),(12800,16000,'p')]"
572,/Users/ssankey/PycharmProjects/AdvReverb/data/SpeechCommands/speech_commands_v0.02/one/adebe223_nohash_2.wav,11,"[(0,3200,'p'),(3200,6400,'p'),(6400,9600,'p'),(9600,12800,'p'),(12800,16000,'p')]"
573,/Users/ssankey/PycharmProjects/AdvReverb/data/SpeechCommands/speech_commands_v0.02/one/82d0d3ba_nohash_0.wav,11,"[(0,3200,'p'),(3200,6400,'p'),(6400,9600,'p'),(9600,12800,'p'),(12800,16000,'p')]"
574,/Users/ssankey/PycharmProjects/AdvReverb/data/SpeechCommands/speech_commands_v0.02/one/563aa4e6_nohash_3.wav,11,"[(0,3200,'p'),(3200,6400,'p'),(6400,9600,'p'),(9600,12800,'p'),(12800,16000,'p')]"
575,/Users/ssankey/PycharmProjects/AdvReverb/data/SpeechCommands/speech_commands_v0.02/one/97f4c236_nohash_3.wav,11,"[(0,3200,'p'),(3200,6400,'p'),(6400,9600,'p'),(9600,12800,'p'),(12800,16000,'p')]"
576,/Users/ssankey/PycharmProjects/AdvReverb/data/SpeechCommands/speech_commands_v0.02/one/bb05582b_nohash_2.wav,11,"[(0,3200,'p'),(3200,6400,'p'),(6400,9600,'p'),(9600,12800,'p'),(12800,16000,'p')]"
577,/Users/ssankey/PycharmProjects/AdvReverb/data/SpeechCommands/speech_commands_v0.02/one/c518d1b1_nohash_0.wav,11,"[(0,3200,'p'),(3200,6400,'p'),(6400,9600,'p'),(9600,12800,'p'),(12800,16000,'p')]"
578,/Users/ssankey/PycharmProjects/AdvReverb/data/SpeechCommands/speech_commands_v0.02/one/bb05582b_nohash_0.wav,11,"[(0,3200,'p'),(3200,6400,'p'),(6400,9600,'p'),(9600,12800,'p'),(12800,16000,'p')]"
579,/Users/ssankey/PycharmProjects/AdvReverb/data/SpeechCommands/speech_commands_v0.02/one/97f4c236_nohash_1.wav,11,"[(0,3200,'p'),(3200,6400,'p'),(6400,9600,'p'),(9600,12800,'p'),(12800,16000,'p')]"
580,/Users/ssankey/PycharmProjects/AdvReverb/data/SpeechCommands/speech_commands_v0.02/one/563aa4e6_nohash_1.wav,11,"[(0,3200,'p'),(3200,6400,'p'),(6400,9600,'p'),(9600,12800,'p'),(12800,16000,'p')]"
581,/Users/ssankey/PycharmProjects/AdvReverb/data/SpeechCommands/speech_commands_v0.02/one/af405b69_nohash_0.wav,11,"[(0,3200,'p'),(3200,6400,'p'),(6400,9600,'p'),(9600,12800,'p'),(12800,16000,'p')]"
582,/Users/ssankey/PycharmProjects/AdvReverb/data/SpeechCommands/speech_commands_v0.02/one/fdb5155e_nohash_1.wav,11,"[(0,3200,'p'),(3200,6400,'p'),(6400,9600,'p'),(9600,12800,'p'),(12800,16000,'p')]"
583,/Users/ssankey/PycharmProjects/AdvReverb/data/SpeechCommands/speech_commands_v0.02/one/adebe223_nohash_0.wav,11,"[(0,3200,'p'),(3200,6400,'p'),(6400,9600,'p'),(9600,12800,'p'),(12800,16000,'p')]"
584,/Users/ssankey/PycharmProjects/AdvReverb/data/SpeechCommands/speech_commands_v0.02/one/f2e59fea_nohash_0.wav,11,"[(0,3200,'p'),(3200,6400,'p'),(6400,9600,'p'),(9600,12800,'p'),(12800,16000,'p')]"
585,/Users/ssankey/PycharmProjects/AdvReverb/data/SpeechCommands/speech_commands_v0.02/one/18f8afd5_nohash_0.wav,11,"[(0,3200,'p'),(3200,6400,'p'),(6400,9600,'p'),(9600,12800,'p'),(12800,16000,'p')]"
586,/Users/ssankey/PycharmProjects/AdvReverb/data/SpeechCommands/speech_commands_v0.02/one/5b1db3ee_nohash_0.wav,11,"[(0,3200,'p'),(3200,6400,'p'),(6400,9600,'p'),(9600,12800,'p'),(12800,16000,'p')]"
587,/Users/ssankey/PycharmProjects/AdvReverb/data/SpeechCommands/speech_commands_v0.02/one/44260689_nohash_0.wav,11,"[(0,3200,'p'),(3200,6400,'p'),(6400,9600,'p'),(9600,12800,'p'),(12800,16000,'p')]"
588,/Users/ssankey/PycharmProjects/AdvReverb/data/SpeechCommands/speech_commands_v0.02/one/e1469561_nohash_2.wav,11,"[(0,3200,'p'),(3200,6400,'p'),(6400,9600,'p'),(9600,12800,'p'),(12800,16000,'p')]"
589,/Users/ssankey/PycharmProjects/AdvReverb/data/SpeechCommands/speech_commands_v0.02/one/5c8af87a_nohash_3.wav,11,"[(0,3200,'p'),(3200,6400,'p'),(6400,9600,'p'),(9600,12800,'p'),(12800,16000,'p')]"
590,/Users/ssankey/PycharmProjects/AdvReverb/data/SpeechCommands/speech_commands_v0.02/one/692a88e6_nohash_4.wav,11,"[(0,3200,'p'),(3200,6400,'p'),(6400,9600,'p'),(9600,12800,'p'),(12800,16000,'p')]"
591,/Users/ssankey/PycharmProjects/AdvReverb/data/SpeechCommands/speech_commands_v0.02/one/e41a903b_nohash_4.wav,11,"[(0,3200,'p'),(3200,6400,'p'),(6400,9600,'p'),(9600,12800,'p'),(12800,16000,'p')]"
592,/Users/ssankey/PycharmProjects/AdvReverb/data/SpeechCommands/speech_commands_v0.02/one/e49428d9_nohash_3.wav,11,"[(0,3200,'p'),(3200,6400,'p'),(6400,9600,'p'),(9600,12800,'p'),(12800,16000,'p')]"
593,/Users/ssankey/PycharmProjects/AdvReverb/data/SpeechCommands/speech_commands_v0.02/one/837a0f64_nohash_2.wav,11,"[(0,3200,'p'),(3200,6400,'p'),(6400,9600,'p'),(9600,12800,'p'),(12800,16000,'p')]"
594,/Users/ssankey/PycharmProjects/AdvReverb/data/SpeechCommands/speech_commands_v0.02/one/3d86b69a_nohash_4.wav,11,"[(0,3200,'p'),(3200,6400,'p'),(6400,9600,'p'),(9600,12800,'p'),(12800,16000,'p')]"
595,/Users/ssankey/PycharmProjects/AdvReverb/data/SpeechCommands/speech_commands_v0.02/one/881583a6_nohash_0.wav,11,"[(0,3200,'p'),(3200,6400,'p'),(6400,9600,'p'),(9600,12800,'p'),(12800,16000,'p')]"
596,/Users/ssankey/PycharmProjects/AdvReverb/data/SpeechCommands/speech_commands_v0.02/one/e49428d9_nohash_2.wav,11,"[(0,3200,'p'),(3200,6400,'p'),(6400,9600,'p'),(9600,12800,'p'),(12800,16000,'p')]"
597,/Users/ssankey/PycharmProjects/AdvReverb/data/SpeechCommands/speech_commands_v0.02/one/837a0f64_nohash_3.wav,11,"[(0,3200,'p'),(3200,6400,'p'),(6400,9600,'p'),(9600,12800,'p'),(12800,16000,'p')]"
598,/Users/ssankey/PycharmProjects/AdvReverb/data/SpeechCommands/speech_commands_v0.02/one/d91a159e_nohash_0.wav,11,"[(0,3200,'p'),(3200,6400,'p'),(6400,9600,'p'),(9600,12800,'p'),(12800,16000,'p')]"
599,/Users/ssankey/PycharmProjects/AdvReverb/data/SpeechCommands/speech_commands_v0.02/one/8c7f81df_nohash_0.wav,11,"[(0,3200,'p'),(3200,6400,'p'),(6400,9600,'p'),(9600,12800,'p'),(12800,16000,'p')]"
600,/Users/ssankey/PycharmProjects/AdvReverb/data/SpeechCommands/speech_commands_v0.02/two/bb05582b_nohash_3.wav,12,"[(0,3200,'p'),(3200,6400,'p'),(6400,9600,'p'),(9600,12800,'p'),(12800,16000,'p')]"
601,/Users/ssankey/PycharmProjects/AdvReverb/data/SpeechCommands/speech_commands_v0.02/two/97f4c236_nohash_2.wav,12,"[(0,3200,'p'),(3200,6400,'p'),(6400,9600,'p'),(9600,12800,'p'),(12800,16000,'p')]"
602,/Users/ssankey/PycharmProjects/AdvReverb/data/SpeechCommands/speech_commands_v0.02/two/563aa4e6_nohash_2.wav,12,"[(0,3200,'p'),(3200,6400,'p'),(6400,9600,'p'),(9600,12800,'p'),(12800,16000,'p')]"
603,/Users/ssankey/PycharmProjects/AdvReverb/data/SpeechCommands/speech_commands_v0.02/two/f2e59fea_nohash_3.wav,12,"[(0,3200,'p'),(3200,6400,'p'),(6400,9600,'p'),(9600,12800,'p'),(12800,16000,'p')]"
604,/Users/ssankey/PycharmProjects/AdvReverb/data/SpeechCommands/speech_commands_v0.02/two/aef8dcf5_nohash_0.wav,12,"[(0,3200,'p'),(3200,6400,'p'),(6400,9600,'p'),(9600,12800,'p'),(12800,16000,'p')]"
605,/Users/ssankey/PycharmProjects/AdvReverb/data/SpeechCommands/speech_commands_v0.02/two/dc75148d_nohash_0.wav,12,"[(0,3200,'p'),(3200,6400,'p'),(6400,9600,'p'),(9600,12800,'p'),(12800,16000,'p')]"
606,/Users/ssankey/PycharmProjects/AdvReverb/data/SpeechCommands/speech_commands_v0.02/two/c9b5ff26_nohash_4.wav,12,"[(0,3200,'p'),(3200,6400,'p'),(6400,9600,'p'),(9600,12800,'p'),(12800,16000,'p')]"
607,/Users/ssankey/PycharmProjects/AdvReverb/data/SpeechCommands/speech_commands_v0.02/two/cfbedff9_nohash_4.wav,12,"[(0,3200,'p'),(3200,6400,'p'),(6400,9600,'p'),(9600,12800,'p'),(12800,16000,'p')]"
608,/Users/ssankey/PycharmProjects/AdvReverb/data/SpeechCommands/speech_commands_v0.02/two/18f8afd5_nohash_3.wav,12,"[(0,3200,'p'),(3200,6400,'p'),(6400,9600,'p'),(9600,12800,'p'),(12800,16000,'p')]"
609,/Users/ssankey/PycharmProjects/AdvReverb/data/SpeechCommands/speech_commands_v0.02/two/e1469561_nohash_1.wav,12,"[(0,3200,'p'),(3200,6400,'p'),(6400,9600,'p'),(9600,12800,'p'),(12800,16000,'p')]"
610,/Users/ssankey/PycharmProjects/AdvReverb/data/SpeechCommands/speech_commands_v0.02/two/5c8af87a_nohash_0.wav,12,"[(0,3200,'p'),(3200,6400,'p'),(6400,9600,'p'),(9600,12800,'p'),(12800,16000,'p')]"
611,/Users/ssankey/PycharmProjects/AdvReverb/data/SpeechCommands/speech_commands_v0.02/two/aa48c94a_nohash_0.wav,12,"[(0,3200,'p'),(3200,6400,'p'),(6400,9600,'p'),(9600,12800,'p'),(12800,16000,'p')]"
612,/Users/ssankey/PycharmProjects/AdvReverb/data/SpeechCommands/speech_commands_v0.02/two/837a0f64_nohash_1.wav,12,"[(0,3200,'p'),(3200,6400,'p'),(6400,9600,'p'),(9600,12800,'p'),(12800,16000,'p')]"
613,/Users/ssankey/PycharmProjects/AdvReverb/data/SpeechCommands/speech_commands_v0.02/two/e49428d9_nohash_0.wav,12,"[(0,3200,'p'),(3200,6400,'p'),(6400,9600,'p'),(9600,12800,'p'),(12800,16000,'p')]"
614,/Users/ssankey/PycharmProjects/AdvReverb/data/SpeechCommands/speech_commands_v0.02/two/d1bf406b_nohash_0.wav,12,"[(0,3200,'p'),(3200,6400,'p'),(6400,9600,'p'),(9600,12800,'p'),(12800,16000,'p')]"
615,/Users/ssankey/PycharmProjects/AdvReverb/data/SpeechCommands/speech_commands_v0.02/two/9d4bab4f_nohash_0.wav,12,"[(0,3200,'p'),(3200,6400,'p'),(6400,9600,'p'),(9600,12800,'p'),(12800,16000,'p')]"
616,/Users/ssankey/PycharmProjects/AdvReverb/data/SpeechCommands/speech_commands_v0.02/two/837a0f64_nohash_0.wav,12,"[(0,3200,'p'),(3200,6400,'p'),(6400,9600,'p'),(9600,12800,'p'),(12800,16000,'p')]"
617,/Users/ssankey/PycharmProjects/AdvReverb/data/SpeechCommands/speech_commands_v0.02/two/e49428d9_nohash_1.wav,12,"[(0,3200,'p'),(3200,6400,'p'),(6400,9600,'p'),(9600,12800,'p'),(12800,16000,'p')]"
618,/Users/ssankey/PycharmProjects/AdvReverb/data/SpeechCommands/speech_commands_v0.02/two/5c8af87a_nohash_1.wav,12,"[(0,3200,'p'),(3200,6400,'p'),(6400,9600,'p'),(9600,12800,'p'),(12800,16000,'p')]"
619,/Users/ssankey/PycharmProjects/AdvReverb/data/SpeechCommands/speech_commands_v0.02/two/24ad3ebe_nohash_0.wav,12,"[(0,3200,'p'),(3200,6400,'p'),(6400,9600,'p'),(9600,12800,'p'),(12800,16000,'p')]"
620,/Users/ssankey/PycharmProjects/AdvReverb/data/SpeechCommands/speech_commands_v0.02/two/e1469561_nohash_0.wav,12,"[(0,3200,'p'),(3200,6400,'p'),(6400,9600,'p'),(9600,12800,'p'),(12800,16000,'p')]"
621,/Users/ssankey/PycharmProjects/AdvReverb/data/SpeechCommands/speech_commands_v0.02/two/18f8afd5_nohash_2.wav,12,"[(0,3200,'p'),(3200,6400,'p'),(6400,9600,'p'),(9600,12800,'p'),(12800,16000,'p')]"
622,/Users/ssankey/PycharmProjects/AdvReverb/data/SpeechCommands/speech_commands_v0.02/two/f2e59fea_nohash_2.wav,12,"[(0,3200,'p'),(3200,6400,'p'),(6400,9600,'p'),(9600,12800,'p'),(12800,16000,'p')]"
623,/Users/ssankey/PycharmProjects/AdvReverb/data/SpeechCommands/speech_commands_v0.02/two/68dd409e_nohash_0.wav,12,"[(0,3200,'p'),(3200,6400,'p'),(6400,9600,'p'),(9600,12800,'p'),(12800,16000,'p')]"
624,/Users/ssankey/PycharmProjects/AdvReverb/data/SpeechCommands/speech_commands_v0.02/two/82d0d3ba_nohash_0.wav,12,"[(0,3200,'p'),(3200,6400,'p'),(6400,9600,'p'),(9600,12800,'p'),(12800,16000,'p')]"
625,/Users/ssankey/PycharmProjects/AdvReverb/data/SpeechCommands/speech_commands_v0.02/two/563aa4e6_nohash_3.wav,12,"[(0,3200,'p'),(3200,6400,'p'),(6400,9600,'p'),(9600,12800,'p'),(12800,16000,'p')]"
626,/Users/ssankey/PycharmProjects/AdvReverb/data/SpeechCommands/speech_commands_v0.02/two/97f4c236_nohash_3.wav,12,"[(0,3200,'p'),(3200,6400,'p'),(6400,9600,'p'),(9600,12800,'p'),(12800,16000,'p')]"
627,/Users/ssankey/PycharmProjects/AdvReverb/data/SpeechCommands/speech_commands_v0.02/two/f428ca69_nohash_0.wav,12,"[(0,3200,'p'),(3200,6400,'p'),(6400,9600,'p'),(9600,12800,'p'),(12800,16000,'p')]"
628,/Users/ssankey/PycharmProjects/AdvReverb/data/SpeechCommands/speech_commands_v0.02/two/bb05582b_nohash_2.wav,12,"[(0,3200,'p'),(3200,6400,'p'),(6400,9600,'p'),(9600,12800,'p'),(12800,16000,'p')]"
629,/Users/ssankey/PycharmProjects/AdvReverb/data/SpeechCommands/speech_commands_v0.02/two/af130f12_nohash_0.wav,12,"[(0,3200,'p'),(3200,6400,'p'),(6400,9600,'p'),(9600,12800,'p'),(12800,16000,'p')]"
630,/Users/ssankey/PycharmProjects/AdvReverb/data/SpeechCommands/speech_commands_v0.02/two/c518d1b1_nohash_0.wav,12,"[(0,3200,'p'),(3200,6400,'p'),(6400,9600,'p'),(9600,12800,'p'),(12800,16000,'p')]"
631,/Users/ssankey/PycharmProjects/AdvReverb/data/SpeechCommands/speech_commands_v0.02/two/bb05582b_nohash_0.wav,12,"[(0,3200,'p'),(3200,6400,'p'),(6400,9600,'p'),(9600,12800,'p'),(12800,16000,'p')]"
632,/Users/ssankey/PycharmProjects/AdvReverb/data/SpeechCommands/speech_commands_v0.02/two/62ff07ef_nohash_0.wav,12,"[(0,3200,'p'),(3200,6400,'p'),(6400,9600,'p'),(9600,12800,'p'),(12800,16000,'p')]"
633,/Users/ssankey/PycharmProjects/AdvReverb/data/SpeechCommands/speech_commands_v0.02/two/97f4c236_nohash_1.wav,12,"[(0,3200,'p'),(3200,6400,'p'),(6400,9600,'p'),(9600,12800,'p'),(12800,16000,'p')]"
634,/Users/ssankey/PycharmProjects/AdvReverb/data/SpeechCommands/speech_commands_v0.02/two/563aa4e6_nohash_1.wav,12,"[(0,3200,'p'),(3200,6400,'p'),(6400,9600,'p'),(9600,12800,'p'),(12800,16000,'p')]"
635,/Users/ssankey/PycharmProjects/AdvReverb/data/SpeechCommands/speech_commands_v0.02/two/af405b69_nohash_0.wav,12,"[(0,3200,'p'),(3200,6400,'p'),(6400,9600,'p'),(9600,12800,'p'),(12800,16000,'p')]"
636,/Users/ssankey/PycharmProjects/AdvReverb/data/SpeechCommands/speech_commands_v0.02/two/e9901cf0_nohash_1.wav,12,"[(0,3200,'p'),(3200,6400,'p'),(6400,9600,'p'),(9600,12800,'p'),(12800,16000,'p')]"
637,/Users/ssankey/PycharmProjects/AdvReverb/data/SpeechCommands/speech_commands_v0.02/two/fdb5155e_nohash_1.wav,12,"[(0,3200,'p'),(3200,6400,'p'),(6400,9600,'p'),(9600,12800,'p'),(12800,16000,'p')]"
638,/Users/ssankey/PycharmProjects/AdvReverb/data/SpeechCommands/speech_commands_v0.02/two/adebe223_nohash_0.wav,12,"[(0,3200,'p'),(3200,6400,'p'),(6400,9600,'p'),(9600,12800,'p'),(12800,16000,'p')]"
639,/Users/ssankey/PycharmProjects/AdvReverb/data/SpeechCommands/speech_commands_v0.02/two/f2e59fea_nohash_0.wav,12,"[(0,3200,'p'),(3200,6400,'p'),(6400,9600,'p'),(9600,12800,'p'),(12800,16000,'p')]"
640,/Users/ssankey/PycharmProjects/AdvReverb/data/SpeechCommands/speech_commands_v0.02/two/84d1e469_nohash_0.wav,12,"[(0,3200,'p'),(3200,6400,'p'),(6400,9600,'p'),(9600,12800,'p'),(12800,16000,'p')]"
641,/Users/ssankey/PycharmProjects/AdvReverb/data/SpeechCommands/speech_commands_v0.02/two/8fe52b97_nohash_1.wav,12,"[(0,3200,'p'),(3200,6400,'p'),(6400,9600,'p'),(9600,12800,'p'),(12800,16000,'p')]"
642,/Users/ssankey/PycharmProjects/AdvReverb/data/SpeechCommands/speech_commands_v0.02/two/18f8afd5_nohash_0.wav,12,"[(0,3200,'p'),(3200,6400,'p'),(6400,9600,'p'),(9600,12800,'p'),(12800,16000,'p')]"
643,/Users/ssankey/PycharmProjects/AdvReverb/data/SpeechCommands/speech_commands_v0.02/two/5b1db3ee_nohash_0.wav,12,"[(0,3200,'p'),(3200,6400,'p'),(6400,9600,'p'),(9600,12800,'p'),(12800,16000,'p')]"
644,/Users/ssankey/PycharmProjects/AdvReverb/data/SpeechCommands/speech_commands_v0.02/two/44260689_nohash_0.wav,12,"[(0,3200,'p'),(3200,6400,'p'),(6400,9600,'p'),(9600,12800,'p'),(12800,16000,'p')]"
645,/Users/ssankey/PycharmProjects/AdvReverb/data/SpeechCommands/speech_commands_v0.02/two/e1469561_nohash_2.wav,12,"[(0,3200,'p'),(3200,6400,'p'),(6400,9600,'p'),(9600,12800,'p'),(12800,16000,'p')]"
646,/Users/ssankey/PycharmProjects/AdvReverb/data/SpeechCommands/speech_commands_v0.02/two/5c8af87a_nohash_3.wav,12,"[(0,3200,'p'),(3200,6400,'p'),(6400,9600,'p'),(9600,12800,'p'),(12800,16000,'p')]"
647,/Users/ssankey/PycharmProjects/AdvReverb/data/SpeechCommands/speech_commands_v0.02/two/692a88e6_nohash_4.wav,12,"[(0,3200,'p'),(3200,6400,'p'),(6400,9600,'p'),(9600,12800,'p'),(12800,16000,'p')]"
648,/Users/ssankey/PycharmProjects/AdvReverb/data/SpeechCommands/speech_commands_v0.02/two/e41a903b_nohash_4.wav,12,"[(0,3200,'p'),(3200,6400,'p'),(6400,9600,'p'),(9600,12800,'p'),(12800,16000,'p')]"
649,/Users/ssankey/PycharmProjects/AdvReverb/data/SpeechCommands/speech_commands_v0.02/two/e49428d9_nohash_3.wav,12,"[(0,3200,'p'),(3200,6400,'p'),(6400,9600,'p'),(9600,12800,'p'),(12800,16000,'p')]"
650,/Users/ssankey/PycharmProjects/AdvReverb/data/SpeechCommands/speech_commands_v0.02/three/97f4c236_nohash_2.wav,13,"[(0,3200,'p'),(3200,6400,'p'),(6400,9600,'p'),(9600,12800,'p'),(12800,16000,'p')]"
651,/Users/ssankey/PycharmProjects/AdvReverb/data/SpeechCommands/speech_commands_v0.02/three/563aa4e6_nohash_2.wav,13,"[(0,3200,'p'),(3200,6400,'p'),(6400,9600,'p'),(9600,12800,'p'),(12800,16000,'p')]"
652,/Users/ssankey/PycharmProjects/AdvReverb/data/SpeechCommands/speech_commands_v0.02/three/f428ca69_nohash_1.wav,13,"[(0,3200,'p'),(3200,6400,'p'),(6400,9600,'p'),(9600,12800,'p'),(12800,16000,'p')]"
653,/Users/ssankey/PycharmProjects/AdvReverb/data/SpeechCommands/speech_commands_v0.02/three/f2e59fea_nohash_3.wav,13,"[(0,3200,'p'),(3200,6400,'p'),(6400,9600,'p'),(9600,12800,'p'),(12800,16000,'p')]"
654,/Users/ssankey/PycharmProjects/AdvReverb/data/SpeechCommands/speech_commands_v0.02/three/aef8dcf5_nohash_0.wav,13,"[(0,3200,'p'),(3200,6400,'p'),(6400,9600,'p'),(9600,12800,'p'),(12800,16000,'p')]"
655,/Users/ssankey/PycharmProjects/AdvReverb/data/SpeechCommands/speech_commands_v0.02/three/dc75148d_nohash_0.wav,13,"[(0,3200,'p'),(3200,6400,'p'),(6400,9600,'p'),(9600,12800,'p'),(12800,16000,'p')]"
656,/Users/ssankey/PycharmProjects/AdvReverb/data/SpeechCommands/speech_commands_v0.02/three/3f170018_nohash_0.wav,13,"[(0,3200,'p'),(3200,6400,'p'),(6400,9600,'p'),(9600,12800,'p'),(12800,16000,'p')]"
657,/Users/ssankey/PycharmProjects/AdvReverb/data/SpeechCommands/speech_commands_v0.02/three/cfbedff9_nohash_4.wav,13,"[(0,3200,'p'),(3200,6400,'p'),(6400,9600,'p'),(9600,12800,'p'),(12800,16000,'p')]"
658,/Users/ssankey/PycharmProjects/AdvReverb/data/SpeechCommands/speech_commands_v0.02/three/8fe52b97_nohash_2.wav,13,"[(0,3200,'p'),(3200,6400,'p'),(6400,9600,'p'),(9600,12800,'p'),(12800,16000,'p')]"
659,/Users/ssankey/PycharmProjects/AdvReverb/data/SpeechCommands/speech_commands_v0.02/three/18f8afd5_nohash_3.wav,13,"[(0,3200,'p'),(3200,6400,'p'),(6400,9600,'p'),(9600,12800,'p'),(12800,16000,'p')]"
660,/Users/ssankey/PycharmProjects/AdvReverb/data/SpeechCommands/speech_commands_v0.02/three/e1469561_nohash_1.wav,13,"[(0,3200,'p'),(3200,6400,'p'),(6400,9600,'p'),(9600,12800,'p'),(12800,16000,'p')]"
661,/Users/ssankey/PycharmProjects/AdvReverb/data/SpeechCommands/speech_commands_v0.02/three/5c8af87a_nohash_0.wav,13,"[(0,3200,'p'),(3200,6400,'p'),(6400,9600,'p'),(9600,12800,'p'),(12800,16000,'p')]"
662,/Users/ssankey/PycharmProjects/AdvReverb/data/SpeechCommands/speech_commands_v0.02/three/aa48c94a_nohash_0.wav,13,"[(0,3200,'p'),(3200,6400,'p'),(6400,9600,'p'),(9600,12800,'p'),(12800,16000,'p')]"
663,/Users/ssankey/PycharmProjects/AdvReverb/data/SpeechCommands/speech_commands_v0.02/three/837a0f64_nohash_1.wav,13,"[(0,3200,'p'),(3200,6400,'p'),(6400,9600,'p'),(9600,12800,'p'),(12800,16000,'p')]"
664,/Users/ssankey/PycharmProjects/AdvReverb/data/SpeechCommands/speech_commands_v0.02/three/e49428d9_nohash_0.wav,13,"[(0,3200,'p'),(3200,6400,'p'),(6400,9600,'p'),(9600,12800,'p'),(12800,16000,'p')]"
665,/Users/ssankey/PycharmProjects/AdvReverb/data/SpeechCommands/speech_commands_v0.02/three/28497c5b_nohash_1.wav,13,"[(0,3200,'p'),(3200,6400,'p'),(6400,9600,'p'),(9600,12800,'p'),(12800,16000,'p')]"
666,/Users/ssankey/PycharmProjects/AdvReverb/data/SpeechCommands/speech_commands_v0.02/three/9d4bab4f_nohash_0.wav,13,"[(0,3200,'p'),(3200,6400,'p'),(6400,9600,'p'),(9600,12800,'p'),(12800,16000,'p')]"
667,/Users/ssankey/PycharmProjects/AdvReverb/data/SpeechCommands/speech_commands_v0.02/three/837a0f64_nohash_0.wav,13,"[(0,3200,'p'),(3200,6400,'p'),(6400,9600,'p'),(9600,12800,'p'),(12800,16000,'p')]"
668,/Users/ssankey/PycharmProjects/AdvReverb/data/SpeechCommands/speech_commands_v0.02/three/28497c5b_nohash_0.wav,13,"[(0,3200,'p'),(3200,6400,'p'),(6400,9600,'p'),(9600,12800,'p'),(12800,16000,'p')]"
669,/Users/ssankey/PycharmProjects/AdvReverb/data/SpeechCommands/speech_commands_v0.02/three/e49428d9_nohash_1.wav,13,"[(0,3200,'p'),(3200,6400,'p'),(6400,9600,'p'),(9600,12800,'p'),(12800,16000,'p')]"
670,/Users/ssankey/PycharmProjects/AdvReverb/data/SpeechCommands/speech_commands_v0.02/three/aa80f517_nohash_4.wav,13,"[(0,3200,'p'),(3200,6400,'p'),(6400,9600,'p'),(9600,12800,'p'),(12800,16000,'p')]"
671,/Users/ssankey/PycharmProjects/AdvReverb/data/SpeechCommands/speech_commands_v0.02/three/5c8af87a_nohash_1.wav,13,"[(0,3200,'p'),(3200,6400,'p'),(6400,9600,'p'),(9600,12800,'p'),(12800,16000,'p')]"
672,/Users/ssankey/PycharmProjects/AdvReverb/data/SpeechCommands/speech_commands_v0.02/three/24ad3ebe_nohash_0.wav,13,"[(0,3200,'p'),(3200,6400,'p'),(6400,9600,'p'),(9600,12800,'p'),(12800,16000,'p')]"
673,/Users/ssankey/PycharmProjects/AdvReverb/data/SpeechCommands/speech_commands_v0.02/three/e1469561_nohash_0.wav,13,"[(0,3200,'p'),(3200,6400,'p'),(6400,9600,'p'),(9600,12800,'p'),(12800,16000,'p')]"
674,/Users/ssankey/PycharmProjects/AdvReverb/data/SpeechCommands/speech_commands_v0.02/three/44260689_nohash_2.wav,13,"[(0,3200,'p'),(3200,6400,'p'),(6400,9600,'p'),(9600,12800,'p'),(12800,16000,'p')]"
675,/Users/ssankey/PycharmProjects/AdvReverb/data/SpeechCommands/speech_commands_v0.02/three/18f8afd5_nohash_2.wav,13,"[(0,3200,'p'),(3200,6400,'p'),(6400,9600,'p'),(9600,12800,'p'),(12800,16000,'p')]"
676,/Users/ssankey/PycharmProjects/AdvReverb/data/SpeechCommands/speech_commands_v0.02/three/dc75148d_nohash_1.wav,13,"[(0,3200,'p'),(3200,6400,'p'),(6400,9600,'p'),(9600,12800,'p'),(12800,16000,'p')]"
677,/Users/ssankey/PycharmProjects/AdvReverb/data/SpeechCommands/speech_commands_v0.02/three/f2e59fea_nohash_2.wav,13,"[(0,3200,'p'),(3200,6400,'p'),(6400,9600,'p'),(9600,12800,'p'),(12800,16000,'p')]"
678,/Users/ssankey/PycharmProjects/AdvReverb/data/SpeechCommands/speech_commands_v0.02/three/82d0d3ba_nohash_0.wav,13,"[(0,3200,'p'),(3200,6400,'p'),(6400,9600,'p'),(9600,12800,'p'),(12800,16000,'p')]"
679,/Users/ssankey/PycharmProjects/AdvReverb/data/SpeechCommands/speech_commands_v0.02/three/563aa4e6_nohash_3.wav,13,"[(0,3200,'p'),(3200,6400,'p'),(6400,9600,'p'),(9600,12800,'p'),(12800,16000,'p')]"
680,/Users/ssankey/PycharmProjects/AdvReverb/data/SpeechCommands/speech_commands_v0.02/three/97f4c236_nohash_3.wav,13,"[(0,3200,'p'),(3200,6400,'p'),(6400,9600,'p'),(9600,12800,'p'),(12800,16000,'p')]"
681,/Users/ssankey/PycharmProjects/AdvReverb/data/SpeechCommands/speech_commands_v0.02/three/62ff07ef_nohash_2.wav,13,"[(0,3200,'p'),(3200,6400,'p'),(6400,9600,'p'),(9600,12800,'p'),(12800,16000,'p')]"
682,/Users/ssankey/PycharmProjects/AdvReverb/data/SpeechCommands/speech_commands_v0.02/three/f428ca69_nohash_0.wav,13,"[(0,3200,'p'),(3200,6400,'p'),(6400,9600,'p'),(9600,12800,'p'),(12800,16000,'p')]"
683,/Users/ssankey/PycharmProjects/AdvReverb/data/SpeechCommands/speech_commands_v0.02/three/bb05582b_nohash_2.wav,13,"[(0,3200,'p'),(3200,6400,'p'),(6400,9600,'p'),(9600,12800,'p'),(12800,16000,'p')]"
684,/Users/ssankey/PycharmProjects/AdvReverb/data/SpeechCommands/speech_commands_v0.02/three/c518d1b1_nohash_0.wav,13,"[(0,3200,'p'),(3200,6400,'p'),(6400,9600,'p'),(9600,12800,'p'),(12800,16000,'p')]"
685,/Users/ssankey/PycharmProjects/AdvReverb/data/SpeechCommands/speech_commands_v0.02/three/bb05582b_nohash_0.wav,13,"[(0,3200,'p'),(3200,6400,'p'),(6400,9600,'p'),(9600,12800,'p'),(12800,16000,'p')]"
686,/Users/ssankey/PycharmProjects/AdvReverb/data/SpeechCommands/speech_commands_v0.02/three/62ff07ef_nohash_0.wav,13,"[(0,3200,'p'),(3200,6400,'p'),(6400,9600,'p'),(9600,12800,'p'),(12800,16000,'p')]"
687,/Users/ssankey/PycharmProjects/AdvReverb/data/SpeechCommands/speech_commands_v0.02/three/97f4c236_nohash_1.wav,13,"[(0,3200,'p'),(3200,6400,'p'),(6400,9600,'p'),(9600,12800,'p'),(12800,16000,'p')]"
688,/Users/ssankey/PycharmProjects/AdvReverb/data/SpeechCommands/speech_commands_v0.02/three/563aa4e6_nohash_1.wav,13,"[(0,3200,'p'),(3200,6400,'p'),(6400,9600,'p'),(9600,12800,'p'),(12800,16000,'p')]"
689,/Users/ssankey/PycharmProjects/AdvReverb/data/SpeechCommands/speech_commands_v0.02/three/af405b69_nohash_0.wav,13,"[(0,3200,'p'),(3200,6400,'p'),(6400,9600,'p'),(9600,12800,'p'),(12800,16000,'p')]"
690,/Users/ssankey/PycharmProjects/AdvReverb/data/SpeechCommands/speech_commands_v0.02/three/e9901cf0_nohash_1.wav,13,"[(0,3200,'p'),(3200,6400,'p'),(6400,9600,'p'),(9600,12800,'p'),(12800,16000,'p')]"
691,/Users/ssankey/PycharmProjects/AdvReverb/data/SpeechCommands/speech_commands_v0.02/three/adebe223_nohash_0.wav,13,"[(0,3200,'p'),(3200,6400,'p'),(6400,9600,'p'),(9600,12800,'p'),(12800,16000,'p')]"
692,/Users/ssankey/PycharmProjects/AdvReverb/data/SpeechCommands/speech_commands_v0.02/three/f2e59fea_nohash_0.wav,13,"[(0,3200,'p'),(3200,6400,'p'),(6400,9600,'p'),(9600,12800,'p'),(12800,16000,'p')]"
693,/Users/ssankey/PycharmProjects/AdvReverb/data/SpeechCommands/speech_commands_v0.02/three/dc75148d_nohash_3.wav,13,"[(0,3200,'p'),(3200,6400,'p'),(6400,9600,'p'),(9600,12800,'p'),(12800,16000,'p')]"
694,/Users/ssankey/PycharmProjects/AdvReverb/data/SpeechCommands/speech_commands_v0.02/three/8fe52b97_nohash_1.wav,13,"[(0,3200,'p'),(3200,6400,'p'),(6400,9600,'p'),(9600,12800,'p'),(12800,16000,'p')]"
695,/Users/ssankey/PycharmProjects/AdvReverb/data/SpeechCommands/speech_commands_v0.02/three/18f8afd5_nohash_0.wav,13,"[(0,3200,'p'),(3200,6400,'p'),(6400,9600,'p'),(9600,12800,'p'),(12800,16000,'p')]"
696,/Users/ssankey/PycharmProjects/AdvReverb/data/SpeechCommands/speech_commands_v0.02/three/5b1db3ee_nohash_0.wav,13,"[(0,3200,'p'),(3200,6400,'p'),(6400,9600,'p'),(9600,12800,'p'),(12800,16000,'p')]"
697,/Users/ssankey/PycharmProjects/AdvReverb/data/SpeechCommands/speech_commands_v0.02/three/44260689_nohash_0.wav,13,"[(0,3200,'p'),(3200,6400,'p'),(6400,9600,'p'),(9600,12800,'p'),(12800,16000,'p')]"
698,/Users/ssankey/PycharmProjects/AdvReverb/data/SpeechCommands/speech_commands_v0.02/three/e1469561_nohash_2.wav,13,"[(0,3200,'p'),(3200,6400,'p'),(6400,9600,'p'),(9600,12800,'p'),(12800,16000,'p')]"
699,/Users/ssankey/PycharmProjects/AdvReverb/data/SpeechCommands/speech_commands_v0.02/three/5c8af87a_nohash_3.wav,13,"[(0,3200,'p'),(3200,6400,'p'),(6400,9600,'p'),(9600,12800,'p'),(12800,16000,'p')]"
700,/Users/ssankey/PycharmProjects/AdvReverb/data/SpeechCommands/speech_commands_v0.02/four/bb05582b_nohash_3.wav,14,"[(0,3200,'p'),(3200,6400,'p'),(6400,9600,'p'),(9600,12800,'p'),(12800,16000,'p')]"
701,/Users/ssankey/PycharmProjects/AdvReverb/data/SpeechCommands/speech_commands_v0.02/four/97f4c236_nohash_2.wav,14,"[(0,3200,'p'),(3200,6400,'p'),(6400,9600,'p'),(9600,12800,'p'),(12800,16000,'p')]"
702,/Users/ssankey/PycharmProjects/AdvReverb/data/SpeechCommands/speech_commands_v0.02/four/563aa4e6_nohash_2.wav,14,"[(0,3200,'p'),(3200,6400,'p'),(6400,9600,'p'),(9600,12800,'p'),(12800,16000,'p')]"
703,/Users/ssankey/PycharmProjects/AdvReverb/data/SpeechCommands/speech_commands_v0.02/four/f2e59fea_nohash_3.wav,14,"[(0,3200,'p'),(3200,6400,'p'),(6400,9600,'p'),(9600,12800,'p'),(12800,16000,'p')]"
704,/Users/ssankey/PycharmProjects/AdvReverb/data/SpeechCommands/speech_commands_v0.02/four/fdb5155e_nohash_2.wav,14,"[(0,3200,'p'),(3200,6400,'p'),(6400,9600,'p'),(9600,12800,'p'),(12800,16000,'p')]"
705,/Users/ssankey/PycharmProjects/AdvReverb/data/SpeechCommands/speech_commands_v0.02/four/aef8dcf5_nohash_0.wav,14,"[(0,3200,'p'),(3200,6400,'p'),(6400,9600,'p'),(9600,12800,'p'),(12800,16000,'p')]"
706,/Users/ssankey/PycharmProjects/AdvReverb/data/SpeechCommands/speech_commands_v0.02/four/dc75148d_nohash_0.wav,14,"[(0,3200,'p'),(3200,6400,'p'),(6400,9600,'p'),(9600,12800,'p'),(12800,16000,'p')]"
707,/Users/ssankey/PycharmProjects/AdvReverb/data/SpeechCommands/speech_commands_v0.02/four/c9b5ff26_nohash_4.wav,14,"[(0,3200,'p'),(3200,6400,'p'),(6400,9600,'p'),(9600,12800,'p'),(12800,16000,'p')]"
708,/Users/ssankey/PycharmProjects/AdvReverb/data/SpeechCommands/speech_commands_v0.02/four/cfbedff9_nohash_4.wav,14,"[(0,3200,'p'),(3200,6400,'p'),(6400,9600,'p'),(9600,12800,'p'),(12800,16000,'p')]"
709,/Users/ssankey/PycharmProjects/AdvReverb/data/SpeechCommands/speech_commands_v0.02/four/18f8afd5_nohash_3.wav,14,"[(0,3200,'p'),(3200,6400,'p'),(6400,9600,'p'),(9600,12800,'p'),(12800,16000,'p')]"
710,/Users/ssankey/PycharmProjects/AdvReverb/data/SpeechCommands/speech_commands_v0.02/four/e1469561_nohash_1.wav,14,"[(0,3200,'p'),(3200,6400,'p'),(6400,9600,'p'),(9600,12800,'p'),(12800,16000,'p')]"
711,/Users/ssankey/PycharmProjects/AdvReverb/data/SpeechCommands/speech_commands_v0.02/four/5c8af87a_nohash_0.wav,14,"[(0,3200,'p'),(3200,6400,'p'),(6400,9600,'p'),(9600,12800,'p'),(12800,16000,'p')]"
712,/Users/ssankey/PycharmProjects/AdvReverb/data/SpeechCommands/speech_commands_v0.02/four/837a0f64_nohash_1.wav,14,"[(0,3200,'p'),(3200,6400,'p'),(6400,9600,'p'),(9600,12800,'p'),(12800,16000,'p')]"
713,/Users/ssankey/PycharmProjects/AdvReverb/data/SpeechCommands/speech_commands_v0.02/four/e49428d9_nohash_0.wav,14,"[(0,3200,'p'),(3200,6400,'p'),(6400,9600,'p'),(9600,12800,'p'),(12800,16000,'p')]"
714,/Users/ssankey/PycharmProjects/AdvReverb/data/SpeechCommands/speech_commands_v0.02/four/d1bf406b_nohash_0.wav,14,"[(0,3200,'p'),(3200,6400,'p'),(6400,9600,'p'),(9600,12800,'p'),(12800,16000,'p')]"
715,/Users/ssankey/PycharmProjects/AdvReverb/data/SpeechCommands/speech_commands_v0.02/four/c7124b73_nohash_0.wav,14,"[(0,3200,'p'),(3200,6400,'p'),(6400,9600,'p'),(9600,12800,'p'),(12800,16000,'p')]"
716,/Users/ssankey/PycharmProjects/AdvReverb/data/SpeechCommands/speech_commands_v0.02/four/837a0f64_nohash_0.wav,14,"[(0,3200,'p'),(3200,6400,'p'),(6400,9600,'p'),(9600,12800,'p'),(12800,16000,'p')]"
717,/Users/ssankey/PycharmProjects/AdvReverb/data/SpeechCommands/speech_commands_v0.02/four/e49428d9_nohash_1.wav,14,"[(0,3200,'p'),(3200,6400,'p'),(6400,9600,'p'),(9600,12800,'p'),(12800,16000,'p')]"
718,/Users/ssankey/PycharmProjects/AdvReverb/data/SpeechCommands/speech_commands_v0.02/four/aa80f517_nohash_4.wav,14,"[(0,3200,'p'),(3200,6400,'p'),(6400,9600,'p'),(9600,12800,'p'),(12800,16000,'p')]"
719,/Users/ssankey/PycharmProjects/AdvReverb/data/SpeechCommands/speech_commands_v0.02/four/5c8af87a_nohash_1.wav,14,"[(0,3200,'p'),(3200,6400,'p'),(6400,9600,'p'),(9600,12800,'p'),(12800,16000,'p')]"
720,/Users/ssankey/PycharmProjects/AdvReverb/data/SpeechCommands/speech_commands_v0.02/four/e1469561_nohash_0.wav,14,"[(0,3200,'p'),(3200,6400,'p'),(6400,9600,'p'),(9600,12800,'p'),(12800,16000,'p')]"
721,/Users/ssankey/PycharmProjects/AdvReverb/data/SpeechCommands/speech_commands_v0.02/four/7257420c_nohash_0.wav,14,"[(0,3200,'p'),(3200,6400,'p'),(6400,9600,'p'),(9600,12800,'p'),(12800,16000,'p')]"
722,/Users/ssankey/PycharmProjects/AdvReverb/data/SpeechCommands/speech_commands_v0.02/four/18f8afd5_nohash_2.wav,14,"[(0,3200,'p'),(3200,6400,'p'),(6400,9600,'p'),(9600,12800,'p'),(12800,16000,'p')]"
723,/Users/ssankey/PycharmProjects/AdvReverb/data/SpeechCommands/speech_commands_v0.02/four/aef8dcf5_nohash_1.wav,14,"[(0,3200,'p'),(3200,6400,'p'),(6400,9600,'p'),(9600,12800,'p'),(12800,16000,'p')]"
724,/Users/ssankey/PycharmProjects/AdvReverb/data/SpeechCommands/speech_commands_v0.02/four/dc75148d_nohash_1.wav,14,"[(0,3200,'p'),(3200,6400,'p'),(6400,9600,'p'),(9600,12800,'p'),(12800,16000,'p')]"
725,/Users/ssankey/PycharmProjects/AdvReverb/data/SpeechCommands/speech_commands_v0.02/four/f2e59fea_nohash_2.wav,14,"[(0,3200,'p'),(3200,6400,'p'),(6400,9600,'p'),(9600,12800,'p'),(12800,16000,'p')]"
726,/Users/ssankey/PycharmProjects/AdvReverb/data/SpeechCommands/speech_commands_v0.02/four/97f4c236_nohash_3.wav,14,"[(0,3200,'p'),(3200,6400,'p'),(6400,9600,'p'),(9600,12800,'p'),(12800,16000,'p')]"
727,/Users/ssankey/PycharmProjects/AdvReverb/data/SpeechCommands/speech_commands_v0.02/four/af130f12_nohash_2.wav,14,"[(0,3200,'p'),(3200,6400,'p'),(6400,9600,'p'),(9600,12800,'p'),(12800,16000,'p')]"
728,/Users/ssankey/PycharmProjects/AdvReverb/data/SpeechCommands/speech_commands_v0.02/four/bb05582b_nohash_2.wav,14,"[(0,3200,'p'),(3200,6400,'p'),(6400,9600,'p'),(9600,12800,'p'),(12800,16000,'p')]"
729,/Users/ssankey/PycharmProjects/AdvReverb/data/SpeechCommands/speech_commands_v0.02/four/af130f12_nohash_0.wav,14,"[(0,3200,'p'),(3200,6400,'p'),(6400,9600,'p'),(9600,12800,'p'),(12800,16000,'p')]"
730,/Users/ssankey/PycharmProjects/AdvReverb/data/SpeechCommands/speech_commands_v0.02/four/bb05582b_nohash_0.wav,14,"[(0,3200,'p'),(3200,6400,'p'),(6400,9600,'p'),(9600,12800,'p'),(12800,16000,'p')]"
731,/Users/ssankey/PycharmProjects/AdvReverb/data/SpeechCommands/speech_commands_v0.02/four/62ff07ef_nohash_0.wav,14,"[(0,3200,'p'),(3200,6400,'p'),(6400,9600,'p'),(9600,12800,'p'),(12800,16000,'p')]"
732,/Users/ssankey/PycharmProjects/AdvReverb/data/SpeechCommands/speech_commands_v0.02/four/97f4c236_nohash_1.wav,14,"[(0,3200,'p'),(3200,6400,'p'),(6400,9600,'p'),(9600,12800,'p'),(12800,16000,'p')]"
733,/Users/ssankey/PycharmProjects/AdvReverb/data/SpeechCommands/speech_commands_v0.02/four/563aa4e6_nohash_1.wav,14,"[(0,3200,'p'),(3200,6400,'p'),(6400,9600,'p'),(9600,12800,'p'),(12800,16000,'p')]"
734,/Users/ssankey/PycharmProjects/AdvReverb/data/SpeechCommands/speech_commands_v0.02/four/fdb5155e_nohash_1.wav,14,"[(0,3200,'p'),(3200,6400,'p'),(6400,9600,'p'),(9600,12800,'p'),(12800,16000,'p')]"
735,/Users/ssankey/PycharmProjects/AdvReverb/data/SpeechCommands/speech_commands_v0.02/four/f2e59fea_nohash_0.wav,14,"[(0,3200,'p'),(3200,6400,'p'),(6400,9600,'p'),(9600,12800,'p'),(12800,16000,'p')]"
736,/Users/ssankey/PycharmProjects/AdvReverb/data/SpeechCommands/speech_commands_v0.02/four/18f8afd5_nohash_0.wav,14,"[(0,3200,'p'),(3200,6400,'p'),(6400,9600,'p'),(9600,12800,'p'),(12800,16000,'p')]"
737,/Users/ssankey/PycharmProjects/AdvReverb/data/SpeechCommands/speech_commands_v0.02/four/5b1db3ee_nohash_0.wav,14,"[(0,3200,'p'),(3200,6400,'p'),(6400,9600,'p'),(9600,12800,'p'),(12800,16000,'p')]"
738,/Users/ssankey/PycharmProjects/AdvReverb/data/SpeechCommands/speech_commands_v0.02/four/44260689_nohash_0.wav,14,"[(0,3200,'p'),(3200,6400,'p'),(6400,9600,'p'),(9600,12800,'p'),(12800,16000,'p')]"
739,/Users/ssankey/PycharmProjects/AdvReverb/data/SpeechCommands/speech_commands_v0.02/four/e1469561_nohash_2.wav,14,"[(0,3200,'p'),(3200,6400,'p'),(6400,9600,'p'),(9600,12800,'p'),(12800,16000,'p')]"
740,/Users/ssankey/PycharmProjects/AdvReverb/data/SpeechCommands/speech_commands_v0.02/four/5c8af87a_nohash_3.wav,14,"[(0,3200,'p'),(3200,6400,'p'),(6400,9600,'p'),(9600,12800,'p'),(12800,16000,'p')]"
741,/Users/ssankey/PycharmProjects/AdvReverb/data/SpeechCommands/speech_commands_v0.02/four/e41a903b_nohash_4.wav,14,"[(0,3200,'p'),(3200,6400,'p'),(6400,9600,'p'),(9600,12800,'p'),(12800,16000,'p')]"
742,/Users/ssankey/PycharmProjects/AdvReverb/data/SpeechCommands/speech_commands_v0.02/four/9ba34294_nohash_0.wav,14,"[(0,3200,'p'),(3200,6400,'p'),(6400,9600,'p'),(9600,12800,'p'),(12800,16000,'p')]"
743,/Users/ssankey/PycharmProjects/AdvReverb/data/SpeechCommands/speech_commands_v0.02/four/837a0f64_nohash_2.wav,14,"[(0,3200,'p'),(3200,6400,'p'),(6400,9600,'p'),(9600,12800,'p'),(12800,16000,'p')]"
744,/Users/ssankey/PycharmProjects/AdvReverb/data/SpeechCommands/speech_commands_v0.02/four/e49428d9_nohash_2.wav,14,"[(0,3200,'p'),(3200,6400,'p'),(6400,9600,'p'),(9600,12800,'p'),(12800,16000,'p')]"
745,/Users/ssankey/PycharmProjects/AdvReverb/data/SpeechCommands/speech_commands_v0.02/four/837a0f64_nohash_3.wav,14,"[(0,3200,'p'),(3200,6400,'p'),(6400,9600,'p'),(9600,12800,'p'),(12800,16000,'p')]"
746,/Users/ssankey/PycharmProjects/AdvReverb/data/SpeechCommands/speech_commands_v0.02/four/d91a159e_nohash_0.wav,14,"[(0,3200,'p'),(3200,6400,'p'),(6400,9600,'p'),(9600,12800,'p'),(12800,16000,'p')]"
747,/Users/ssankey/PycharmProjects/AdvReverb/data/SpeechCommands/speech_commands_v0.02/four/8c7f81df_nohash_0.wav,14,"[(0,3200,'p'),(3200,6400,'p'),(6400,9600,'p'),(9600,12800,'p'),(12800,16000,'p')]"
748,/Users/ssankey/PycharmProjects/AdvReverb/data/SpeechCommands/speech_commands_v0.02/four/5c8af87a_nohash_2.wav,14,"[(0,3200,'p'),(3200,6400,'p'),(6400,9600,'p'),(9600,12800,'p'),(12800,16000,'p')]"
749,/Users/ssankey/PycharmProjects/AdvReverb/data/SpeechCommands/speech_commands_v0.02/four/e1469561_nohash_3.wav,14,"[(0,3200,'p'),(3200,6400,'p'),(6400,9600,'p'),(9600,12800,'p'),(12800,16000,'p')]"
750,/Users/ssankey/PycharmProjects/AdvReverb/data/SpeechCommands/speech_commands_v0.02/five/bb05582b_nohash_3.wav,15,"[(0,3200,'p'),(3200,6400,'p'),(6400,9600,'p'),(9600,12800,'p'),(12800,16000,'p')]"
751,/Users/ssankey/PycharmProjects/AdvReverb/data/SpeechCommands/speech_commands_v0.02/five/97f4c236_nohash_2.wav,15,"[(0,3200,'p'),(3200,6400,'p'),(6400,9600,'p'),(9600,12800,'p'),(12800,16000,'p')]"
752,/Users/ssankey/PycharmProjects/AdvReverb/data/SpeechCommands/speech_commands_v0.02/five/563aa4e6_nohash_2.wav,15,"[(0,3200,'p'),(3200,6400,'p'),(6400,9600,'p'),(9600,12800,'p'),(12800,16000,'p')]"
753,/Users/ssankey/PycharmProjects/AdvReverb/data/SpeechCommands/speech_commands_v0.02/five/f428ca69_nohash_1.wav,15,"[(0,3200,'p'),(3200,6400,'p'),(6400,9600,'p'),(9600,12800,'p'),(12800,16000,'p')]"
754,/Users/ssankey/PycharmProjects/AdvReverb/data/SpeechCommands/speech_commands_v0.02/five/f2e59fea_nohash_3.wav,15,"[(0,3200,'p'),(3200,6400,'p'),(6400,9600,'p'),(9600,12800,'p'),(12800,16000,'p')]"
755,/Users/ssankey/PycharmProjects/AdvReverb/data/SpeechCommands/speech_commands_v0.02/five/aef8dcf5_nohash_0.wav,15,"[(0,3200,'p'),(3200,6400,'p'),(6400,9600,'p'),(9600,12800,'p'),(12800,16000,'p')]"
756,/Users/ssankey/PycharmProjects/AdvReverb/data/SpeechCommands/speech_commands_v0.02/five/dc75148d_nohash_0.wav,15,"[(0,3200,'p'),(3200,6400,'p'),(6400,9600,'p'),(9600,12800,'p'),(12800,16000,'p')]"
757,/Users/ssankey/PycharmProjects/AdvReverb/data/SpeechCommands/speech_commands_v0.02/five/c9b5ff26_nohash_4.wav,15,"[(0,3200,'p'),(3200,6400,'p'),(6400,9600,'p'),(9600,12800,'p'),(12800,16000,'p')]"
758,/Users/ssankey/PycharmProjects/AdvReverb/data/SpeechCommands/speech_commands_v0.02/five/cfbedff9_nohash_4.wav,15,"[(0,3200,'p'),(3200,6400,'p'),(6400,9600,'p'),(9600,12800,'p'),(12800,16000,'p')]"
759,/Users/ssankey/PycharmProjects/AdvReverb/data/SpeechCommands/speech_commands_v0.02/five/8fe52b97_nohash_2.wav,15,"[(0,3200,'p'),(3200,6400,'p'),(6400,9600,'p'),(9600,12800,'p'),(12800,16000,'p')]"
760,/Users/ssankey/PycharmProjects/AdvReverb/data/SpeechCommands/speech_commands_v0.02/five/7257420c_nohash_1.wav,15,"[(0,3200,'p'),(3200,6400,'p'),(6400,9600,'p'),(9600,12800,'p'),(12800,16000,'p')]"
761,/Users/ssankey/PycharmProjects/AdvReverb/data/SpeechCommands/speech_commands_v0.02/five/e1469561_nohash_1.wav,15,"[(0,3200,'p'),(3200,6400,'p'),(6400,9600,'p'),(9600,12800,'p'),(12800,16000,'p')]"
762,/Users/ssankey/PycharmProjects/AdvReverb/data/SpeechCommands/speech_commands_v0.02/five/5c8af87a_nohash_0.wav,15,"[(0,3200,'p'),(3200,6400,'p'),(6400,9600,'p'),(9600,12800,'p'),(12800,16000,'p')]"
763,/Users/ssankey/PycharmProjects/AdvReverb/data/SpeechCommands/speech_commands_v0.02/five/837a0f64_nohash_1.wav,15,"[(0,3200,'p'),(3200,6400,'p'),(6400,9600,'p'),(9600,12800,'p'),(12800,16000,'p')]"
764,/Users/ssankey/PycharmProjects/AdvReverb/data/SpeechCommands/speech_commands_v0.02/five/e49428d9_nohash_0.wav,15,"[(0,3200,'p'),(3200,6400,'p'),(6400,9600,'p'),(9600,12800,'p'),(12800,16000,'p')]"
765,/Users/ssankey/PycharmProjects/AdvReverb/data/SpeechCommands/speech_commands_v0.02/five/d1bf406b_nohash_0.wav,15,"[(0,3200,'p'),(3200,6400,'p'),(6400,9600,'p'),(9600,12800,'p'),(12800,16000,'p')]"
766,/Users/ssankey/PycharmProjects/AdvReverb/data/SpeechCommands/speech_commands_v0.02/five/9d4bab4f_nohash_1.wav,15,"[(0,3200,'p'),(3200,6400,'p'),(6400,9600,'p'),(9600,12800,'p'),(12800,16000,'p')]"
767,/Users/ssankey/PycharmProjects/AdvReverb/data/SpeechCommands/speech_commands_v0.02/five/c7124b73_nohash_0.wav,15,"[(0,3200,'p'),(3200,6400,'p'),(6400,9600,'p'),(9600,12800,'p'),(12800,16000,'p')]"
768,/Users/ssankey/PycharmProjects/AdvReverb/data/SpeechCommands/speech_commands_v0.02/five/9d4bab4f_nohash_0.wav,15,"[(0,3200,'p'),(3200,6400,'p'),(6400,9600,'p'),(9600,12800,'p'),(12800,16000,'p')]"
769,/Users/ssankey/PycharmProjects/AdvReverb/data/SpeechCommands/speech_commands_v0.02/five/837a0f64_nohash_0.wav,15,"[(0,3200,'p'),(3200,6400,'p'),(6400,9600,'p'),(9600,12800,'p'),(12800,16000,'p')]"
770,/Users/ssankey/PycharmProjects/AdvReverb/data/SpeechCommands/speech_commands_v0.02/five/e49428d9_nohash_1.wav,15,"[(0,3200,'p'),(3200,6400,'p'),(6400,9600,'p'),(9600,12800,'p'),(12800,16000,'p')]"
771,/Users/ssankey/PycharmProjects/AdvReverb/data/SpeechCommands/speech_commands_v0.02/five/aa80f517_nohash_4.wav,15,"[(0,3200,'p'),(3200,6400,'p'),(6400,9600,'p'),(9600,12800,'p'),(12800,16000,'p')]"
772,/Users/ssankey/PycharmProjects/AdvReverb/data/SpeechCommands/speech_commands_v0.02/five/5c8af87a_nohash_1.wav,15,"[(0,3200,'p'),(3200,6400,'p'),(6400,9600,'p'),(9600,12800,'p'),(12800,16000,'p')]"
773,/Users/ssankey/PycharmProjects/AdvReverb/data/SpeechCommands/speech_commands_v0.02/five/24ad3ebe_nohash_0.wav,15,"[(0,3200,'p'),(3200,6400,'p'),(6400,9600,'p'),(9600,12800,'p'),(12800,16000,'p')]"
774,/Users/ssankey/PycharmProjects/AdvReverb/data/SpeechCommands/speech_commands_v0.02/five/e1469561_nohash_0.wav,15,"[(0,3200,'p'),(3200,6400,'p'),(6400,9600,'p'),(9600,12800,'p'),(12800,16000,'p')]"
775,/Users/ssankey/PycharmProjects/AdvReverb/data/SpeechCommands/speech_commands_v0.02/five/7257420c_nohash_0.wav,15,"[(0,3200,'p'),(3200,6400,'p'),(6400,9600,'p'),(9600,12800,'p'),(12800,16000,'p')]"
776,/Users/ssankey/PycharmProjects/AdvReverb/data/SpeechCommands/speech_commands_v0.02/five/5b1db3ee_nohash_2.wav,15,"[(0,3200,'p'),(3200,6400,'p'),(6400,9600,'p'),(9600,12800,'p'),(12800,16000,'p')]"
777,/Users/ssankey/PycharmProjects/AdvReverb/data/SpeechCommands/speech_commands_v0.02/five/aef8dcf5_nohash_1.wav,15,"[(0,3200,'p'),(3200,6400,'p'),(6400,9600,'p'),(9600,12800,'p'),(12800,16000,'p')]"
778,/Users/ssankey/PycharmProjects/AdvReverb/data/SpeechCommands/speech_commands_v0.02/five/f2e59fea_nohash_2.wav,15,"[(0,3200,'p'),(3200,6400,'p'),(6400,9600,'p'),(9600,12800,'p'),(12800,16000,'p')]"
779,/Users/ssankey/PycharmProjects/AdvReverb/data/SpeechCommands/speech_commands_v0.02/five/563aa4e6_nohash_3.wav,15,"[(0,3200,'p'),(3200,6400,'p'),(6400,9600,'p'),(9600,12800,'p'),(12800,16000,'p')]"
780,/Users/ssankey/PycharmProjects/AdvReverb/data/SpeechCommands/speech_commands_v0.02/five/97f4c236_nohash_3.wav,15,"[(0,3200,'p'),(3200,6400,'p'),(6400,9600,'p'),(9600,12800,'p'),(12800,16000,'p')]"
781,/Users/ssankey/PycharmProjects/AdvReverb/data/SpeechCommands/speech_commands_v0.02/five/f428ca69_nohash_0.wav,15,"[(0,3200,'p'),(3200,6400,'p'),(6400,9600,'p'),(9600,12800,'p'),(12800,16000,'p')]"
782,/Users/ssankey/PycharmProjects/AdvReverb/data/SpeechCommands/speech_commands_v0.02/five/bb05582b_nohash_2.wav,15,"[(0,3200,'p'),(3200,6400,'p'),(6400,9600,'p'),(9600,12800,'p'),(12800,16000,'p')]"
783,/Users/ssankey/PycharmProjects/AdvReverb/data/SpeechCommands/speech_commands_v0.02/five/c518d1b1_nohash_0.wav,15,"[(0,3200,'p'),(3200,6400,'p'),(6400,9600,'p'),(9600,12800,'p'),(12800,16000,'p')]"
784,/Users/ssankey/PycharmProjects/AdvReverb/data/SpeechCommands/speech_commands_v0.02/five/bb05582b_nohash_0.wav,15,"[(0,3200,'p'),(3200,6400,'p'),(6400,9600,'p'),(9600,12800,'p'),(12800,16000,'p')]"
785,/Users/ssankey/PycharmProjects/AdvReverb/data/SpeechCommands/speech_commands_v0.02/five/97f4c236_nohash_1.wav,15,"[(0,3200,'p'),(3200,6400,'p'),(6400,9600,'p'),(9600,12800,'p'),(12800,16000,'p')]"
786,/Users/ssankey/PycharmProjects/AdvReverb/data/SpeechCommands/speech_commands_v0.02/five/563aa4e6_nohash_1.wav,15,"[(0,3200,'p'),(3200,6400,'p'),(6400,9600,'p'),(9600,12800,'p'),(12800,16000,'p')]"
787,/Users/ssankey/PycharmProjects/AdvReverb/data/SpeechCommands/speech_commands_v0.02/five/af405b69_nohash_0.wav,15,"[(0,3200,'p'),(3200,6400,'p'),(6400,9600,'p'),(9600,12800,'p'),(12800,16000,'p')]"
788,/Users/ssankey/PycharmProjects/AdvReverb/data/SpeechCommands/speech_commands_v0.02/five/adebe223_nohash_0.wav,15,"[(0,3200,'p'),(3200,6400,'p'),(6400,9600,'p'),(9600,12800,'p'),(12800,16000,'p')]"
789,/Users/ssankey/PycharmProjects/AdvReverb/data/SpeechCommands/speech_commands_v0.02/five/f2e59fea_nohash_0.wav,15,"[(0,3200,'p'),(3200,6400,'p'),(6400,9600,'p'),(9600,12800,'p'),(12800,16000,'p')]"
790,/Users/ssankey/PycharmProjects/AdvReverb/data/SpeechCommands/speech_commands_v0.02/five/84d1e469_nohash_0.wav,15,"[(0,3200,'p'),(3200,6400,'p'),(6400,9600,'p'),(9600,12800,'p'),(12800,16000,'p')]"
791,/Users/ssankey/PycharmProjects/AdvReverb/data/SpeechCommands/speech_commands_v0.02/five/8fe52b97_nohash_1.wav,15,"[(0,3200,'p'),(3200,6400,'p'),(6400,9600,'p'),(9600,12800,'p'),(12800,16000,'p')]"
792,/Users/ssankey/PycharmProjects/AdvReverb/data/SpeechCommands/speech_commands_v0.02/five/18f8afd5_nohash_0.wav,15,"[(0,3200,'p'),(3200,6400,'p'),(6400,9600,'p'),(9600,12800,'p'),(12800,16000,'p')]"
793,/Users/ssankey/PycharmProjects/AdvReverb/data/SpeechCommands/speech_commands_v0.02/five/5b1db3ee_nohash_0.wav,15,"[(0,3200,'p'),(3200,6400,'p'),(6400,9600,'p'),(9600,12800,'p'),(12800,16000,'p')]"
794,/Users/ssankey/PycharmProjects/AdvReverb/data/SpeechCommands/speech_commands_v0.02/five/44260689_nohash_0.wav,15,"[(0,3200,'p'),(3200,6400,'p'),(6400,9600,'p'),(9600,12800,'p'),(12800,16000,'p')]"
795,/Users/ssankey/PycharmProjects/AdvReverb/data/SpeechCommands/speech_commands_v0.02/five/e1469561_nohash_2.wav,15,"[(0,3200,'p'),(3200,6400,'p'),(6400,9600,'p'),(9600,12800,'p'),(12800,16000,'p')]"
796,/Users/ssankey/PycharmProjects/AdvReverb/data/SpeechCommands/speech_commands_v0.02/five/5c8af87a_nohash_3.wav,15,"[(0,3200,'p'),(3200,6400,'p'),(6400,9600,'p'),(9600,12800,'p'),(12800,16000,'p')]"
797,/Users/ssankey/PycharmProjects/AdvReverb/data/SpeechCommands/speech_commands_v0.02/five/692a88e6_nohash_4.wav,15,"[(0,3200,'p'),(3200,6400,'p'),(6400,9600,'p'),(9600,12800,'p'),(12800,16000,'p')]"
798,/Users/ssankey/PycharmProjects/AdvReverb/data/SpeechCommands/speech_commands_v0.02/five/e41a903b_nohash_4.wav,15,"[(0,3200,'p'),(3200,6400,'p'),(6400,9600,'p'),(9600,12800,'p'),(12800,16000,'p')]"
799,/Users/ssankey/PycharmProjects/AdvReverb/data/SpeechCommands/speech_commands_v0.02/five/d91a159e_nohash_1.wav,15,"[(0,3200,'p'),(3200,6400,'p'),(6400,9600,'p'),(9600,12800,'p'),(12800,16000,'p')]"
800,/Users/ssankey/PycharmProjects/AdvReverb/data/SpeechCommands/speech_commands_v0.02/six/bb05582b_nohash_3.wav,16,"[(0,3200,'p'),(3200,6400,'p'),(6400,9600,'p'),(9600,12800,'p'),(12800,16000,'p')]"
801,/Users/ssankey/PycharmProjects/AdvReverb/data/SpeechCommands/speech_commands_v0.02/six/97f4c236_nohash_2.wav,16,"[(0,3200,'p'),(3200,6400,'p'),(6400,9600,'p'),(9600,12800,'p'),(12800,16000,'p')]"
802,/Users/ssankey/PycharmProjects/AdvReverb/data/SpeechCommands/speech_commands_v0.02/six/563aa4e6_nohash_2.wav,16,"[(0,3200,'p'),(3200,6400,'p'),(6400,9600,'p'),(9600,12800,'p'),(12800,16000,'p')]"
803,/Users/ssankey/PycharmProjects/AdvReverb/data/SpeechCommands/speech_commands_v0.02/six/f2e59fea_nohash_3.wav,16,"[(0,3200,'p'),(3200,6400,'p'),(6400,9600,'p'),(9600,12800,'p'),(12800,16000,'p')]"
804,/Users/ssankey/PycharmProjects/AdvReverb/data/SpeechCommands/speech_commands_v0.02/six/aef8dcf5_nohash_0.wav,16,"[(0,3200,'p'),(3200,6400,'p'),(6400,9600,'p'),(9600,12800,'p'),(12800,16000,'p')]"
805,/Users/ssankey/PycharmProjects/AdvReverb/data/SpeechCommands/speech_commands_v0.02/six/c9b5ff26_nohash_4.wav,16,"[(0,3200,'p'),(3200,6400,'p'),(6400,9600,'p'),(9600,12800,'p'),(12800,16000,'p')]"
806,/Users/ssankey/PycharmProjects/AdvReverb/data/SpeechCommands/speech_commands_v0.02/six/cfbedff9_nohash_4.wav,16,"[(0,3200,'p'),(3200,6400,'p'),(6400,9600,'p'),(9600,12800,'p'),(12800,16000,'p')]"
807,/Users/ssankey/PycharmProjects/AdvReverb/data/SpeechCommands/speech_commands_v0.02/six/18f8afd5_nohash_3.wav,16,"[(0,3200,'p'),(3200,6400,'p'),(6400,9600,'p'),(9600,12800,'p'),(12800,16000,'p')]"
808,/Users/ssankey/PycharmProjects/AdvReverb/data/SpeechCommands/speech_commands_v0.02/six/7257420c_nohash_1.wav,16,"[(0,3200,'p'),(3200,6400,'p'),(6400,9600,'p'),(9600,12800,'p'),(12800,16000,'p')]"
809,/Users/ssankey/PycharmProjects/AdvReverb/data/SpeechCommands/speech_commands_v0.02/six/e1469561_nohash_1.wav,16,"[(0,3200,'p'),(3200,6400,'p'),(6400,9600,'p'),(9600,12800,'p'),(12800,16000,'p')]"
810,/Users/ssankey/PycharmProjects/AdvReverb/data/SpeechCommands/speech_commands_v0.02/six/5c8af87a_nohash_0.wav,16,"[(0,3200,'p'),(3200,6400,'p'),(6400,9600,'p'),(9600,12800,'p'),(12800,16000,'p')]"
811,/Users/ssankey/PycharmProjects/AdvReverb/data/SpeechCommands/speech_commands_v0.02/six/837a0f64_nohash_1.wav,16,"[(0,3200,'p'),(3200,6400,'p'),(6400,9600,'p'),(9600,12800,'p'),(12800,16000,'p')]"
812,/Users/ssankey/PycharmProjects/AdvReverb/data/SpeechCommands/speech_commands_v0.02/six/e49428d9_nohash_0.wav,16,"[(0,3200,'p'),(3200,6400,'p'),(6400,9600,'p'),(9600,12800,'p'),(12800,16000,'p')]"
813,/Users/ssankey/PycharmProjects/AdvReverb/data/SpeechCommands/speech_commands_v0.02/six/d1bf406b_nohash_0.wav,16,"[(0,3200,'p'),(3200,6400,'p'),(6400,9600,'p'),(9600,12800,'p'),(12800,16000,'p')]"
814,/Users/ssankey/PycharmProjects/AdvReverb/data/SpeechCommands/speech_commands_v0.02/six/837a0f64_nohash_0.wav,16,"[(0,3200,'p'),(3200,6400,'p'),(6400,9600,'p'),(9600,12800,'p'),(12800,16000,'p')]"
815,/Users/ssankey/PycharmProjects/AdvReverb/data/SpeechCommands/speech_commands_v0.02/six/28497c5b_nohash_0.wav,16,"[(0,3200,'p'),(3200,6400,'p'),(6400,9600,'p'),(9600,12800,'p'),(12800,16000,'p')]"
816,/Users/ssankey/PycharmProjects/AdvReverb/data/SpeechCommands/speech_commands_v0.02/six/e49428d9_nohash_1.wav,16,"[(0,3200,'p'),(3200,6400,'p'),(6400,9600,'p'),(9600,12800,'p'),(12800,16000,'p')]"
817,/Users/ssankey/PycharmProjects/AdvReverb/data/SpeechCommands/speech_commands_v0.02/six/aa80f517_nohash_4.wav,16,"[(0,3200,'p'),(3200,6400,'p'),(6400,9600,'p'),(9600,12800,'p'),(12800,16000,'p')]"
818,/Users/ssankey/PycharmProjects/AdvReverb/data/SpeechCommands/speech_commands_v0.02/six/5c8af87a_nohash_1.wav,16,"[(0,3200,'p'),(3200,6400,'p'),(6400,9600,'p'),(9600,12800,'p'),(12800,16000,'p')]"
819,/Users/ssankey/PycharmProjects/AdvReverb/data/SpeechCommands/speech_commands_v0.02/six/24ad3ebe_nohash_0.wav,16,"[(0,3200,'p'),(3200,6400,'p'),(6400,9600,'p'),(9600,12800,'p'),(12800,16000,'p')]"
820,/Users/ssankey/PycharmProjects/AdvReverb/data/SpeechCommands/speech_commands_v0.02/six/e1469561_nohash_0.wav,16,"[(0,3200,'p'),(3200,6400,'p'),(6400,9600,'p'),(9600,12800,'p'),(12800,16000,'p')]"
821,/Users/ssankey/PycharmProjects/AdvReverb/data/SpeechCommands/speech_commands_v0.02/six/7257420c_nohash_0.wav,16,"[(0,3200,'p'),(3200,6400,'p'),(6400,9600,'p'),(9600,12800,'p'),(12800,16000,'p')]"
822,/Users/ssankey/PycharmProjects/AdvReverb/data/SpeechCommands/speech_commands_v0.02/six/18f8afd5_nohash_2.wav,16,"[(0,3200,'p'),(3200,6400,'p'),(6400,9600,'p'),(9600,12800,'p'),(12800,16000,'p')]"
823,/Users/ssankey/PycharmProjects/AdvReverb/data/SpeechCommands/speech_commands_v0.02/six/f2e59fea_nohash_2.wav,16,"[(0,3200,'p'),(3200,6400,'p'),(6400,9600,'p'),(9600,12800,'p'),(12800,16000,'p')]"
824,/Users/ssankey/PycharmProjects/AdvReverb/data/SpeechCommands/speech_commands_v0.02/six/68dd409e_nohash_0.wav,16,"[(0,3200,'p'),(3200,6400,'p'),(6400,9600,'p'),(9600,12800,'p'),(12800,16000,'p')]"
825,/Users/ssankey/PycharmProjects/AdvReverb/data/SpeechCommands/speech_commands_v0.02/six/82d0d3ba_nohash_0.wav,16,"[(0,3200,'p'),(3200,6400,'p'),(6400,9600,'p'),(9600,12800,'p'),(12800,16000,'p')]"
826,/Users/ssankey/PycharmProjects/AdvReverb/data/SpeechCommands/speech_commands_v0.02/six/563aa4e6_nohash_3.wav,16,"[(0,3200,'p'),(3200,6400,'p'),(6400,9600,'p'),(9600,12800,'p'),(12800,16000,'p')]"
827,/Users/ssankey/PycharmProjects/AdvReverb/data/SpeechCommands/speech_commands_v0.02/six/97f4c236_nohash_3.wav,16,"[(0,3200,'p'),(3200,6400,'p'),(6400,9600,'p'),(9600,12800,'p'),(12800,16000,'p')]"
828,/Users/ssankey/PycharmProjects/AdvReverb/data/SpeechCommands/speech_commands_v0.02/six/f428ca69_nohash_0.wav,16,"[(0,3200,'p'),(3200,6400,'p'),(6400,9600,'p'),(9600,12800,'p'),(12800,16000,'p')]"
829,/Users/ssankey/PycharmProjects/AdvReverb/data/SpeechCommands/speech_commands_v0.02/six/bb05582b_nohash_2.wav,16,"[(0,3200,'p'),(3200,6400,'p'),(6400,9600,'p'),(9600,12800,'p'),(12800,16000,'p')]"
830,/Users/ssankey/PycharmProjects/AdvReverb/data/SpeechCommands/speech_commands_v0.02/six/af130f12_nohash_0.wav,16,"[(0,3200,'p'),(3200,6400,'p'),(6400,9600,'p'),(9600,12800,'p'),(12800,16000,'p')]"
831,/Users/ssankey/PycharmProjects/AdvReverb/data/SpeechCommands/speech_commands_v0.02/six/c518d1b1_nohash_0.wav,16,"[(0,3200,'p'),(3200,6400,'p'),(6400,9600,'p'),(9600,12800,'p'),(12800,16000,'p')]"
832,/Users/ssankey/PycharmProjects/AdvReverb/data/SpeechCommands/speech_commands_v0.02/six/bb05582b_nohash_0.wav,16,"[(0,3200,'p'),(3200,6400,'p'),(6400,9600,'p'),(9600,12800,'p'),(12800,16000,'p')]"
833,/Users/ssankey/PycharmProjects/AdvReverb/data/SpeechCommands/speech_commands_v0.02/six/62ff07ef_nohash_0.wav,16,"[(0,3200,'p'),(3200,6400,'p'),(6400,9600,'p'),(9600,12800,'p'),(12800,16000,'p')]"
834,/Users/ssankey/PycharmProjects/AdvReverb/data/SpeechCommands/speech_commands_v0.02/six/97f4c236_nohash_1.wav,16,"[(0,3200,'p'),(3200,6400,'p'),(6400,9600,'p'),(9600,12800,'p'),(12800,16000,'p')]"
835,/Users/ssankey/PycharmProjects/AdvReverb/data/SpeechCommands/speech_commands_v0.02/six/563aa4e6_nohash_1.wav,16,"[(0,3200,'p'),(3200,6400,'p'),(6400,9600,'p'),(9600,12800,'p'),(12800,16000,'p')]"
836,/Users/ssankey/PycharmProjects/AdvReverb/data/SpeechCommands/speech_commands_v0.02/six/e9901cf0_nohash_1.wav,16,"[(0,3200,'p'),(3200,6400,'p'),(6400,9600,'p'),(9600,12800,'p'),(12800,16000,'p')]"
837,/Users/ssankey/PycharmProjects/AdvReverb/data/SpeechCommands/speech_commands_v0.02/six/f2e59fea_nohash_0.wav,16,"[(0,3200,'p'),(3200,6400,'p'),(6400,9600,'p'),(9600,12800,'p'),(12800,16000,'p')]"
838,/Users/ssankey/PycharmProjects/AdvReverb/data/SpeechCommands/speech_commands_v0.02/six/18f8afd5_nohash_0.wav,16,"[(0,3200,'p'),(3200,6400,'p'),(6400,9600,'p'),(9600,12800,'p'),(12800,16000,'p')]"
839,/Users/ssankey/PycharmProjects/AdvReverb/data/SpeechCommands/speech_commands_v0.02/six/5b1db3ee_nohash_0.wav,16,"[(0,3200,'p'),(3200,6400,'p'),(6400,9600,'p'),(9600,12800,'p'),(12800,16000,'p')]"
840,/Users/ssankey/PycharmProjects/AdvReverb/data/SpeechCommands/speech_commands_v0.02/six/e1469561_nohash_2.wav,16,"[(0,3200,'p'),(3200,6400,'p'),(6400,9600,'p'),(9600,12800,'p'),(12800,16000,'p')]"
841,/Users/ssankey/PycharmProjects/AdvReverb/data/SpeechCommands/speech_commands_v0.02/six/5c8af87a_nohash_3.wav,16,"[(0,3200,'p'),(3200,6400,'p'),(6400,9600,'p'),(9600,12800,'p'),(12800,16000,'p')]"
842,/Users/ssankey/PycharmProjects/AdvReverb/data/SpeechCommands/speech_commands_v0.02/six/6f689791_nohash_1.wav,16,"[(0,3200,'p'),(3200,6400,'p'),(6400,9600,'p'),(9600,12800,'p'),(12800,16000,'p')]"
843,/Users/ssankey/PycharmProjects/AdvReverb/data/SpeechCommands/speech_commands_v0.02/six/692a88e6_nohash_4.wav,16,"[(0,3200,'p'),(3200,6400,'p'),(6400,9600,'p'),(9600,12800,'p'),(12800,16000,'p')]"
844,/Users/ssankey/PycharmProjects/AdvReverb/data/SpeechCommands/speech_commands_v0.02/six/e41a903b_nohash_4.wav,16,"[(0,3200,'p'),(3200,6400,'p'),(6400,9600,'p'),(9600,12800,'p'),(12800,16000,'p')]"
845,/Users/ssankey/PycharmProjects/AdvReverb/data/SpeechCommands/speech_commands_v0.02/six/8c7f81df_nohash_1.wav,16,"[(0,3200,'p'),(3200,6400,'p'),(6400,9600,'p'),(9600,12800,'p'),(12800,16000,'p')]"
846,/Users/ssankey/PycharmProjects/AdvReverb/data/SpeechCommands/speech_commands_v0.02/six/e49428d9_nohash_3.wav,16,"[(0,3200,'p'),(3200,6400,'p'),(6400,9600,'p'),(9600,12800,'p'),(12800,16000,'p')]"
847,/Users/ssankey/PycharmProjects/AdvReverb/data/SpeechCommands/speech_commands_v0.02/six/837a0f64_nohash_2.wav,16,"[(0,3200,'p'),(3200,6400,'p'),(6400,9600,'p'),(9600,12800,'p'),(12800,16000,'p')]"
848,/Users/ssankey/PycharmProjects/AdvReverb/data/SpeechCommands/speech_commands_v0.02/six/881583a6_nohash_0.wav,16,"[(0,3200,'p'),(3200,6400,'p'),(6400,9600,'p'),(9600,12800,'p'),(12800,16000,'p')]"
849,/Users/ssankey/PycharmProjects/AdvReverb/data/SpeechCommands/speech_commands_v0.02/six/e49428d9_nohash_2.wav,16,"[(0,3200,'p'),(3200,6400,'p'),(6400,9600,'p'),(9600,12800,'p'),(12800,16000,'p')]"
850,/Users/ssankey/PycharmProjects/AdvReverb/data/SpeechCommands/speech_commands_v0.02/seven/bb05582b_nohash_3.wav,17,"[(0,3200,'p'),(3200,6400,'p'),(6400,9600,'p'),(9600,12800,'p'),(12800,16000,'p')]"
851,/Users/ssankey/PycharmProjects/AdvReverb/data/SpeechCommands/speech_commands_v0.02/seven/97f4c236_nohash_2.wav,17,"[(0,3200,'p'),(3200,6400,'p'),(6400,9600,'p'),(9600,12800,'p'),(12800,16000,'p')]"
852,/Users/ssankey/PycharmProjects/AdvReverb/data/SpeechCommands/speech_commands_v0.02/seven/563aa4e6_nohash_2.wav,17,"[(0,3200,'p'),(3200,6400,'p'),(6400,9600,'p'),(9600,12800,'p'),(12800,16000,'p')]"
853,/Users/ssankey/PycharmProjects/AdvReverb/data/SpeechCommands/speech_commands_v0.02/seven/f2e59fea_nohash_3.wav,17,"[(0,3200,'p'),(3200,6400,'p'),(6400,9600,'p'),(9600,12800,'p'),(12800,16000,'p')]"
854,/Users/ssankey/PycharmProjects/AdvReverb/data/SpeechCommands/speech_commands_v0.02/seven/aef8dcf5_nohash_0.wav,17,"[(0,3200,'p'),(3200,6400,'p'),(6400,9600,'p'),(9600,12800,'p'),(12800,16000,'p')]"
855,/Users/ssankey/PycharmProjects/AdvReverb/data/SpeechCommands/speech_commands_v0.02/seven/dc75148d_nohash_0.wav,17,"[(0,3200,'p'),(3200,6400,'p'),(6400,9600,'p'),(9600,12800,'p'),(12800,16000,'p')]"
856,/Users/ssankey/PycharmProjects/AdvReverb/data/SpeechCommands/speech_commands_v0.02/seven/e1469561_nohash_1.wav,17,"[(0,3200,'p'),(3200,6400,'p'),(6400,9600,'p'),(9600,12800,'p'),(12800,16000,'p')]"
857,/Users/ssankey/PycharmProjects/AdvReverb/data/SpeechCommands/speech_commands_v0.02/seven/5c8af87a_nohash_0.wav,17,"[(0,3200,'p'),(3200,6400,'p'),(6400,9600,'p'),(9600,12800,'p'),(12800,16000,'p')]"
858,/Users/ssankey/PycharmProjects/AdvReverb/data/SpeechCommands/speech_commands_v0.02/seven/837a0f64_nohash_1.wav,17,"[(0,3200,'p'),(3200,6400,'p'),(6400,9600,'p'),(9600,12800,'p'),(12800,16000,'p')]"
859,/Users/ssankey/PycharmProjects/AdvReverb/data/SpeechCommands/speech_commands_v0.02/seven/e49428d9_nohash_0.wav,17,"[(0,3200,'p'),(3200,6400,'p'),(6400,9600,'p'),(9600,12800,'p'),(12800,16000,'p')]"
860,/Users/ssankey/PycharmProjects/AdvReverb/data/SpeechCommands/speech_commands_v0.02/seven/d1bf406b_nohash_0.wav,17,"[(0,3200,'p'),(3200,6400,'p'),(6400,9600,'p'),(9600,12800,'p'),(12800,16000,'p')]"
861,/Users/ssankey/PycharmProjects/AdvReverb/data/SpeechCommands/speech_commands_v0.02/seven/c7124b73_nohash_0.wav,17,"[(0,3200,'p'),(3200,6400,'p'),(6400,9600,'p'),(9600,12800,'p'),(12800,16000,'p')]"
862,/Users/ssankey/PycharmProjects/AdvReverb/data/SpeechCommands/speech_commands_v0.02/seven/9d4bab4f_nohash_0.wav,17,"[(0,3200,'p'),(3200,6400,'p'),(6400,9600,'p'),(9600,12800,'p'),(12800,16000,'p')]"
863,/Users/ssankey/PycharmProjects/AdvReverb/data/SpeechCommands/speech_commands_v0.02/seven/837a0f64_nohash_0.wav,17,"[(0,3200,'p'),(3200,6400,'p'),(6400,9600,'p'),(9600,12800,'p'),(12800,16000,'p')]"
864,/Users/ssankey/PycharmProjects/AdvReverb/data/SpeechCommands/speech_commands_v0.02/seven/d1bf406b_nohash_1.wav,17,"[(0,3200,'p'),(3200,6400,'p'),(6400,9600,'p'),(9600,12800,'p'),(12800,16000,'p')]"
865,/Users/ssankey/PycharmProjects/AdvReverb/data/SpeechCommands/speech_commands_v0.02/seven/e49428d9_nohash_1.wav,17,"[(0,3200,'p'),(3200,6400,'p'),(6400,9600,'p'),(9600,12800,'p'),(12800,16000,'p')]"
866,/Users/ssankey/PycharmProjects/AdvReverb/data/SpeechCommands/speech_commands_v0.02/seven/aa80f517_nohash_4.wav,17,"[(0,3200,'p'),(3200,6400,'p'),(6400,9600,'p'),(9600,12800,'p'),(12800,16000,'p')]"
867,/Users/ssankey/PycharmProjects/AdvReverb/data/SpeechCommands/speech_commands_v0.02/seven/5c8af87a_nohash_1.wav,17,"[(0,3200,'p'),(3200,6400,'p'),(6400,9600,'p'),(9600,12800,'p'),(12800,16000,'p')]"
868,/Users/ssankey/PycharmProjects/AdvReverb/data/SpeechCommands/speech_commands_v0.02/seven/e1469561_nohash_0.wav,17,"[(0,3200,'p'),(3200,6400,'p'),(6400,9600,'p'),(9600,12800,'p'),(12800,16000,'p')]"
869,/Users/ssankey/PycharmProjects/AdvReverb/data/SpeechCommands/speech_commands_v0.02/seven/dc75148d_nohash_1.wav,17,"[(0,3200,'p'),(3200,6400,'p'),(6400,9600,'p'),(9600,12800,'p'),(12800,16000,'p')]"
870,/Users/ssankey/PycharmProjects/AdvReverb/data/SpeechCommands/speech_commands_v0.02/seven/f2e59fea_nohash_2.wav,17,"[(0,3200,'p'),(3200,6400,'p'),(6400,9600,'p'),(9600,12800,'p'),(12800,16000,'p')]"
871,/Users/ssankey/PycharmProjects/AdvReverb/data/SpeechCommands/speech_commands_v0.02/seven/82d0d3ba_nohash_0.wav,17,"[(0,3200,'p'),(3200,6400,'p'),(6400,9600,'p'),(9600,12800,'p'),(12800,16000,'p')]"
872,/Users/ssankey/PycharmProjects/AdvReverb/data/SpeechCommands/speech_commands_v0.02/seven/563aa4e6_nohash_3.wav,17,"[(0,3200,'p'),(3200,6400,'p'),(6400,9600,'p'),(9600,12800,'p'),(12800,16000,'p')]"
873,/Users/ssankey/PycharmProjects/AdvReverb/data/SpeechCommands/speech_commands_v0.02/seven/97f4c236_nohash_3.wav,17,"[(0,3200,'p'),(3200,6400,'p'),(6400,9600,'p'),(9600,12800,'p'),(12800,16000,'p')]"
874,/Users/ssankey/PycharmProjects/AdvReverb/data/SpeechCommands/speech_commands_v0.02/seven/bb05582b_nohash_2.wav,17,"[(0,3200,'p'),(3200,6400,'p'),(6400,9600,'p'),(9600,12800,'p'),(12800,16000,'p')]"
875,/Users/ssankey/PycharmProjects/AdvReverb/data/SpeechCommands/speech_commands_v0.02/seven/c518d1b1_nohash_0.wav,17,"[(0,3200,'p'),(3200,6400,'p'),(6400,9600,'p'),(9600,12800,'p'),(12800,16000,'p')]"
876,/Users/ssankey/PycharmProjects/AdvReverb/data/SpeechCommands/speech_commands_v0.02/seven/bb05582b_nohash_0.wav,17,"[(0,3200,'p'),(3200,6400,'p'),(6400,9600,'p'),(9600,12800,'p'),(12800,16000,'p')]"
877,/Users/ssankey/PycharmProjects/AdvReverb/data/SpeechCommands/speech_commands_v0.02/seven/62ff07ef_nohash_0.wav,17,"[(0,3200,'p'),(3200,6400,'p'),(6400,9600,'p'),(9600,12800,'p'),(12800,16000,'p')]"
878,/Users/ssankey/PycharmProjects/AdvReverb/data/SpeechCommands/speech_commands_v0.02/seven/97f4c236_nohash_1.wav,17,"[(0,3200,'p'),(3200,6400,'p'),(6400,9600,'p'),(9600,12800,'p'),(12800,16000,'p')]"
879,/Users/ssankey/PycharmProjects/AdvReverb/data/SpeechCommands/speech_commands_v0.02/seven/563aa4e6_nohash_1.wav,17,"[(0,3200,'p'),(3200,6400,'p'),(6400,9600,'p'),(9600,12800,'p'),(12800,16000,'p')]"
880,/Users/ssankey/PycharmProjects/AdvReverb/data/SpeechCommands/speech_commands_v0.02/seven/e9901cf0_nohash_1.wav,17,"[(0,3200,'p'),(3200,6400,'p'),(6400,9600,'p'),(9600,12800,'p'),(12800,16000,'p')]"
881,/Users/ssankey/PycharmProjects/AdvReverb/data/SpeechCommands/speech_commands_v0.02/seven/adebe223_nohash_0.wav,17,"[(0,3200,'p'),(3200,6400,'p'),(6400,9600,'p'),(9600,12800,'p'),(12800,16000,'p')]"
882,/Users/ssankey/PycharmProjects/AdvReverb/data/SpeechCommands/speech_commands_v0.02/seven/f2e59fea_nohash_0.wav,17,"[(0,3200,'p'),(3200,6400,'p'),(6400,9600,'p'),(9600,12800,'p'),(12800,16000,'p')]"
883,/Users/ssankey/PycharmProjects/AdvReverb/data/SpeechCommands/speech_commands_v0.02/seven/84d1e469_nohash_0.wav,17,"[(0,3200,'p'),(3200,6400,'p'),(6400,9600,'p'),(9600,12800,'p'),(12800,16000,'p')]"
884,/Users/ssankey/PycharmProjects/AdvReverb/data/SpeechCommands/speech_commands_v0.02/seven/18f8afd5_nohash_0.wav,17,"[(0,3200,'p'),(3200,6400,'p'),(6400,9600,'p'),(9600,12800,'p'),(12800,16000,'p')]"
885,/Users/ssankey/PycharmProjects/AdvReverb/data/SpeechCommands/speech_commands_v0.02/seven/5b1db3ee_nohash_0.wav,17,"[(0,3200,'p'),(3200,6400,'p'),(6400,9600,'p'),(9600,12800,'p'),(12800,16000,'p')]"
886,/Users/ssankey/PycharmProjects/AdvReverb/data/SpeechCommands/speech_commands_v0.02/seven/e1469561_nohash_2.wav,17,"[(0,3200,'p'),(3200,6400,'p'),(6400,9600,'p'),(9600,12800,'p'),(12800,16000,'p')]"
887,/Users/ssankey/PycharmProjects/AdvReverb/data/SpeechCommands/speech_commands_v0.02/seven/5c8af87a_nohash_3.wav,17,"[(0,3200,'p'),(3200,6400,'p'),(6400,9600,'p'),(9600,12800,'p'),(12800,16000,'p')]"
888,/Users/ssankey/PycharmProjects/AdvReverb/data/SpeechCommands/speech_commands_v0.02/seven/692a88e6_nohash_4.wav,17,"[(0,3200,'p'),(3200,6400,'p'),(6400,9600,'p'),(9600,12800,'p'),(12800,16000,'p')]"
889,/Users/ssankey/PycharmProjects/AdvReverb/data/SpeechCommands/speech_commands_v0.02/seven/e41a903b_nohash_4.wav,17,"[(0,3200,'p'),(3200,6400,'p'),(6400,9600,'p'),(9600,12800,'p'),(12800,16000,'p')]"
890,/Users/ssankey/PycharmProjects/AdvReverb/data/SpeechCommands/speech_commands_v0.02/seven/e49428d9_nohash_3.wav,17,"[(0,3200,'p'),(3200,6400,'p'),(6400,9600,'p'),(9600,12800,'p'),(12800,16000,'p')]"
891,/Users/ssankey/PycharmProjects/AdvReverb/data/SpeechCommands/speech_commands_v0.02/seven/837a0f64_nohash_2.wav,17,"[(0,3200,'p'),(3200,6400,'p'),(6400,9600,'p'),(9600,12800,'p'),(12800,16000,'p')]"
892,/Users/ssankey/PycharmProjects/AdvReverb/data/SpeechCommands/speech_commands_v0.02/seven/3d86b69a_nohash_4.wav,17,"[(0,3200,'p'),(3200,6400,'p'),(6400,9600,'p'),(9600,12800,'p'),(12800,16000,'p')]"
893,/Users/ssankey/PycharmProjects/AdvReverb/data/SpeechCommands/speech_commands_v0.02/seven/881583a6_nohash_0.wav,17,"[(0,3200,'p'),(3200,6400,'p'),(6400,9600,'p'),(9600,12800,'p'),(12800,16000,'p')]"
894,/Users/ssankey/PycharmProjects/AdvReverb/data/SpeechCommands/speech_commands_v0.02/seven/e49428d9_nohash_2.wav,17,"[(0,3200,'p'),(3200,6400,'p'),(6400,9600,'p'),(9600,12800,'p'),(12800,16000,'p')]"
895,/Users/ssankey/PycharmProjects/AdvReverb/data/SpeechCommands/speech_commands_v0.02/seven/d91a159e_nohash_0.wav,17,"[(0,3200,'p'),(3200,6400,'p'),(6400,9600,'p'),(9600,12800,'p'),(12800,16000,'p')]"
896,/Users/ssankey/PycharmProjects/AdvReverb/data/SpeechCommands/speech_commands_v0.02/seven/8c7f81df_nohash_0.wav,17,"[(0,3200,'p'),(3200,6400,'p'),(6400,9600,'p'),(9600,12800,'p'),(12800,16000,'p')]"
897,/Users/ssankey/PycharmProjects/AdvReverb/data/SpeechCommands/speech_commands_v0.02/seven/5c8af87a_nohash_2.wav,17,"[(0,3200,'p'),(3200,6400,'p'),(6400,9600,'p'),(9600,12800,'p'),(12800,16000,'p')]"
898,/Users/ssankey/PycharmProjects/AdvReverb/data/SpeechCommands/speech_commands_v0.02/seven/e1469561_nohash_3.wav,17,"[(0,3200,'p'),(3200,6400,'p'),(6400,9600,'p'),(9600,12800,'p'),(12800,16000,'p')]"
899,/Users/ssankey/PycharmProjects/AdvReverb/data/SpeechCommands/speech_commands_v0.02/seven/5b1db3ee_nohash_1.wav,17,"[(0,3200,'p'),(3200,6400,'p'),(6400,9600,'p'),(9600,12800,'p'),(12800,16000,'p')]"
900,/Users/ssankey/PycharmProjects/AdvReverb/data/SpeechCommands/speech_commands_v0.02/eight/bb05582b_nohash_3.wav,18,"[(0,3200,'p'),(3200,6400,'p'),(6400,9600,'p'),(9600,12800,'p'),(12800,16000,'p')]"
901,/Users/ssankey/PycharmProjects/AdvReverb/data/SpeechCommands/speech_commands_v0.02/eight/97f4c236_nohash_2.wav,18,"[(0,3200,'p'),(3200,6400,'p'),(6400,9600,'p'),(9600,12800,'p'),(12800,16000,'p')]"
902,/Users/ssankey/PycharmProjects/AdvReverb/data/SpeechCommands/speech_commands_v0.02/eight/563aa4e6_nohash_2.wav,18,"[(0,3200,'p'),(3200,6400,'p'),(6400,9600,'p'),(9600,12800,'p'),(12800,16000,'p')]"
903,/Users/ssankey/PycharmProjects/AdvReverb/data/SpeechCommands/speech_commands_v0.02/eight/f2e59fea_nohash_3.wav,18,"[(0,3200,'p'),(3200,6400,'p'),(6400,9600,'p'),(9600,12800,'p'),(12800,16000,'p')]"
904,/Users/ssankey/PycharmProjects/AdvReverb/data/SpeechCommands/speech_commands_v0.02/eight/aef8dcf5_nohash_0.wav,18,"[(0,3200,'p'),(3200,6400,'p'),(6400,9600,'p'),(9600,12800,'p'),(12800,16000,'p')]"
905,/Users/ssankey/PycharmProjects/AdvReverb/data/SpeechCommands/speech_commands_v0.02/eight/dc75148d_nohash_0.wav,18,"[(0,3200,'p'),(3200,6400,'p'),(6400,9600,'p'),(9600,12800,'p'),(12800,16000,'p')]"
906,/Users/ssankey/PycharmProjects/AdvReverb/data/SpeechCommands/speech_commands_v0.02/eight/18f8afd5_nohash_3.wav,18,"[(0,3200,'p'),(3200,6400,'p'),(6400,9600,'p'),(9600,12800,'p'),(12800,16000,'p')]"
907,/Users/ssankey/PycharmProjects/AdvReverb/data/SpeechCommands/speech_commands_v0.02/eight/7257420c_nohash_1.wav,18,"[(0,3200,'p'),(3200,6400,'p'),(6400,9600,'p'),(9600,12800,'p'),(12800,16000,'p')]"
908,/Users/ssankey/PycharmProjects/AdvReverb/data/SpeechCommands/speech_commands_v0.02/eight/e1469561_nohash_1.wav,18,"[(0,3200,'p'),(3200,6400,'p'),(6400,9600,'p'),(9600,12800,'p'),(12800,16000,'p')]"
909,/Users/ssankey/PycharmProjects/AdvReverb/data/SpeechCommands/speech_commands_v0.02/eight/5c8af87a_nohash_0.wav,18,"[(0,3200,'p'),(3200,6400,'p'),(6400,9600,'p'),(9600,12800,'p'),(12800,16000,'p')]"
910,/Users/ssankey/PycharmProjects/AdvReverb/data/SpeechCommands/speech_commands_v0.02/eight/aa48c94a_nohash_0.wav,18,"[(0,3200,'p'),(3200,6400,'p'),(6400,9600,'p'),(9600,12800,'p'),(12800,16000,'p')]"
911,/Users/ssankey/PycharmProjects/AdvReverb/data/SpeechCommands/speech_commands_v0.02/eight/837a0f64_nohash_1.wav,18,"[(0,3200,'p'),(3200,6400,'p'),(6400,9600,'p'),(9600,12800,'p'),(12800,16000,'p')]"
912,/Users/ssankey/PycharmProjects/AdvReverb/data/SpeechCommands/speech_commands_v0.02/eight/e49428d9_nohash_0.wav,18,"[(0,3200,'p'),(3200,6400,'p'),(6400,9600,'p'),(9600,12800,'p'),(12800,16000,'p')]"
913,/Users/ssankey/PycharmProjects/AdvReverb/data/SpeechCommands/speech_commands_v0.02/eight/9d4bab4f_nohash_1.wav,18,"[(0,3200,'p'),(3200,6400,'p'),(6400,9600,'p'),(9600,12800,'p'),(12800,16000,'p')]"
914,/Users/ssankey/PycharmProjects/AdvReverb/data/SpeechCommands/speech_commands_v0.02/eight/9d4bab4f_nohash_0.wav,18,"[(0,3200,'p'),(3200,6400,'p'),(6400,9600,'p'),(9600,12800,'p'),(12800,16000,'p')]"
915,/Users/ssankey/PycharmProjects/AdvReverb/data/SpeechCommands/speech_commands_v0.02/eight/837a0f64_nohash_0.wav,18,"[(0,3200,'p'),(3200,6400,'p'),(6400,9600,'p'),(9600,12800,'p'),(12800,16000,'p')]"
916,/Users/ssankey/PycharmProjects/AdvReverb/data/SpeechCommands/speech_commands_v0.02/eight/e49428d9_nohash_1.wav,18,"[(0,3200,'p'),(3200,6400,'p'),(6400,9600,'p'),(9600,12800,'p'),(12800,16000,'p')]"
917,/Users/ssankey/PycharmProjects/AdvReverb/data/SpeechCommands/speech_commands_v0.02/eight/aa80f517_nohash_4.wav,18,"[(0,3200,'p'),(3200,6400,'p'),(6400,9600,'p'),(9600,12800,'p'),(12800,16000,'p')]"
918,/Users/ssankey/PycharmProjects/AdvReverb/data/SpeechCommands/speech_commands_v0.02/eight/aa48c94a_nohash_1.wav,18,"[(0,3200,'p'),(3200,6400,'p'),(6400,9600,'p'),(9600,12800,'p'),(12800,16000,'p')]"
919,/Users/ssankey/PycharmProjects/AdvReverb/data/SpeechCommands/speech_commands_v0.02/eight/5c8af87a_nohash_1.wav,18,"[(0,3200,'p'),(3200,6400,'p'),(6400,9600,'p'),(9600,12800,'p'),(12800,16000,'p')]"
920,/Users/ssankey/PycharmProjects/AdvReverb/data/SpeechCommands/speech_commands_v0.02/eight/24ad3ebe_nohash_0.wav,18,"[(0,3200,'p'),(3200,6400,'p'),(6400,9600,'p'),(9600,12800,'p'),(12800,16000,'p')]"
921,/Users/ssankey/PycharmProjects/AdvReverb/data/SpeechCommands/speech_commands_v0.02/eight/e1469561_nohash_0.wav,18,"[(0,3200,'p'),(3200,6400,'p'),(6400,9600,'p'),(9600,12800,'p'),(12800,16000,'p')]"
922,/Users/ssankey/PycharmProjects/AdvReverb/data/SpeechCommands/speech_commands_v0.02/eight/7257420c_nohash_0.wav,18,"[(0,3200,'p'),(3200,6400,'p'),(6400,9600,'p'),(9600,12800,'p'),(12800,16000,'p')]"
923,/Users/ssankey/PycharmProjects/AdvReverb/data/SpeechCommands/speech_commands_v0.02/eight/18f8afd5_nohash_2.wav,18,"[(0,3200,'p'),(3200,6400,'p'),(6400,9600,'p'),(9600,12800,'p'),(12800,16000,'p')]"
924,/Users/ssankey/PycharmProjects/AdvReverb/data/SpeechCommands/speech_commands_v0.02/eight/84d1e469_nohash_2.wav,18,"[(0,3200,'p'),(3200,6400,'p'),(6400,9600,'p'),(9600,12800,'p'),(12800,16000,'p')]"
925,/Users/ssankey/PycharmProjects/AdvReverb/data/SpeechCommands/speech_commands_v0.02/eight/f2e59fea_nohash_2.wav,18,"[(0,3200,'p'),(3200,6400,'p'),(6400,9600,'p'),(9600,12800,'p'),(12800,16000,'p')]"
926,/Users/ssankey/PycharmProjects/AdvReverb/data/SpeechCommands/speech_commands_v0.02/eight/adebe223_nohash_2.wav,18,"[(0,3200,'p'),(3200,6400,'p'),(6400,9600,'p'),(9600,12800,'p'),(12800,16000,'p')]"
927,/Users/ssankey/PycharmProjects/AdvReverb/data/SpeechCommands/speech_commands_v0.02/eight/68dd409e_nohash_0.wav,18,"[(0,3200,'p'),(3200,6400,'p'),(6400,9600,'p'),(9600,12800,'p'),(12800,16000,'p')]"
928,/Users/ssankey/PycharmProjects/AdvReverb/data/SpeechCommands/speech_commands_v0.02/eight/563aa4e6_nohash_3.wav,18,"[(0,3200,'p'),(3200,6400,'p'),(6400,9600,'p'),(9600,12800,'p'),(12800,16000,'p')]"
929,/Users/ssankey/PycharmProjects/AdvReverb/data/SpeechCommands/speech_commands_v0.02/eight/97f4c236_nohash_3.wav,18,"[(0,3200,'p'),(3200,6400,'p'),(6400,9600,'p'),(9600,12800,'p'),(12800,16000,'p')]"
930,/Users/ssankey/PycharmProjects/AdvReverb/data/SpeechCommands/speech_commands_v0.02/eight/bb05582b_nohash_2.wav,18,"[(0,3200,'p'),(3200,6400,'p'),(6400,9600,'p'),(9600,12800,'p'),(12800,16000,'p')]"
931,/Users/ssankey/PycharmProjects/AdvReverb/data/SpeechCommands/speech_commands_v0.02/eight/af130f12_nohash_0.wav,18,"[(0,3200,'p'),(3200,6400,'p'),(6400,9600,'p'),(9600,12800,'p'),(12800,16000,'p')]"
932,/Users/ssankey/PycharmProjects/AdvReverb/data/SpeechCommands/speech_commands_v0.02/eight/c518d1b1_nohash_0.wav,18,"[(0,3200,'p'),(3200,6400,'p'),(6400,9600,'p'),(9600,12800,'p'),(12800,16000,'p')]"
933,/Users/ssankey/PycharmProjects/AdvReverb/data/SpeechCommands/speech_commands_v0.02/eight/bb05582b_nohash_0.wav,18,"[(0,3200,'p'),(3200,6400,'p'),(6400,9600,'p'),(9600,12800,'p'),(12800,16000,'p')]"
934,/Users/ssankey/PycharmProjects/AdvReverb/data/SpeechCommands/speech_commands_v0.02/eight/62ff07ef_nohash_0.wav,18,"[(0,3200,'p'),(3200,6400,'p'),(6400,9600,'p'),(9600,12800,'p'),(12800,16000,'p')]"
935,/Users/ssankey/PycharmProjects/AdvReverb/data/SpeechCommands/speech_commands_v0.02/eight/97f4c236_nohash_1.wav,18,"[(0,3200,'p'),(3200,6400,'p'),(6400,9600,'p'),(9600,12800,'p'),(12800,16000,'p')]"
936,/Users/ssankey/PycharmProjects/AdvReverb/data/SpeechCommands/speech_commands_v0.02/eight/563aa4e6_nohash_1.wav,18,"[(0,3200,'p'),(3200,6400,'p'),(6400,9600,'p'),(9600,12800,'p'),(12800,16000,'p')]"
937,/Users/ssankey/PycharmProjects/AdvReverb/data/SpeechCommands/speech_commands_v0.02/eight/fdb5155e_nohash_1.wav,18,"[(0,3200,'p'),(3200,6400,'p'),(6400,9600,'p'),(9600,12800,'p'),(12800,16000,'p')]"
938,/Users/ssankey/PycharmProjects/AdvReverb/data/SpeechCommands/speech_commands_v0.02/eight/adebe223_nohash_0.wav,18,"[(0,3200,'p'),(3200,6400,'p'),(6400,9600,'p'),(9600,12800,'p'),(12800,16000,'p')]"
939,/Users/ssankey/PycharmProjects/AdvReverb/data/SpeechCommands/speech_commands_v0.02/eight/f2e59fea_nohash_0.wav,18,"[(0,3200,'p'),(3200,6400,'p'),(6400,9600,'p'),(9600,12800,'p'),(12800,16000,'p')]"
940,/Users/ssankey/PycharmProjects/AdvReverb/data/SpeechCommands/speech_commands_v0.02/eight/84d1e469_nohash_0.wav,18,"[(0,3200,'p'),(3200,6400,'p'),(6400,9600,'p'),(9600,12800,'p'),(12800,16000,'p')]"
941,/Users/ssankey/PycharmProjects/AdvReverb/data/SpeechCommands/speech_commands_v0.02/eight/7257420c_nohash_2.wav,18,"[(0,3200,'p'),(3200,6400,'p'),(6400,9600,'p'),(9600,12800,'p'),(12800,16000,'p')]"
942,/Users/ssankey/PycharmProjects/AdvReverb/data/SpeechCommands/speech_commands_v0.02/eight/18f8afd5_nohash_0.wav,18,"[(0,3200,'p'),(3200,6400,'p'),(6400,9600,'p'),(9600,12800,'p'),(12800,16000,'p')]"
943,/Users/ssankey/PycharmProjects/AdvReverb/data/SpeechCommands/speech_commands_v0.02/eight/5b1db3ee_nohash_0.wav,18,"[(0,3200,'p'),(3200,6400,'p'),(6400,9600,'p'),(9600,12800,'p'),(12800,16000,'p')]"
944,/Users/ssankey/PycharmProjects/AdvReverb/data/SpeechCommands/speech_commands_v0.02/eight/e1469561_nohash_2.wav,18,"[(0,3200,'p'),(3200,6400,'p'),(6400,9600,'p'),(9600,12800,'p'),(12800,16000,'p')]"
945,/Users/ssankey/PycharmProjects/AdvReverb/data/SpeechCommands/speech_commands_v0.02/eight/5c8af87a_nohash_3.wav,18,"[(0,3200,'p'),(3200,6400,'p'),(6400,9600,'p'),(9600,12800,'p'),(12800,16000,'p')]"
946,/Users/ssankey/PycharmProjects/AdvReverb/data/SpeechCommands/speech_commands_v0.02/eight/e41a903b_nohash_4.wav,18,"[(0,3200,'p'),(3200,6400,'p'),(6400,9600,'p'),(9600,12800,'p'),(12800,16000,'p')]"
947,/Users/ssankey/PycharmProjects/AdvReverb/data/SpeechCommands/speech_commands_v0.02/eight/8c7f81df_nohash_1.wav,18,"[(0,3200,'p'),(3200,6400,'p'),(6400,9600,'p'),(9600,12800,'p'),(12800,16000,'p')]"
948,/Users/ssankey/PycharmProjects/AdvReverb/data/SpeechCommands/speech_commands_v0.02/eight/9ba34294_nohash_0.wav,18,"[(0,3200,'p'),(3200,6400,'p'),(6400,9600,'p'),(9600,12800,'p'),(12800,16000,'p')]"
949,/Users/ssankey/PycharmProjects/AdvReverb/data/SpeechCommands/speech_commands_v0.02/eight/837a0f64_nohash_2.wav,18,"[(0,3200,'p'),(3200,6400,'p'),(6400,9600,'p'),(9600,12800,'p'),(12800,16000,'p')]"
950,/Users/ssankey/PycharmProjects/AdvReverb/data/SpeechCommands/speech_commands_v0.02/nine/bb05582b_nohash_3.wav,19,"[(0,3200,'p'),(3200,6400,'p'),(6400,9600,'p'),(9600,12800,'p'),(12800,16000,'p')]"
951,/Users/ssankey/PycharmProjects/AdvReverb/data/SpeechCommands/speech_commands_v0.02/nine/97f4c236_nohash_2.wav,19,"[(0,3200,'p'),(3200,6400,'p'),(6400,9600,'p'),(9600,12800,'p'),(12800,16000,'p')]"
952,/Users/ssankey/PycharmProjects/AdvReverb/data/SpeechCommands/speech_commands_v0.02/nine/563aa4e6_nohash_2.wav,19,"[(0,3200,'p'),(3200,6400,'p'),(6400,9600,'p'),(9600,12800,'p'),(12800,16000,'p')]"
953,/Users/ssankey/PycharmProjects/AdvReverb/data/SpeechCommands/speech_commands_v0.02/nine/f2e59fea_nohash_3.wav,19,"[(0,3200,'p'),(3200,6400,'p'),(6400,9600,'p'),(9600,12800,'p'),(12800,16000,'p')]"
954,/Users/ssankey/PycharmProjects/AdvReverb/data/SpeechCommands/speech_commands_v0.02/nine/aef8dcf5_nohash_0.wav,19,"[(0,3200,'p'),(3200,6400,'p'),(6400,9600,'p'),(9600,12800,'p'),(12800,16000,'p')]"
955,/Users/ssankey/PycharmProjects/AdvReverb/data/SpeechCommands/speech_commands_v0.02/nine/dc75148d_nohash_0.wav,19,"[(0,3200,'p'),(3200,6400,'p'),(6400,9600,'p'),(9600,12800,'p'),(12800,16000,'p')]"
956,/Users/ssankey/PycharmProjects/AdvReverb/data/SpeechCommands/speech_commands_v0.02/nine/c9b5ff26_nohash_4.wav,19,"[(0,3200,'p'),(3200,6400,'p'),(6400,9600,'p'),(9600,12800,'p'),(12800,16000,'p')]"
957,/Users/ssankey/PycharmProjects/AdvReverb/data/SpeechCommands/speech_commands_v0.02/nine/e1469561_nohash_1.wav,19,"[(0,3200,'p'),(3200,6400,'p'),(6400,9600,'p'),(9600,12800,'p'),(12800,16000,'p')]"
958,/Users/ssankey/PycharmProjects/AdvReverb/data/SpeechCommands/speech_commands_v0.02/nine/5c8af87a_nohash_0.wav,19,"[(0,3200,'p'),(3200,6400,'p'),(6400,9600,'p'),(9600,12800,'p'),(12800,16000,'p')]"
959,/Users/ssankey/PycharmProjects/AdvReverb/data/SpeechCommands/speech_commands_v0.02/nine/aa48c94a_nohash_0.wav,19,"[(0,3200,'p'),(3200,6400,'p'),(6400,9600,'p'),(9600,12800,'p'),(12800,16000,'p')]"
960,/Users/ssankey/PycharmProjects/AdvReverb/data/SpeechCommands/speech_commands_v0.02/nine/837a0f64_nohash_1.wav,19,"[(0,3200,'p'),(3200,6400,'p'),(6400,9600,'p'),(9600,12800,'p'),(12800,16000,'p')]"
961,/Users/ssankey/PycharmProjects/AdvReverb/data/SpeechCommands/speech_commands_v0.02/nine/e49428d9_nohash_0.wav,19,"[(0,3200,'p'),(3200,6400,'p'),(6400,9600,'p'),(9600,12800,'p'),(12800,16000,'p')]"
962,/Users/ssankey/PycharmProjects/AdvReverb/data/SpeechCommands/speech_commands_v0.02/nine/c7124b73_nohash_0.wav,19,"[(0,3200,'p'),(3200,6400,'p'),(6400,9600,'p'),(9600,12800,'p'),(12800,16000,'p')]"
963,/Users/ssankey/PycharmProjects/AdvReverb/data/SpeechCommands/speech_commands_v0.02/nine/837a0f64_nohash_0.wav,19,"[(0,3200,'p'),(3200,6400,'p'),(6400,9600,'p'),(9600,12800,'p'),(12800,16000,'p')]"
964,/Users/ssankey/PycharmProjects/AdvReverb/data/SpeechCommands/speech_commands_v0.02/nine/28497c5b_nohash_0.wav,19,"[(0,3200,'p'),(3200,6400,'p'),(6400,9600,'p'),(9600,12800,'p'),(12800,16000,'p')]"
965,/Users/ssankey/PycharmProjects/AdvReverb/data/SpeechCommands/speech_commands_v0.02/nine/e49428d9_nohash_1.wav,19,"[(0,3200,'p'),(3200,6400,'p'),(6400,9600,'p'),(9600,12800,'p'),(12800,16000,'p')]"
966,/Users/ssankey/PycharmProjects/AdvReverb/data/SpeechCommands/speech_commands_v0.02/nine/aa80f517_nohash_4.wav,19,"[(0,3200,'p'),(3200,6400,'p'),(6400,9600,'p'),(9600,12800,'p'),(12800,16000,'p')]"
967,/Users/ssankey/PycharmProjects/AdvReverb/data/SpeechCommands/speech_commands_v0.02/nine/aa48c94a_nohash_1.wav,19,"[(0,3200,'p'),(3200,6400,'p'),(6400,9600,'p'),(9600,12800,'p'),(12800,16000,'p')]"
968,/Users/ssankey/PycharmProjects/AdvReverb/data/SpeechCommands/speech_commands_v0.02/nine/5c8af87a_nohash_1.wav,19,"[(0,3200,'p'),(3200,6400,'p'),(6400,9600,'p'),(9600,12800,'p'),(12800,16000,'p')]"
969,/Users/ssankey/PycharmProjects/AdvReverb/data/SpeechCommands/speech_commands_v0.02/nine/24ad3ebe_nohash_0.wav,19,"[(0,3200,'p'),(3200,6400,'p'),(6400,9600,'p'),(9600,12800,'p'),(12800,16000,'p')]"
970,/Users/ssankey/PycharmProjects/AdvReverb/data/SpeechCommands/speech_commands_v0.02/nine/e1469561_nohash_0.wav,19,"[(0,3200,'p'),(3200,6400,'p'),(6400,9600,'p'),(9600,12800,'p'),(12800,16000,'p')]"
971,/Users/ssankey/PycharmProjects/AdvReverb/data/SpeechCommands/speech_commands_v0.02/nine/7257420c_nohash_0.wav,19,"[(0,3200,'p'),(3200,6400,'p'),(6400,9600,'p'),(9600,12800,'p'),(12800,16000,'p')]"
972,/Users/ssankey/PycharmProjects/AdvReverb/data/SpeechCommands/speech_commands_v0.02/nine/18f8afd5_nohash_2.wav,19,"[(0,3200,'p'),(3200,6400,'p'),(6400,9600,'p'),(9600,12800,'p'),(12800,16000,'p')]"
973,/Users/ssankey/PycharmProjects/AdvReverb/data/SpeechCommands/speech_commands_v0.02/nine/f2e59fea_nohash_2.wav,19,"[(0,3200,'p'),(3200,6400,'p'),(6400,9600,'p'),(9600,12800,'p'),(12800,16000,'p')]"
974,/Users/ssankey/PycharmProjects/AdvReverb/data/SpeechCommands/speech_commands_v0.02/nine/82d0d3ba_nohash_0.wav,19,"[(0,3200,'p'),(3200,6400,'p'),(6400,9600,'p'),(9600,12800,'p'),(12800,16000,'p')]"
975,/Users/ssankey/PycharmProjects/AdvReverb/data/SpeechCommands/speech_commands_v0.02/nine/563aa4e6_nohash_3.wav,19,"[(0,3200,'p'),(3200,6400,'p'),(6400,9600,'p'),(9600,12800,'p'),(12800,16000,'p')]"
976,/Users/ssankey/PycharmProjects/AdvReverb/data/SpeechCommands/speech_commands_v0.02/nine/97f4c236_nohash_3.wav,19,"[(0,3200,'p'),(3200,6400,'p'),(6400,9600,'p'),(9600,12800,'p'),(12800,16000,'p')]"
977,/Users/ssankey/PycharmProjects/AdvReverb/data/SpeechCommands/speech_commands_v0.02/nine/bb05582b_nohash_2.wav,19,"[(0,3200,'p'),(3200,6400,'p'),(6400,9600,'p'),(9600,12800,'p'),(12800,16000,'p')]"
978,/Users/ssankey/PycharmProjects/AdvReverb/data/SpeechCommands/speech_commands_v0.02/nine/af130f12_nohash_0.wav,19,"[(0,3200,'p'),(3200,6400,'p'),(6400,9600,'p'),(9600,12800,'p'),(12800,16000,'p')]"
979,/Users/ssankey/PycharmProjects/AdvReverb/data/SpeechCommands/speech_commands_v0.02/nine/c518d1b1_nohash_0.wav,19,"[(0,3200,'p'),(3200,6400,'p'),(6400,9600,'p'),(9600,12800,'p'),(12800,16000,'p')]"
980,/Users/ssankey/PycharmProjects/AdvReverb/data/SpeechCommands/speech_commands_v0.02/nine/bb05582b_nohash_0.wav,19,"[(0,3200,'p'),(3200,6400,'p'),(6400,9600,'p'),(9600,12800,'p'),(12800,16000,'p')]"
981,/Users/ssankey/PycharmProjects/AdvReverb/data/SpeechCommands/speech_commands_v0.02/nine/97f4c236_nohash_1.wav,19,"[(0,3200,'p'),(3200,6400,'p'),(6400,9600,'p'),(9600,12800,'p'),(12800,16000,'p')]"
982,/Users/ssankey/PycharmProjects/AdvReverb/data/SpeechCommands/speech_commands_v0.02/nine/563aa4e6_nohash_1.wav,19,"[(0,3200,'p'),(3200,6400,'p'),(6400,9600,'p'),(9600,12800,'p'),(12800,16000,'p')]"
983,/Users/ssankey/PycharmProjects/AdvReverb/data/SpeechCommands/speech_commands_v0.02/nine/af405b69_nohash_0.wav,19,"[(0,3200,'p'),(3200,6400,'p'),(6400,9600,'p'),(9600,12800,'p'),(12800,16000,'p')]"
984,/Users/ssankey/PycharmProjects/AdvReverb/data/SpeechCommands/speech_commands_v0.02/nine/f2e59fea_nohash_0.wav,19,"[(0,3200,'p'),(3200,6400,'p'),(6400,9600,'p'),(9600,12800,'p'),(12800,16000,'p')]"
985,/Users/ssankey/PycharmProjects/AdvReverb/data/SpeechCommands/speech_commands_v0.02/nine/18f8afd5_nohash_0.wav,19,"[(0,3200,'p'),(3200,6400,'p'),(6400,9600,'p'),(9600,12800,'p'),(12800,16000,'p')]"
986,/Users/ssankey/PycharmProjects/AdvReverb/data/SpeechCommands/speech_commands_v0.02/nine/44260689_nohash_0.wav,19,"[(0,3200,'p'),(3200,6400,'p'),(6400,9600,'p'),(9600,12800,'p'),(12800,16000,'p')]"
987,/Users/ssankey/PycharmProjects/AdvReverb/data/SpeechCommands/speech_commands_v0.02/nine/e1469561_nohash_2.wav,19,"[(0,3200,'p'),(3200,6400,'p'),(6400,9600,'p'),(9600,12800,'p'),(12800,16000,'p')]"
988,/Users/ssankey/PycharmProjects/AdvReverb/data/SpeechCommands/speech_commands_v0.02/nine/5c8af87a_nohash_3.wav,19,"[(0,3200,'p'),(3200,6400,'p'),(6400,9600,'p'),(9600,12800,'p'),(12800,16000,'p')]"
989,/Users/ssankey/PycharmProjects/AdvReverb/data/SpeechCommands/speech_commands_v0.02/nine/6f689791_nohash_1.wav,19,"[(0,3200,'p'),(3200,6400,'p'),(6400,9600,'p'),(9600,12800,'p'),(12800,16000,'p')]"
990,/Users/ssankey/PycharmProjects/AdvReverb/data/SpeechCommands/speech_commands_v0.02/nine/692a88e6_nohash_4.wav,19,"[(0,3200,'p'),(3200,6400,'p'),(6400,9600,'p'),(9600,12800,'p'),(12800,16000,'p')]"
991,/Users/ssankey/PycharmProjects/AdvReverb/data/SpeechCommands/speech_commands_v0.02/nine/e41a903b_nohash_4.wav,19,"[(0,3200,'p'),(3200,6400,'p'),(6400,9600,'p'),(9600,12800,'p'),(12800,16000,'p')]"
992,/Users/ssankey/PycharmProjects/AdvReverb/data/SpeechCommands/speech_commands_v0.02/nine/d91a159e_nohash_1.wav,19,"[(0,3200,'p'),(3200,6400,'p'),(6400,9600,'p'),(9600,12800,'p'),(12800,16000,'p')]"
993,/Users/ssankey/PycharmProjects/AdvReverb/data/SpeechCommands/speech_commands_v0.02/nine/837a0f64_nohash_2.wav,19,"[(0,3200,'p'),(3200,6400,'p'),(6400,9600,'p'),(9600,12800,'p'),(12800,16000,'p')]"
994,/Users/ssankey/PycharmProjects/AdvReverb/data/SpeechCommands/speech_commands_v0.02/nine/3d86b69a_nohash_4.wav,19,"[(0,3200,'p'),(3200,6400,'p'),(6400,9600,'p'),(9600,12800,'p'),(12800,16000,'p')]"
995,/Users/ssankey/PycharmProjects/AdvReverb/data/SpeechCommands/speech_commands_v0.02/nine/881583a6_nohash_0.wav,19,"[(0,3200,'p'),(3200,6400,'p'),(6400,9600,'p'),(9600,12800,'p'),(12800,16000,'p')]"
996,/Users/ssankey/PycharmProjects/AdvReverb/data/SpeechCommands/speech_commands_v0.02/nine/e49428d9_nohash_2.wav,19,"[(0,3200,'p'),(3200,6400,'p'),(6400,9600,'p'),(9600,12800,'p'),(12800,16000,'p')]"
997,/Users/ssankey/PycharmProjects/AdvReverb/data/SpeechCommands/speech_commands_v0.02/nine/837a0f64_nohash_3.wav,19,"[(0,3200,'p'),(3200,6400,'p'),(6400,9600,'p'),(9600,12800,'p'),(12800,16000,'p')]"
998,/Users/ssankey/PycharmProjects/AdvReverb/data/SpeechCommands/speech_commands_v0.02/nine/d91a159e_nohash_0.wav,19,"[(0,3200,'p'),(3200,6400,'p'),(6400,9600,'p'),(9600,12800,'p'),(12800,16000,'p')]"
999,/Users/ssankey/PycharmProjects/AdvReverb/data/SpeechCommands/speech_commands_v0.02/nine/6f689791_nohash_0.wav,19,"[(0,3200,'p'),(3200,6400,'p'),(6400,9600,'p'),(9600,12800,'p'),(12800,16000,'p')]"
1000,/Users/ssankey/PycharmProjects/AdvReverb/data/SpeechCommands/speech_commands_v0.02/bed/3f170018_nohash_0.wav,20,"[(0,3200,'p'),(3200,6400,'p'),(6400,9600,'p'),(9600,12800,'p'),(12800,16000,'p')]"
1001,/Users/ssankey/PycharmProjects/AdvReverb/data/SpeechCommands/speech_commands_v0.02/bed/5b1db3ee_nohash_3.wav,20,"[(0,3200,'p'),(3200,6400,'p'),(6400,9600,'p'),(9600,12800,'p'),(12800,16000,'p')]"
1002,/Users/ssankey/PycharmProjects/AdvReverb/data/SpeechCommands/speech_commands_v0.02/bed/7257420c_nohash_1.wav,20,"[(0,3200,'p'),(3200,6400,'p'),(6400,9600,'p'),(9600,12800,'p'),(12800,16000,'p')]"
1003,/Users/ssankey/PycharmProjects/AdvReverb/data/SpeechCommands/speech_commands_v0.02/bed/5c8af87a_nohash_0.wav,20,"[(0,3200,'p'),(3200,6400,'p'),(6400,9600,'p'),(9600,12800,'p'),(12800,16000,'p')]"
1004,/Users/ssankey/PycharmProjects/AdvReverb/data/SpeechCommands/speech_commands_v0.02/bed/aa48c94a_nohash_0.wav,20,"[(0,3200,'p'),(3200,6400,'p'),(6400,9600,'p'),(9600,12800,'p'),(12800,16000,'p')]"
1005,/Users/ssankey/PycharmProjects/AdvReverb/data/SpeechCommands/speech_commands_v0.02/bed/d1bf406b_nohash_0.wav,20,"[(0,3200,'p'),(3200,6400,'p'),(6400,9600,'p'),(9600,12800,'p'),(12800,16000,'p')]"
1006,/Users/ssankey/PycharmProjects/AdvReverb/data/SpeechCommands/speech_commands_v0.02/bed/c7124b73_nohash_0.wav,20,"[(0,3200,'p'),(3200,6400,'p'),(6400,9600,'p'),(9600,12800,'p'),(12800,16000,'p')]"
1007,/Users/ssankey/PycharmProjects/AdvReverb/data/SpeechCommands/speech_commands_v0.02/bed/c7124b73_nohash_1.wav,20,"[(0,3200,'p'),(3200,6400,'p'),(6400,9600,'p'),(9600,12800,'p'),(12800,16000,'p')]"
1008,/Users/ssankey/PycharmProjects/AdvReverb/data/SpeechCommands/speech_commands_v0.02/bed/9d4bab4f_nohash_0.wav,20,"[(0,3200,'p'),(3200,6400,'p'),(6400,9600,'p'),(9600,12800,'p'),(12800,16000,'p')]"
1009,/Users/ssankey/PycharmProjects/AdvReverb/data/SpeechCommands/speech_commands_v0.02/bed/837a0f64_nohash_0.wav,20,"[(0,3200,'p'),(3200,6400,'p'),(6400,9600,'p'),(9600,12800,'p'),(12800,16000,'p')]"
1010,/Users/ssankey/PycharmProjects/AdvReverb/data/SpeechCommands/speech_commands_v0.02/bed/28497c5b_nohash_0.wav,20,"[(0,3200,'p'),(3200,6400,'p'),(6400,9600,'p'),(9600,12800,'p'),(12800,16000,'p')]"
1011,/Users/ssankey/PycharmProjects/AdvReverb/data/SpeechCommands/speech_commands_v0.02/bed/aa48c94a_nohash_1.wav,20,"[(0,3200,'p'),(3200,6400,'p'),(6400,9600,'p'),(9600,12800,'p'),(12800,16000,'p')]"
1012,/Users/ssankey/PycharmProjects/AdvReverb/data/SpeechCommands/speech_commands_v0.02/bed/e1469561_nohash_0.wav,20,"[(0,3200,'p'),(3200,6400,'p'),(6400,9600,'p'),(9600,12800,'p'),(12800,16000,'p')]"
1013,/Users/ssankey/PycharmProjects/AdvReverb/data/SpeechCommands/speech_commands_v0.02/bed/7257420c_nohash_0.wav,20,"[(0,3200,'p'),(3200,6400,'p'),(6400,9600,'p'),(9600,12800,'p'),(12800,16000,'p')]"
1014,/Users/ssankey/PycharmProjects/AdvReverb/data/SpeechCommands/speech_commands_v0.02/bed/5b1db3ee_nohash_2.wav,20,"[(0,3200,'p'),(3200,6400,'p'),(6400,9600,'p'),(9600,12800,'p'),(12800,16000,'p')]"
1015,/Users/ssankey/PycharmProjects/AdvReverb/data/SpeechCommands/speech_commands_v0.02/bed/68dd409e_nohash_0.wav,20,"[(0,3200,'p'),(3200,6400,'p'),(6400,9600,'p'),(9600,12800,'p'),(12800,16000,'p')]"
1016,/Users/ssankey/PycharmProjects/AdvReverb/data/SpeechCommands/speech_commands_v0.02/bed/c518d1b1_nohash_0.wav,20,"[(0,3200,'p'),(3200,6400,'p'),(6400,9600,'p'),(9600,12800,'p'),(12800,16000,'p')]"
1017,/Users/ssankey/PycharmProjects/AdvReverb/data/SpeechCommands/speech_commands_v0.02/bed/bb05582b_nohash_0.wav,20,"[(0,3200,'p'),(3200,6400,'p'),(6400,9600,'p'),(9600,12800,'p'),(12800,16000,'p')]"
1018,/Users/ssankey/PycharmProjects/AdvReverb/data/SpeechCommands/speech_commands_v0.02/bed/62ff07ef_nohash_0.wav,20,"[(0,3200,'p'),(3200,6400,'p'),(6400,9600,'p'),(9600,12800,'p'),(12800,16000,'p')]"
1019,/Users/ssankey/PycharmProjects/AdvReverb/data/SpeechCommands/speech_commands_v0.02/bed/adebe223_nohash_0.wav,20,"[(0,3200,'p'),(3200,6400,'p'),(6400,9600,'p'),(9600,12800,'p'),(12800,16000,'p')]"
1020,/Users/ssankey/PycharmProjects/AdvReverb/data/SpeechCommands/speech_commands_v0.02/bed/f2e59fea_nohash_0.wav,20,"[(0,3200,'p'),(3200,6400,'p'),(6400,9600,'p'),(9600,12800,'p'),(12800,16000,'p')]"
1021,/Users/ssankey/PycharmProjects/AdvReverb/data/SpeechCommands/speech_commands_v0.02/bed/84d1e469_nohash_0.wav,20,"[(0,3200,'p'),(3200,6400,'p'),(6400,9600,'p'),(9600,12800,'p'),(12800,16000,'p')]"
1022,/Users/ssankey/PycharmProjects/AdvReverb/data/SpeechCommands/speech_commands_v0.02/bed/18f8afd5_nohash_0.wav,20,"[(0,3200,'p'),(3200,6400,'p'),(6400,9600,'p'),(9600,12800,'p'),(12800,16000,'p')]"
1023,/Users/ssankey/PycharmProjects/AdvReverb/data/SpeechCommands/speech_commands_v0.02/bed/5b1db3ee_nohash_0.wav,20,"[(0,3200,'p'),(3200,6400,'p'),(6400,9600,'p'),(9600,12800,'p'),(12800,16000,'p')]"
1024,/Users/ssankey/PycharmProjects/AdvReverb/data/SpeechCommands/speech_commands_v0.02/bed/44260689_nohash_0.wav,20,"[(0,3200,'p'),(3200,6400,'p'),(6400,9600,'p'),(9600,12800,'p'),(12800,16000,'p')]"
1025,/Users/ssankey/PycharmProjects/AdvReverb/data/SpeechCommands/speech_commands_v0.02/bed/f0ae7203_nohash_0.wav,20,"[(0,3200,'p'),(3200,6400,'p'),(6400,9600,'p'),(9600,12800,'p'),(12800,16000,'p')]"
1026,/Users/ssankey/PycharmProjects/AdvReverb/data/SpeechCommands/speech_commands_v0.02/bed/881583a6_nohash_0.wav,20,"[(0,3200,'p'),(3200,6400,'p'),(6400,9600,'p'),(9600,12800,'p'),(12800,16000,'p')]"
1027,/Users/ssankey/PycharmProjects/AdvReverb/data/SpeechCommands/speech_commands_v0.02/bed/c7124b73_nohash_2.wav,20,"[(0,3200,'p'),(3200,6400,'p'),(6400,9600,'p'),(9600,12800,'p'),(12800,16000,'p')]"
1028,/Users/ssankey/PycharmProjects/AdvReverb/data/SpeechCommands/speech_commands_v0.02/bed/8c7f81df_nohash_0.wav,20,"[(0,3200,'p'),(3200,6400,'p'),(6400,9600,'p'),(9600,12800,'p'),(12800,16000,'p')]"
1029,/Users/ssankey/PycharmProjects/AdvReverb/data/SpeechCommands/speech_commands_v0.02/bed/5b1db3ee_nohash_1.wav,20,"[(0,3200,'p'),(3200,6400,'p'),(6400,9600,'p'),(9600,12800,'p'),(12800,16000,'p')]"
1030,/Users/ssankey/PycharmProjects/AdvReverb/data/SpeechCommands/speech_commands_v0.02/bed/84d1e469_nohash_1.wav,20,"[(0,3200,'p'),(3200,6400,'p'),(6400,9600,'p'),(9600,12800,'p'),(12800,16000,'p')]"
1031,/Users/ssankey/PycharmProjects/AdvReverb/data/SpeechCommands/speech_commands_v0.02/bed/adebe223_nohash_1.wav,20,"[(0,3200,'p'),(3200,6400,'p'),(6400,9600,'p'),(9600,12800,'p'),(12800,16000,'p')]"
1032,/Users/ssankey/PycharmProjects/AdvReverb/data/SpeechCommands/speech_commands_v0.02/bed/fdb5155e_nohash_0.wav,20,"[(0,3200,'p'),(3200,6400,'p'),(6400,9600,'p'),(9600,12800,'p'),(12800,16000,'p')]"
1033,/Users/ssankey/PycharmProjects/AdvReverb/data/SpeechCommands/speech_commands_v0.02/bed/e9901cf0_nohash_0.wav,20,"[(0,3200,'p'),(3200,6400,'p'),(6400,9600,'p'),(9600,12800,'p'),(12800,16000,'p')]"
1034,/Users/ssankey/PycharmProjects/AdvReverb/data/SpeechCommands/speech_commands_v0.02/bed/563aa4e6_nohash_0.wav,20,"[(0,3200,'p'),(3200,6400,'p'),(6400,9600,'p'),(9600,12800,'p'),(12800,16000,'p')]"
1035,/Users/ssankey/PycharmProjects/AdvReverb/data/SpeechCommands/speech_commands_v0.02/bed/97f4c236_nohash_0.wav,20,"[(0,3200,'p'),(3200,6400,'p'),(6400,9600,'p'),(9600,12800,'p'),(12800,16000,'p')]"
1036,/Users/ssankey/PycharmProjects/AdvReverb/data/SpeechCommands/speech_commands_v0.02/bed/62ff07ef_nohash_1.wav,20,"[(0,3200,'p'),(3200,6400,'p'),(6400,9600,'p'),(9600,12800,'p'),(12800,16000,'p')]"
1037,/Users/ssankey/PycharmProjects/AdvReverb/data/SpeechCommands/speech_commands_v0.02/bed/ffb86d3c_nohash_0.wav,20,"[(0,3200,'p'),(3200,6400,'p'),(6400,9600,'p'),(9600,12800,'p'),(12800,16000,'p')]"
1038,/Users/ssankey/PycharmProjects/AdvReverb/data/SpeechCommands/speech_commands_v0.02/bed/9dc1889e_nohash_0.wav,20,"[(0,3200,'p'),(3200,6400,'p'),(6400,9600,'p'),(9600,12800,'p'),(12800,16000,'p')]"
1039,/Users/ssankey/PycharmProjects/AdvReverb/data/SpeechCommands/speech_commands_v0.02/bed/2d82a556_nohash_1.wav,20,"[(0,3200,'p'),(3200,6400,'p'),(6400,9600,'p'),(9600,12800,'p'),(12800,16000,'p')]"
1040,/Users/ssankey/PycharmProjects/AdvReverb/data/SpeechCommands/speech_commands_v0.02/bed/e71b4ce6_nohash_0.wav,20,"[(0,3200,'p'),(3200,6400,'p'),(6400,9600,'p'),(9600,12800,'p'),(12800,16000,'p')]"
1041,/Users/ssankey/PycharmProjects/AdvReverb/data/SpeechCommands/speech_commands_v0.02/bed/964c7c9e_nohash_0.wav,20,"[(0,3200,'p'),(3200,6400,'p'),(6400,9600,'p'),(9600,12800,'p'),(12800,16000,'p')]"
1042,/Users/ssankey/PycharmProjects/AdvReverb/data/SpeechCommands/speech_commands_v0.02/bed/3d86b69a_nohash_0.wav,20,"[(0,3200,'p'),(3200,6400,'p'),(6400,9600,'p'),(9600,12800,'p'),(12800,16000,'p')]"
1043,/Users/ssankey/PycharmProjects/AdvReverb/data/SpeechCommands/speech_commands_v0.02/bed/e41a903b_nohash_0.wav,20,"[(0,3200,'p'),(3200,6400,'p'),(6400,9600,'p'),(9600,12800,'p'),(12800,16000,'p')]"
1044,/Users/ssankey/PycharmProjects/AdvReverb/data/SpeechCommands/speech_commands_v0.02/bed/5ff3f9a1_nohash_0.wav,20,"[(0,3200,'p'),(3200,6400,'p'),(6400,9600,'p'),(9600,12800,'p'),(12800,16000,'p')]"
1045,/Users/ssankey/PycharmProjects/AdvReverb/data/SpeechCommands/speech_commands_v0.02/bed/c0e0f834_nohash_2.wav,20,"[(0,3200,'p'),(3200,6400,'p'),(6400,9600,'p'),(9600,12800,'p'),(12800,16000,'p')]"
1046,/Users/ssankey/PycharmProjects/AdvReverb/data/SpeechCommands/speech_commands_v0.02/bed/692a88e6_nohash_0.wav,20,"[(0,3200,'p'),(3200,6400,'p'),(6400,9600,'p'),(9600,12800,'p'),(12800,16000,'p')]"
1047,/Users/ssankey/PycharmProjects/AdvReverb/data/SpeechCommands/speech_commands_v0.02/bed/2d82a556_nohash_0.wav,20,"[(0,3200,'p'),(3200,6400,'p'),(6400,9600,'p'),(9600,12800,'p'),(12800,16000,'p')]"
1048,/Users/ssankey/PycharmProjects/AdvReverb/data/SpeechCommands/speech_commands_v0.02/bed/5b1db3ee_nohash_4.wav,20,"[(0,3200,'p'),(3200,6400,'p'),(6400,9600,'p'),(9600,12800,'p'),(12800,16000,'p')]"
1049,/Users/ssankey/PycharmProjects/AdvReverb/data/SpeechCommands/speech_commands_v0.02/bed/d5ca80c6_nohash_0.wav,20,"[(0,3200,'p'),(3200,6400,'p'),(6400,9600,'p'),(9600,12800,'p'),(12800,16000,'p')]"
1050,/Users/ssankey/PycharmProjects/AdvReverb/data/SpeechCommands/speech_commands_v0.02/bird/5c8af87a_nohash_0.wav,21,"[(0,3200,'p'),(3200,6400,'p'),(6400,9600,'p'),(9600,12800,'p'),(12800,16000,'p')]"
1051,/Users/ssankey/PycharmProjects/AdvReverb/data/SpeechCommands/speech_commands_v0.02/bird/aa48c94a_nohash_0.wav,21,"[(0,3200,'p'),(3200,6400,'p'),(6400,9600,'p'),(9600,12800,'p'),(12800,16000,'p')]"
1052,/Users/ssankey/PycharmProjects/AdvReverb/data/SpeechCommands/speech_commands_v0.02/bird/1538beb7_nohash_0.wav,21,"[(0,3200,'p'),(3200,6400,'p'),(6400,9600,'p'),(9600,12800,'p'),(12800,16000,'p')]"
1053,/Users/ssankey/PycharmProjects/AdvReverb/data/SpeechCommands/speech_commands_v0.02/bird/d1bf406b_nohash_0.wav,21,"[(0,3200,'p'),(3200,6400,'p'),(6400,9600,'p'),(9600,12800,'p'),(12800,16000,'p')]"
1054,/Users/ssankey/PycharmProjects/AdvReverb/data/SpeechCommands/speech_commands_v0.02/bird/28497c5b_nohash_1.wav,21,"[(0,3200,'p'),(3200,6400,'p'),(6400,9600,'p'),(9600,12800,'p'),(12800,16000,'p')]"
1055,/Users/ssankey/PycharmProjects/AdvReverb/data/SpeechCommands/speech_commands_v0.02/bird/c7124b73_nohash_0.wav,21,"[(0,3200,'p'),(3200,6400,'p'),(6400,9600,'p'),(9600,12800,'p'),(12800,16000,'p')]"
1056,/Users/ssankey/PycharmProjects/AdvReverb/data/SpeechCommands/speech_commands_v0.02/bird/c7124b73_nohash_1.wav,21,"[(0,3200,'p'),(3200,6400,'p'),(6400,9600,'p'),(9600,12800,'p'),(12800,16000,'p')]"
1057,/Users/ssankey/PycharmProjects/AdvReverb/data/SpeechCommands/speech_commands_v0.02/bird/837a0f64_nohash_0.wav,21,"[(0,3200,'p'),(3200,6400,'p'),(6400,9600,'p'),(9600,12800,'p'),(12800,16000,'p')]"
1058,/Users/ssankey/PycharmProjects/AdvReverb/data/SpeechCommands/speech_commands_v0.02/bird/28497c5b_nohash_0.wav,21,"[(0,3200,'p'),(3200,6400,'p'),(6400,9600,'p'),(9600,12800,'p'),(12800,16000,'p')]"
1059,/Users/ssankey/PycharmProjects/AdvReverb/data/SpeechCommands/speech_commands_v0.02/bird/aa48c94a_nohash_1.wav,21,"[(0,3200,'p'),(3200,6400,'p'),(6400,9600,'p'),(9600,12800,'p'),(12800,16000,'p')]"
1060,/Users/ssankey/PycharmProjects/AdvReverb/data/SpeechCommands/speech_commands_v0.02/bird/24ad3ebe_nohash_0.wav,21,"[(0,3200,'p'),(3200,6400,'p'),(6400,9600,'p'),(9600,12800,'p'),(12800,16000,'p')]"
1061,/Users/ssankey/PycharmProjects/AdvReverb/data/SpeechCommands/speech_commands_v0.02/bird/e1469561_nohash_0.wav,21,"[(0,3200,'p'),(3200,6400,'p'),(6400,9600,'p'),(9600,12800,'p'),(12800,16000,'p')]"
1062,/Users/ssankey/PycharmProjects/AdvReverb/data/SpeechCommands/speech_commands_v0.02/bird/f428ca69_nohash_0.wav,21,"[(0,3200,'p'),(3200,6400,'p'),(6400,9600,'p'),(9600,12800,'p'),(12800,16000,'p')]"
1063,/Users/ssankey/PycharmProjects/AdvReverb/data/SpeechCommands/speech_commands_v0.02/bird/af130f12_nohash_0.wav,21,"[(0,3200,'p'),(3200,6400,'p'),(6400,9600,'p'),(9600,12800,'p'),(12800,16000,'p')]"
1064,/Users/ssankey/PycharmProjects/AdvReverb/data/SpeechCommands/speech_commands_v0.02/bird/62ff07ef_nohash_0.wav,21,"[(0,3200,'p'),(3200,6400,'p'),(6400,9600,'p'),(9600,12800,'p'),(12800,16000,'p')]"
1065,/Users/ssankey/PycharmProjects/AdvReverb/data/SpeechCommands/speech_commands_v0.02/bird/adebe223_nohash_0.wav,21,"[(0,3200,'p'),(3200,6400,'p'),(6400,9600,'p'),(9600,12800,'p'),(12800,16000,'p')]"
1066,/Users/ssankey/PycharmProjects/AdvReverb/data/SpeechCommands/speech_commands_v0.02/bird/5b1db3ee_nohash_0.wav,21,"[(0,3200,'p'),(3200,6400,'p'),(6400,9600,'p'),(9600,12800,'p'),(12800,16000,'p')]"
1067,/Users/ssankey/PycharmProjects/AdvReverb/data/SpeechCommands/speech_commands_v0.02/bird/44260689_nohash_0.wav,21,"[(0,3200,'p'),(3200,6400,'p'),(6400,9600,'p'),(9600,12800,'p'),(12800,16000,'p')]"
1068,/Users/ssankey/PycharmProjects/AdvReverb/data/SpeechCommands/speech_commands_v0.02/bird/6f689791_nohash_1.wav,21,"[(0,3200,'p'),(3200,6400,'p'),(6400,9600,'p'),(9600,12800,'p'),(12800,16000,'p')]"
1069,/Users/ssankey/PycharmProjects/AdvReverb/data/SpeechCommands/speech_commands_v0.02/bird/f0ae7203_nohash_0.wav,21,"[(0,3200,'p'),(3200,6400,'p'),(6400,9600,'p'),(9600,12800,'p'),(12800,16000,'p')]"
1070,/Users/ssankey/PycharmProjects/AdvReverb/data/SpeechCommands/speech_commands_v0.02/bird/28497c5b_nohash_2.wav,21,"[(0,3200,'p'),(3200,6400,'p'),(6400,9600,'p'),(9600,12800,'p'),(12800,16000,'p')]"
1071,/Users/ssankey/PycharmProjects/AdvReverb/data/SpeechCommands/speech_commands_v0.02/bird/881583a6_nohash_0.wav,21,"[(0,3200,'p'),(3200,6400,'p'),(6400,9600,'p'),(9600,12800,'p'),(12800,16000,'p')]"
1072,/Users/ssankey/PycharmProjects/AdvReverb/data/SpeechCommands/speech_commands_v0.02/bird/881583a6_nohash_1.wav,21,"[(0,3200,'p'),(3200,6400,'p'),(6400,9600,'p'),(9600,12800,'p'),(12800,16000,'p')]"
1073,/Users/ssankey/PycharmProjects/AdvReverb/data/SpeechCommands/speech_commands_v0.02/bird/8c7f81df_nohash_0.wav,21,"[(0,3200,'p'),(3200,6400,'p'),(6400,9600,'p'),(9600,12800,'p'),(12800,16000,'p')]"
1074,/Users/ssankey/PycharmProjects/AdvReverb/data/SpeechCommands/speech_commands_v0.02/bird/6f689791_nohash_0.wav,21,"[(0,3200,'p'),(3200,6400,'p'),(6400,9600,'p'),(9600,12800,'p'),(12800,16000,'p')]"
1075,/Users/ssankey/PycharmProjects/AdvReverb/data/SpeechCommands/speech_commands_v0.02/bird/8fe52b97_nohash_0.wav,21,"[(0,3200,'p'),(3200,6400,'p'),(6400,9600,'p'),(9600,12800,'p'),(12800,16000,'p')]"
1076,/Users/ssankey/PycharmProjects/AdvReverb/data/SpeechCommands/speech_commands_v0.02/bird/e9901cf0_nohash_0.wav,21,"[(0,3200,'p'),(3200,6400,'p'),(6400,9600,'p'),(9600,12800,'p'),(12800,16000,'p')]"
1077,/Users/ssankey/PycharmProjects/AdvReverb/data/SpeechCommands/speech_commands_v0.02/bird/563aa4e6_nohash_0.wav,21,"[(0,3200,'p'),(3200,6400,'p'),(6400,9600,'p'),(9600,12800,'p'),(12800,16000,'p')]"
1078,/Users/ssankey/PycharmProjects/AdvReverb/data/SpeechCommands/speech_commands_v0.02/bird/97f4c236_nohash_0.wav,21,"[(0,3200,'p'),(3200,6400,'p'),(6400,9600,'p'),(9600,12800,'p'),(12800,16000,'p')]"
1079,/Users/ssankey/PycharmProjects/AdvReverb/data/SpeechCommands/speech_commands_v0.02/bird/ffb86d3c_nohash_0.wav,21,"[(0,3200,'p'),(3200,6400,'p'),(6400,9600,'p'),(9600,12800,'p'),(12800,16000,'p')]"
1080,/Users/ssankey/PycharmProjects/AdvReverb/data/SpeechCommands/speech_commands_v0.02/bird/9dc1889e_nohash_0.wav,21,"[(0,3200,'p'),(3200,6400,'p'),(6400,9600,'p'),(9600,12800,'p'),(12800,16000,'p')]"
1081,/Users/ssankey/PycharmProjects/AdvReverb/data/SpeechCommands/speech_commands_v0.02/bird/4a0e2c16_nohash_0.wav,21,"[(0,3200,'p'),(3200,6400,'p'),(6400,9600,'p'),(9600,12800,'p'),(12800,16000,'p')]"
1082,/Users/ssankey/PycharmProjects/AdvReverb/data/SpeechCommands/speech_commands_v0.02/bird/1f653d27_nohash_0.wav,21,"[(0,3200,'p'),(3200,6400,'p'),(6400,9600,'p'),(9600,12800,'p'),(12800,16000,'p')]"
1083,/Users/ssankey/PycharmProjects/AdvReverb/data/SpeechCommands/speech_commands_v0.02/bird/e71b4ce6_nohash_0.wav,21,"[(0,3200,'p'),(3200,6400,'p'),(6400,9600,'p'),(9600,12800,'p'),(12800,16000,'p')]"
1084,/Users/ssankey/PycharmProjects/AdvReverb/data/SpeechCommands/speech_commands_v0.02/bird/e41a903b_nohash_0.wav,21,"[(0,3200,'p'),(3200,6400,'p'),(6400,9600,'p'),(9600,12800,'p'),(12800,16000,'p')]"
1085,/Users/ssankey/PycharmProjects/AdvReverb/data/SpeechCommands/speech_commands_v0.02/bird/692a88e6_nohash_0.wav,21,"[(0,3200,'p'),(3200,6400,'p'),(6400,9600,'p'),(9600,12800,'p'),(12800,16000,'p')]"
1086,/Users/ssankey/PycharmProjects/AdvReverb/data/SpeechCommands/speech_commands_v0.02/bird/9e2ce5e3_nohash_2.wav,21,"[(0,3200,'p'),(3200,6400,'p'),(6400,9600,'p'),(9600,12800,'p'),(12800,16000,'p')]"
1087,/Users/ssankey/PycharmProjects/AdvReverb/data/SpeechCommands/speech_commands_v0.02/bird/ffb86d3c_nohash_1.wav,21,"[(0,3200,'p'),(3200,6400,'p'),(6400,9600,'p'),(9600,12800,'p'),(12800,16000,'p')]"
1088,/Users/ssankey/PycharmProjects/AdvReverb/data/SpeechCommands/speech_commands_v0.02/bird/9e2ce5e3_nohash_0.wav,21,"[(0,3200,'p'),(3200,6400,'p'),(6400,9600,'p'),(9600,12800,'p'),(12800,16000,'p')]"
1089,/Users/ssankey/PycharmProjects/AdvReverb/data/SpeechCommands/speech_commands_v0.02/bird/80c45ed6_nohash_0.wav,21,"[(0,3200,'p'),(3200,6400,'p'),(6400,9600,'p'),(9600,12800,'p'),(12800,16000,'p')]"
1090,/Users/ssankey/PycharmProjects/AdvReverb/data/SpeechCommands/speech_commands_v0.02/bird/553f1a79_nohash_0.wav,21,"[(0,3200,'p'),(3200,6400,'p'),(6400,9600,'p'),(9600,12800,'p'),(12800,16000,'p')]"
1091,/Users/ssankey/PycharmProjects/AdvReverb/data/SpeechCommands/speech_commands_v0.02/bird/9e2ce5e3_nohash_1.wav,21,"[(0,3200,'p'),(3200,6400,'p'),(6400,9600,'p'),(9600,12800,'p'),(12800,16000,'p')]"
1092,/Users/ssankey/PycharmProjects/AdvReverb/data/SpeechCommands/speech_commands_v0.02/bird/c9b5ff26_nohash_0.wav,21,"[(0,3200,'p'),(3200,6400,'p'),(6400,9600,'p'),(9600,12800,'p'),(12800,16000,'p')]"
1093,/Users/ssankey/PycharmProjects/AdvReverb/data/SpeechCommands/speech_commands_v0.02/bird/cfbedff9_nohash_0.wav,21,"[(0,3200,'p'),(3200,6400,'p'),(6400,9600,'p'),(9600,12800,'p'),(12800,16000,'p')]"
1094,/Users/ssankey/PycharmProjects/AdvReverb/data/SpeechCommands/speech_commands_v0.02/bird/4fd1443e_nohash_0.wav,21,"[(0,3200,'p'),(3200,6400,'p'),(6400,9600,'p'),(9600,12800,'p'),(12800,16000,'p')]"
1095,/Users/ssankey/PycharmProjects/AdvReverb/data/SpeechCommands/speech_commands_v0.02/bird/4c841771_nohash_1.wav,21,"[(0,3200,'p'),(3200,6400,'p'),(6400,9600,'p'),(9600,12800,'p'),(12800,16000,'p')]"
1096,/Users/ssankey/PycharmProjects/AdvReverb/data/SpeechCommands/speech_commands_v0.02/bird/4290ca61_nohash_1.wav,21,"[(0,3200,'p'),(3200,6400,'p'),(6400,9600,'p'),(9600,12800,'p'),(12800,16000,'p')]"
1097,/Users/ssankey/PycharmProjects/AdvReverb/data/SpeechCommands/speech_commands_v0.02/bird/0f250098_nohash_0.wav,21,"[(0,3200,'p'),(3200,6400,'p'),(6400,9600,'p'),(9600,12800,'p'),(12800,16000,'p')]"
1098,/Users/ssankey/PycharmProjects/AdvReverb/data/SpeechCommands/speech_commands_v0.02/bird/f6af2457_nohash_0.wav,21,"[(0,3200,'p'),(3200,6400,'p'),(6400,9600,'p'),(9600,12800,'p'),(12800,16000,'p')]"
1099,/Users/ssankey/PycharmProjects/AdvReverb/data/SpeechCommands/speech_commands_v0.02/bird/27c30960_nohash_0.wav,21,"[(0,3200,'p'),(3200,6400,'p'),(6400,9600,'p'),(9600,12800,'p'),(12800,16000,'p')]"
1100,/Users/ssankey/PycharmProjects/AdvReverb/data/SpeechCommands/speech_commands_v0.02/cat/aef8dcf5_nohash_0.wav,22,"[(0,3200,'p'),(3200,6400,'p'),(6400,9600,'p'),(9600,12800,'p'),(12800,16000,'p')]"
1101,/Users/ssankey/PycharmProjects/AdvReverb/data/SpeechCommands/speech_commands_v0.02/cat/24ad3ebe_nohash_1.wav,22,"[(0,3200,'p'),(3200,6400,'p'),(6400,9600,'p'),(9600,12800,'p'),(12800,16000,'p')]"
1102,/Users/ssankey/PycharmProjects/AdvReverb/data/SpeechCommands/speech_commands_v0.02/cat/aa48c94a_nohash_0.wav,22,"[(0,3200,'p'),(3200,6400,'p'),(6400,9600,'p'),(9600,12800,'p'),(12800,16000,'p')]"
1103,/Users/ssankey/PycharmProjects/AdvReverb/data/SpeechCommands/speech_commands_v0.02/cat/e49428d9_nohash_0.wav,22,"[(0,3200,'p'),(3200,6400,'p'),(6400,9600,'p'),(9600,12800,'p'),(12800,16000,'p')]"
1104,/Users/ssankey/PycharmProjects/AdvReverb/data/SpeechCommands/speech_commands_v0.02/cat/837a0f64_nohash_0.wav,22,"[(0,3200,'p'),(3200,6400,'p'),(6400,9600,'p'),(9600,12800,'p'),(12800,16000,'p')]"
1105,/Users/ssankey/PycharmProjects/AdvReverb/data/SpeechCommands/speech_commands_v0.02/cat/24ad3ebe_nohash_0.wav,22,"[(0,3200,'p'),(3200,6400,'p'),(6400,9600,'p'),(9600,12800,'p'),(12800,16000,'p')]"
1106,/Users/ssankey/PycharmProjects/AdvReverb/data/SpeechCommands/speech_commands_v0.02/cat/e1469561_nohash_0.wav,22,"[(0,3200,'p'),(3200,6400,'p'),(6400,9600,'p'),(9600,12800,'p'),(12800,16000,'p')]"
1107,/Users/ssankey/PycharmProjects/AdvReverb/data/SpeechCommands/speech_commands_v0.02/cat/68dd409e_nohash_0.wav,22,"[(0,3200,'p'),(3200,6400,'p'),(6400,9600,'p'),(9600,12800,'p'),(12800,16000,'p')]"
1108,/Users/ssankey/PycharmProjects/AdvReverb/data/SpeechCommands/speech_commands_v0.02/cat/af130f12_nohash_0.wav,22,"[(0,3200,'p'),(3200,6400,'p'),(6400,9600,'p'),(9600,12800,'p'),(12800,16000,'p')]"
1109,/Users/ssankey/PycharmProjects/AdvReverb/data/SpeechCommands/speech_commands_v0.02/cat/c518d1b1_nohash_0.wav,22,"[(0,3200,'p'),(3200,6400,'p'),(6400,9600,'p'),(9600,12800,'p'),(12800,16000,'p')]"
1110,/Users/ssankey/PycharmProjects/AdvReverb/data/SpeechCommands/speech_commands_v0.02/cat/bb05582b_nohash_0.wav,22,"[(0,3200,'p'),(3200,6400,'p'),(6400,9600,'p'),(9600,12800,'p'),(12800,16000,'p')]"
1111,/Users/ssankey/PycharmProjects/AdvReverb/data/SpeechCommands/speech_commands_v0.02/cat/f2e59fea_nohash_0.wav,22,"[(0,3200,'p'),(3200,6400,'p'),(6400,9600,'p'),(9600,12800,'p'),(12800,16000,'p')]"
1112,/Users/ssankey/PycharmProjects/AdvReverb/data/SpeechCommands/speech_commands_v0.02/cat/18f8afd5_nohash_0.wav,22,"[(0,3200,'p'),(3200,6400,'p'),(6400,9600,'p'),(9600,12800,'p'),(12800,16000,'p')]"
1113,/Users/ssankey/PycharmProjects/AdvReverb/data/SpeechCommands/speech_commands_v0.02/cat/24ad3ebe_nohash_2.wav,22,"[(0,3200,'p'),(3200,6400,'p'),(6400,9600,'p'),(9600,12800,'p'),(12800,16000,'p')]"
1114,/Users/ssankey/PycharmProjects/AdvReverb/data/SpeechCommands/speech_commands_v0.02/cat/f0ae7203_nohash_0.wav,22,"[(0,3200,'p'),(3200,6400,'p'),(6400,9600,'p'),(9600,12800,'p'),(12800,16000,'p')]"
1115,/Users/ssankey/PycharmProjects/AdvReverb/data/SpeechCommands/speech_commands_v0.02/cat/f0ae7203_nohash_1.wav,22,"[(0,3200,'p'),(3200,6400,'p'),(6400,9600,'p'),(9600,12800,'p'),(12800,16000,'p')]"
1116,/Users/ssankey/PycharmProjects/AdvReverb/data/SpeechCommands/speech_commands_v0.02/cat/6f689791_nohash_0.wav,22,"[(0,3200,'p'),(3200,6400,'p'),(6400,9600,'p'),(9600,12800,'p'),(12800,16000,'p')]"
1117,/Users/ssankey/PycharmProjects/AdvReverb/data/SpeechCommands/speech_commands_v0.02/cat/8fe52b97_nohash_0.wav,22,"[(0,3200,'p'),(3200,6400,'p'),(6400,9600,'p'),(9600,12800,'p'),(12800,16000,'p')]"
1118,/Users/ssankey/PycharmProjects/AdvReverb/data/SpeechCommands/speech_commands_v0.02/cat/e9901cf0_nohash_0.wav,22,"[(0,3200,'p'),(3200,6400,'p'),(6400,9600,'p'),(9600,12800,'p'),(12800,16000,'p')]"
1119,/Users/ssankey/PycharmProjects/AdvReverb/data/SpeechCommands/speech_commands_v0.02/cat/563aa4e6_nohash_0.wav,22,"[(0,3200,'p'),(3200,6400,'p'),(6400,9600,'p'),(9600,12800,'p'),(12800,16000,'p')]"
1120,/Users/ssankey/PycharmProjects/AdvReverb/data/SpeechCommands/speech_commands_v0.02/cat/97f4c236_nohash_0.wav,22,"[(0,3200,'p'),(3200,6400,'p'),(6400,9600,'p'),(9600,12800,'p'),(12800,16000,'p')]"
1121,/Users/ssankey/PycharmProjects/AdvReverb/data/SpeechCommands/speech_commands_v0.02/cat/af130f12_nohash_1.wav,22,"[(0,3200,'p'),(3200,6400,'p'),(6400,9600,'p'),(9600,12800,'p'),(12800,16000,'p')]"
1122,/Users/ssankey/PycharmProjects/AdvReverb/data/SpeechCommands/speech_commands_v0.02/cat/ffb86d3c_nohash_0.wav,22,"[(0,3200,'p'),(3200,6400,'p'),(6400,9600,'p'),(9600,12800,'p'),(12800,16000,'p')]"
1123,/Users/ssankey/PycharmProjects/AdvReverb/data/SpeechCommands/speech_commands_v0.02/cat/9dc1889e_nohash_0.wav,22,"[(0,3200,'p'),(3200,6400,'p'),(6400,9600,'p'),(9600,12800,'p'),(12800,16000,'p')]"
1124,/Users/ssankey/PycharmProjects/AdvReverb/data/SpeechCommands/speech_commands_v0.02/cat/4a0e2c16_nohash_0.wav,22,"[(0,3200,'p'),(3200,6400,'p'),(6400,9600,'p'),(9600,12800,'p'),(12800,16000,'p')]"
1125,/Users/ssankey/PycharmProjects/AdvReverb/data/SpeechCommands/speech_commands_v0.02/cat/e71b4ce6_nohash_0.wav,22,"[(0,3200,'p'),(3200,6400,'p'),(6400,9600,'p'),(9600,12800,'p'),(12800,16000,'p')]"
1126,/Users/ssankey/PycharmProjects/AdvReverb/data/SpeechCommands/speech_commands_v0.02/cat/964c7c9e_nohash_0.wav,22,"[(0,3200,'p'),(3200,6400,'p'),(6400,9600,'p'),(9600,12800,'p'),(12800,16000,'p')]"
1127,/Users/ssankey/PycharmProjects/AdvReverb/data/SpeechCommands/speech_commands_v0.02/cat/3efef882_nohash_1.wav,22,"[(0,3200,'p'),(3200,6400,'p'),(6400,9600,'p'),(9600,12800,'p'),(12800,16000,'p')]"
1128,/Users/ssankey/PycharmProjects/AdvReverb/data/SpeechCommands/speech_commands_v0.02/cat/5ff3f9a1_nohash_1.wav,22,"[(0,3200,'p'),(3200,6400,'p'),(6400,9600,'p'),(9600,12800,'p'),(12800,16000,'p')]"
1129,/Users/ssankey/PycharmProjects/AdvReverb/data/SpeechCommands/speech_commands_v0.02/cat/840c366d_nohash_1.wav,22,"[(0,3200,'p'),(3200,6400,'p'),(6400,9600,'p'),(9600,12800,'p'),(12800,16000,'p')]"
1130,/Users/ssankey/PycharmProjects/AdvReverb/data/SpeechCommands/speech_commands_v0.02/cat/840c366d_nohash_0.wav,22,"[(0,3200,'p'),(3200,6400,'p'),(6400,9600,'p'),(9600,12800,'p'),(12800,16000,'p')]"
1131,/Users/ssankey/PycharmProjects/AdvReverb/data/SpeechCommands/speech_commands_v0.02/cat/e41a903b_nohash_0.wav,22,"[(0,3200,'p'),(3200,6400,'p'),(6400,9600,'p'),(9600,12800,'p'),(12800,16000,'p')]"
1132,/Users/ssankey/PycharmProjects/AdvReverb/data/SpeechCommands/speech_commands_v0.02/cat/5ff3f9a1_nohash_0.wav,22,"[(0,3200,'p'),(3200,6400,'p'),(6400,9600,'p'),(9600,12800,'p'),(12800,16000,'p')]"
1133,/Users/ssankey/PycharmProjects/AdvReverb/data/SpeechCommands/speech_commands_v0.02/cat/3efef882_nohash_0.wav,22,"[(0,3200,'p'),(3200,6400,'p'),(6400,9600,'p'),(9600,12800,'p'),(12800,16000,'p')]"
1134,/Users/ssankey/PycharmProjects/AdvReverb/data/SpeechCommands/speech_commands_v0.02/cat/692a88e6_nohash_0.wav,22,"[(0,3200,'p'),(3200,6400,'p'),(6400,9600,'p'),(9600,12800,'p'),(12800,16000,'p')]"
1135,/Users/ssankey/PycharmProjects/AdvReverb/data/SpeechCommands/speech_commands_v0.02/cat/e71b4ce6_nohash_1.wav,22,"[(0,3200,'p'),(3200,6400,'p'),(6400,9600,'p'),(9600,12800,'p'),(12800,16000,'p')]"
1136,/Users/ssankey/PycharmProjects/AdvReverb/data/SpeechCommands/speech_commands_v0.02/cat/2d82a556_nohash_0.wav,22,"[(0,3200,'p'),(3200,6400,'p'),(6400,9600,'p'),(9600,12800,'p'),(12800,16000,'p')]"
1137,/Users/ssankey/PycharmProjects/AdvReverb/data/SpeechCommands/speech_commands_v0.02/cat/4a0e2c16_nohash_1.wav,22,"[(0,3200,'p'),(3200,6400,'p'),(6400,9600,'p'),(9600,12800,'p'),(12800,16000,'p')]"
1138,/Users/ssankey/PycharmProjects/AdvReverb/data/SpeechCommands/speech_commands_v0.02/cat/2796ac50_nohash_1.wav,22,"[(0,3200,'p'),(3200,6400,'p'),(6400,9600,'p'),(9600,12800,'p'),(12800,16000,'p')]"
1139,/Users/ssankey/PycharmProjects/AdvReverb/data/SpeechCommands/speech_commands_v0.02/cat/d5ca80c6_nohash_0.wav,22,"[(0,3200,'p'),(3200,6400,'p'),(6400,9600,'p'),(9600,12800,'p'),(12800,16000,'p')]"
1140,/Users/ssankey/PycharmProjects/AdvReverb/data/SpeechCommands/speech_commands_v0.02/cat/9e2ce5e3_nohash_0.wav,22,"[(0,3200,'p'),(3200,6400,'p'),(6400,9600,'p'),(9600,12800,'p'),(12800,16000,'p')]"
1141,/Users/ssankey/PycharmProjects/AdvReverb/data/SpeechCommands/speech_commands_v0.02/cat/aa80f517_nohash_0.wav,22,"[(0,3200,'p'),(3200,6400,'p'),(6400,9600,'p'),(9600,12800,'p'),(12800,16000,'p')]"
1142,/Users/ssankey/PycharmProjects/AdvReverb/data/SpeechCommands/speech_commands_v0.02/cat/5ff3f9a1_nohash_2.wav,22,"[(0,3200,'p'),(3200,6400,'p'),(6400,9600,'p'),(9600,12800,'p'),(12800,16000,'p')]"
1143,/Users/ssankey/PycharmProjects/AdvReverb/data/SpeechCommands/speech_commands_v0.02/cat/840c366d_nohash_2.wav,22,"[(0,3200,'p'),(3200,6400,'p'),(6400,9600,'p'),(9600,12800,'p'),(12800,16000,'p')]"
1144,/Users/ssankey/PycharmProjects/AdvReverb/data/SpeechCommands/speech_commands_v0.02/cat/d056d4d8_nohash_0.wav,22,"[(0,3200,'p'),(3200,6400,'p'),(6400,9600,'p'),(9600,12800,'p'),(12800,16000,'p')]"
1145,/Users/ssankey/PycharmProjects/AdvReverb/data/SpeechCommands/speech_commands_v0.02/cat/fce96bac_nohash_0.wav,22,"[(0,3200,'p'),(3200,6400,'p'),(6400,9600,'p'),(9600,12800,'p'),(12800,16000,'p')]"
1146,/Users/ssankey/PycharmProjects/AdvReverb/data/SpeechCommands/speech_commands_v0.02/cat/c9b5ff26_nohash_0.wav,22,"[(0,3200,'p'),(3200,6400,'p'),(6400,9600,'p'),(9600,12800,'p'),(12800,16000,'p')]"
1147,/Users/ssankey/PycharmProjects/AdvReverb/data/SpeechCommands/speech_commands_v0.02/cat/cfbedff9_nohash_0.wav,22,"[(0,3200,'p'),(3200,6400,'p'),(6400,9600,'p'),(9600,12800,'p'),(12800,16000,'p')]"
1148,/Users/ssankey/PycharmProjects/AdvReverb/data/SpeechCommands/speech_commands_v0.02/cat/40c4e774_nohash_0.wav,22,"[(0,3200,'p'),(3200,6400,'p'),(6400,9600,'p'),(9600,12800,'p'),(12800,16000,'p')]"
1149,/Users/ssankey/PycharmProjects/AdvReverb/data/SpeechCommands/speech_commands_v0.02/cat/2796ac50_nohash_0.wav,22,"[(0,3200,'p'),(3200,6400,'p'),(6400,9600,'p'),(9600,12800,'p'),(12800,16000,'p')]"
1150,/Users/ssankey/PycharmProjects/AdvReverb/data/SpeechCommands/speech_commands_v0.02/dog/f428ca69_nohash_1.wav,23,"[(0,3200,'p'),(3200,6400,'p'),(6400,9600,'p'),(9600,12800,'p'),(12800,16000,'p')]"
1151,/Users/ssankey/PycharmProjects/AdvReverb/data/SpeechCommands/speech_commands_v0.02/dog/68dd409e_nohash_1.wav,23,"[(0,3200,'p'),(3200,6400,'p'),(6400,9600,'p'),(9600,12800,'p'),(12800,16000,'p')]"
1152,/Users/ssankey/PycharmProjects/AdvReverb/data/SpeechCommands/speech_commands_v0.02/dog/dc75148d_nohash_0.wav,23,"[(0,3200,'p'),(3200,6400,'p'),(6400,9600,'p'),(9600,12800,'p'),(12800,16000,'p')]"
1153,/Users/ssankey/PycharmProjects/AdvReverb/data/SpeechCommands/speech_commands_v0.02/dog/5c8af87a_nohash_0.wav,23,"[(0,3200,'p'),(3200,6400,'p'),(6400,9600,'p'),(9600,12800,'p'),(12800,16000,'p')]"
1154,/Users/ssankey/PycharmProjects/AdvReverb/data/SpeechCommands/speech_commands_v0.02/dog/aa48c94a_nohash_0.wav,23,"[(0,3200,'p'),(3200,6400,'p'),(6400,9600,'p'),(9600,12800,'p'),(12800,16000,'p')]"
1155,/Users/ssankey/PycharmProjects/AdvReverb/data/SpeechCommands/speech_commands_v0.02/dog/e49428d9_nohash_0.wav,23,"[(0,3200,'p'),(3200,6400,'p'),(6400,9600,'p'),(9600,12800,'p'),(12800,16000,'p')]"
1156,/Users/ssankey/PycharmProjects/AdvReverb/data/SpeechCommands/speech_commands_v0.02/dog/28497c5b_nohash_1.wav,23,"[(0,3200,'p'),(3200,6400,'p'),(6400,9600,'p'),(9600,12800,'p'),(12800,16000,'p')]"
1157,/Users/ssankey/PycharmProjects/AdvReverb/data/SpeechCommands/speech_commands_v0.02/dog/9d4bab4f_nohash_1.wav,23,"[(0,3200,'p'),(3200,6400,'p'),(6400,9600,'p'),(9600,12800,'p'),(12800,16000,'p')]"
1158,/Users/ssankey/PycharmProjects/AdvReverb/data/SpeechCommands/speech_commands_v0.02/dog/c7124b73_nohash_0.wav,23,"[(0,3200,'p'),(3200,6400,'p'),(6400,9600,'p'),(9600,12800,'p'),(12800,16000,'p')]"
1159,/Users/ssankey/PycharmProjects/AdvReverb/data/SpeechCommands/speech_commands_v0.02/dog/c7124b73_nohash_1.wav,23,"[(0,3200,'p'),(3200,6400,'p'),(6400,9600,'p'),(9600,12800,'p'),(12800,16000,'p')]"
1160,/Users/ssankey/PycharmProjects/AdvReverb/data/SpeechCommands/speech_commands_v0.02/dog/9d4bab4f_nohash_0.wav,23,"[(0,3200,'p'),(3200,6400,'p'),(6400,9600,'p'),(9600,12800,'p'),(12800,16000,'p')]"
1161,/Users/ssankey/PycharmProjects/AdvReverb/data/SpeechCommands/speech_commands_v0.02/dog/837a0f64_nohash_0.wav,23,"[(0,3200,'p'),(3200,6400,'p'),(6400,9600,'p'),(9600,12800,'p'),(12800,16000,'p')]"
1162,/Users/ssankey/PycharmProjects/AdvReverb/data/SpeechCommands/speech_commands_v0.02/dog/28497c5b_nohash_0.wav,23,"[(0,3200,'p'),(3200,6400,'p'),(6400,9600,'p'),(9600,12800,'p'),(12800,16000,'p')]"
1163,/Users/ssankey/PycharmProjects/AdvReverb/data/SpeechCommands/speech_commands_v0.02/dog/24ad3ebe_nohash_0.wav,23,"[(0,3200,'p'),(3200,6400,'p'),(6400,9600,'p'),(9600,12800,'p'),(12800,16000,'p')]"
1164,/Users/ssankey/PycharmProjects/AdvReverb/data/SpeechCommands/speech_commands_v0.02/dog/e1469561_nohash_0.wav,23,"[(0,3200,'p'),(3200,6400,'p'),(6400,9600,'p'),(9600,12800,'p'),(12800,16000,'p')]"
1165,/Users/ssankey/PycharmProjects/AdvReverb/data/SpeechCommands/speech_commands_v0.02/dog/68dd409e_nohash_0.wav,23,"[(0,3200,'p'),(3200,6400,'p'),(6400,9600,'p'),(9600,12800,'p'),(12800,16000,'p')]"
1166,/Users/ssankey/PycharmProjects/AdvReverb/data/SpeechCommands/speech_commands_v0.02/dog/f428ca69_nohash_0.wav,23,"[(0,3200,'p'),(3200,6400,'p'),(6400,9600,'p'),(9600,12800,'p'),(12800,16000,'p')]"
1167,/Users/ssankey/PycharmProjects/AdvReverb/data/SpeechCommands/speech_commands_v0.02/dog/af130f12_nohash_0.wav,23,"[(0,3200,'p'),(3200,6400,'p'),(6400,9600,'p'),(9600,12800,'p'),(12800,16000,'p')]"
1168,/Users/ssankey/PycharmProjects/AdvReverb/data/SpeechCommands/speech_commands_v0.02/dog/c518d1b1_nohash_0.wav,23,"[(0,3200,'p'),(3200,6400,'p'),(6400,9600,'p'),(9600,12800,'p'),(12800,16000,'p')]"
1169,/Users/ssankey/PycharmProjects/AdvReverb/data/SpeechCommands/speech_commands_v0.02/dog/bb05582b_nohash_0.wav,23,"[(0,3200,'p'),(3200,6400,'p'),(6400,9600,'p'),(9600,12800,'p'),(12800,16000,'p')]"
1170,/Users/ssankey/PycharmProjects/AdvReverb/data/SpeechCommands/speech_commands_v0.02/dog/f428ca69_nohash_2.wav,23,"[(0,3200,'p'),(3200,6400,'p'),(6400,9600,'p'),(9600,12800,'p'),(12800,16000,'p')]"
1171,/Users/ssankey/PycharmProjects/AdvReverb/data/SpeechCommands/speech_commands_v0.02/dog/af405b69_nohash_0.wav,23,"[(0,3200,'p'),(3200,6400,'p'),(6400,9600,'p'),(9600,12800,'p'),(12800,16000,'p')]"
1172,/Users/ssankey/PycharmProjects/AdvReverb/data/SpeechCommands/speech_commands_v0.02/dog/adebe223_nohash_0.wav,23,"[(0,3200,'p'),(3200,6400,'p'),(6400,9600,'p'),(9600,12800,'p'),(12800,16000,'p')]"
1173,/Users/ssankey/PycharmProjects/AdvReverb/data/SpeechCommands/speech_commands_v0.02/dog/f2e59fea_nohash_0.wav,23,"[(0,3200,'p'),(3200,6400,'p'),(6400,9600,'p'),(9600,12800,'p'),(12800,16000,'p')]"
1174,/Users/ssankey/PycharmProjects/AdvReverb/data/SpeechCommands/speech_commands_v0.02/dog/18f8afd5_nohash_0.wav,23,"[(0,3200,'p'),(3200,6400,'p'),(6400,9600,'p'),(9600,12800,'p'),(12800,16000,'p')]"
1175,/Users/ssankey/PycharmProjects/AdvReverb/data/SpeechCommands/speech_commands_v0.02/dog/44260689_nohash_0.wav,23,"[(0,3200,'p'),(3200,6400,'p'),(6400,9600,'p'),(9600,12800,'p'),(12800,16000,'p')]"
1176,/Users/ssankey/PycharmProjects/AdvReverb/data/SpeechCommands/speech_commands_v0.02/dog/f0ae7203_nohash_0.wav,23,"[(0,3200,'p'),(3200,6400,'p'),(6400,9600,'p'),(9600,12800,'p'),(12800,16000,'p')]"
1177,/Users/ssankey/PycharmProjects/AdvReverb/data/SpeechCommands/speech_commands_v0.02/dog/881583a6_nohash_0.wav,23,"[(0,3200,'p'),(3200,6400,'p'),(6400,9600,'p'),(9600,12800,'p'),(12800,16000,'p')]"
1178,/Users/ssankey/PycharmProjects/AdvReverb/data/SpeechCommands/speech_commands_v0.02/dog/d91a159e_nohash_0.wav,23,"[(0,3200,'p'),(3200,6400,'p'),(6400,9600,'p'),(9600,12800,'p'),(12800,16000,'p')]"
1179,/Users/ssankey/PycharmProjects/AdvReverb/data/SpeechCommands/speech_commands_v0.02/dog/44260689_nohash_1.wav,23,"[(0,3200,'p'),(3200,6400,'p'),(6400,9600,'p'),(9600,12800,'p'),(12800,16000,'p')]"
1180,/Users/ssankey/PycharmProjects/AdvReverb/data/SpeechCommands/speech_commands_v0.02/dog/adebe223_nohash_1.wav,23,"[(0,3200,'p'),(3200,6400,'p'),(6400,9600,'p'),(9600,12800,'p'),(12800,16000,'p')]"
1181,/Users/ssankey/PycharmProjects/AdvReverb/data/SpeechCommands/speech_commands_v0.02/dog/f428ca69_nohash_3.wav,23,"[(0,3200,'p'),(3200,6400,'p'),(6400,9600,'p'),(9600,12800,'p'),(12800,16000,'p')]"
1182,/Users/ssankey/PycharmProjects/AdvReverb/data/SpeechCommands/speech_commands_v0.02/dog/563aa4e6_nohash_0.wav,23,"[(0,3200,'p'),(3200,6400,'p'),(6400,9600,'p'),(9600,12800,'p'),(12800,16000,'p')]"
1183,/Users/ssankey/PycharmProjects/AdvReverb/data/SpeechCommands/speech_commands_v0.02/dog/97f4c236_nohash_0.wav,23,"[(0,3200,'p'),(3200,6400,'p'),(6400,9600,'p'),(9600,12800,'p'),(12800,16000,'p')]"
1184,/Users/ssankey/PycharmProjects/AdvReverb/data/SpeechCommands/speech_commands_v0.02/dog/af130f12_nohash_1.wav,23,"[(0,3200,'p'),(3200,6400,'p'),(6400,9600,'p'),(9600,12800,'p'),(12800,16000,'p')]"
1185,/Users/ssankey/PycharmProjects/AdvReverb/data/SpeechCommands/speech_commands_v0.02/dog/ffb86d3c_nohash_0.wav,23,"[(0,3200,'p'),(3200,6400,'p'),(6400,9600,'p'),(9600,12800,'p'),(12800,16000,'p')]"
1186,/Users/ssankey/PycharmProjects/AdvReverb/data/SpeechCommands/speech_commands_v0.02/dog/1f653d27_nohash_0.wav,23,"[(0,3200,'p'),(3200,6400,'p'),(6400,9600,'p'),(9600,12800,'p'),(12800,16000,'p')]"
1187,/Users/ssankey/PycharmProjects/AdvReverb/data/SpeechCommands/speech_commands_v0.02/dog/e71b4ce6_nohash_0.wav,23,"[(0,3200,'p'),(3200,6400,'p'),(6400,9600,'p'),(9600,12800,'p'),(12800,16000,'p')]"
1188,/Users/ssankey/PycharmProjects/AdvReverb/data/SpeechCommands/speech_commands_v0.02/dog/964c7c9e_nohash_0.wav,23,"[(0,3200,'p'),(3200,6400,'p'),(6400,9600,'p'),(9600,12800,'p'),(12800,16000,'p')]"
1189,/Users/ssankey/PycharmProjects/AdvReverb/data/SpeechCommands/speech_commands_v0.02/dog/5ff3f9a1_nohash_1.wav,23,"[(0,3200,'p'),(3200,6400,'p'),(6400,9600,'p'),(9600,12800,'p'),(12800,16000,'p')]"
1190,/Users/ssankey/PycharmProjects/AdvReverb/data/SpeechCommands/speech_commands_v0.02/dog/3d86b69a_nohash_0.wav,23,"[(0,3200,'p'),(3200,6400,'p'),(6400,9600,'p'),(9600,12800,'p'),(12800,16000,'p')]"
1191,/Users/ssankey/PycharmProjects/AdvReverb/data/SpeechCommands/speech_commands_v0.02/dog/e41a903b_nohash_0.wav,23,"[(0,3200,'p'),(3200,6400,'p'),(6400,9600,'p'),(9600,12800,'p'),(12800,16000,'p')]"
1192,/Users/ssankey/PycharmProjects/AdvReverb/data/SpeechCommands/speech_commands_v0.02/dog/5ff3f9a1_nohash_0.wav,23,"[(0,3200,'p'),(3200,6400,'p'),(6400,9600,'p'),(9600,12800,'p'),(12800,16000,'p')]"
1193,/Users/ssankey/PycharmProjects/AdvReverb/data/SpeechCommands/speech_commands_v0.02/dog/3efef882_nohash_0.wav,23,"[(0,3200,'p'),(3200,6400,'p'),(6400,9600,'p'),(9600,12800,'p'),(12800,16000,'p')]"
1194,/Users/ssankey/PycharmProjects/AdvReverb/data/SpeechCommands/speech_commands_v0.02/dog/692a88e6_nohash_0.wav,23,"[(0,3200,'p'),(3200,6400,'p'),(6400,9600,'p'),(9600,12800,'p'),(12800,16000,'p')]"
1195,/Users/ssankey/PycharmProjects/AdvReverb/data/SpeechCommands/speech_commands_v0.02/dog/9e2ce5e3_nohash_2.wav,23,"[(0,3200,'p'),(3200,6400,'p'),(6400,9600,'p'),(9600,12800,'p'),(12800,16000,'p')]"
1196,/Users/ssankey/PycharmProjects/AdvReverb/data/SpeechCommands/speech_commands_v0.02/dog/2d82a556_nohash_0.wav,23,"[(0,3200,'p'),(3200,6400,'p'),(6400,9600,'p'),(9600,12800,'p'),(12800,16000,'p')]"
1197,/Users/ssankey/PycharmProjects/AdvReverb/data/SpeechCommands/speech_commands_v0.02/dog/ffb86d3c_nohash_1.wav,23,"[(0,3200,'p'),(3200,6400,'p'),(6400,9600,'p'),(9600,12800,'p'),(12800,16000,'p')]"
1198,/Users/ssankey/PycharmProjects/AdvReverb/data/SpeechCommands/speech_commands_v0.02/dog/f428ca69_nohash_4.wav,23,"[(0,3200,'p'),(3200,6400,'p'),(6400,9600,'p'),(9600,12800,'p'),(12800,16000,'p')]"
1199,/Users/ssankey/PycharmProjects/AdvReverb/data/SpeechCommands/speech_commands_v0.02/dog/9e2ce5e3_nohash_0.wav,23,"[(0,3200,'p'),(3200,6400,'p'),(6400,9600,'p'),(9600,12800,'p'),(12800,16000,'p')]"
1200,/Users/ssankey/PycharmProjects/AdvReverb/data/SpeechCommands/speech_commands_v0.02/happy/aef8dcf5_nohash_0.wav,24,"[(0,3200,'p'),(3200,6400,'p'),(6400,9600,'p'),(9600,12800,'p'),(12800,16000,'p')]"
1201,/Users/ssankey/PycharmProjects/AdvReverb/data/SpeechCommands/speech_commands_v0.02/happy/dc75148d_nohash_0.wav,24,"[(0,3200,'p'),(3200,6400,'p'),(6400,9600,'p'),(9600,12800,'p'),(12800,16000,'p')]"
1202,/Users/ssankey/PycharmProjects/AdvReverb/data/SpeechCommands/speech_commands_v0.02/happy/3f170018_nohash_0.wav,24,"[(0,3200,'p'),(3200,6400,'p'),(6400,9600,'p'),(9600,12800,'p'),(12800,16000,'p')]"
1203,/Users/ssankey/PycharmProjects/AdvReverb/data/SpeechCommands/speech_commands_v0.02/happy/e49428d9_nohash_0.wav,24,"[(0,3200,'p'),(3200,6400,'p'),(6400,9600,'p'),(9600,12800,'p'),(12800,16000,'p')]"
1204,/Users/ssankey/PycharmProjects/AdvReverb/data/SpeechCommands/speech_commands_v0.02/happy/c7124b73_nohash_0.wav,24,"[(0,3200,'p'),(3200,6400,'p'),(6400,9600,'p'),(9600,12800,'p'),(12800,16000,'p')]"
1205,/Users/ssankey/PycharmProjects/AdvReverb/data/SpeechCommands/speech_commands_v0.02/happy/c7124b73_nohash_1.wav,24,"[(0,3200,'p'),(3200,6400,'p'),(6400,9600,'p'),(9600,12800,'p'),(12800,16000,'p')]"
1206,/Users/ssankey/PycharmProjects/AdvReverb/data/SpeechCommands/speech_commands_v0.02/happy/837a0f64_nohash_0.wav,24,"[(0,3200,'p'),(3200,6400,'p'),(6400,9600,'p'),(9600,12800,'p'),(12800,16000,'p')]"
1207,/Users/ssankey/PycharmProjects/AdvReverb/data/SpeechCommands/speech_commands_v0.02/happy/24ad3ebe_nohash_0.wav,24,"[(0,3200,'p'),(3200,6400,'p'),(6400,9600,'p'),(9600,12800,'p'),(12800,16000,'p')]"
1208,/Users/ssankey/PycharmProjects/AdvReverb/data/SpeechCommands/speech_commands_v0.02/happy/e1469561_nohash_0.wav,24,"[(0,3200,'p'),(3200,6400,'p'),(6400,9600,'p'),(9600,12800,'p'),(12800,16000,'p')]"
1209,/Users/ssankey/PycharmProjects/AdvReverb/data/SpeechCommands/speech_commands_v0.02/happy/7257420c_nohash_0.wav,24,"[(0,3200,'p'),(3200,6400,'p'),(6400,9600,'p'),(9600,12800,'p'),(12800,16000,'p')]"
1210,/Users/ssankey/PycharmProjects/AdvReverb/data/SpeechCommands/speech_commands_v0.02/happy/dc75148d_nohash_1.wav,24,"[(0,3200,'p'),(3200,6400,'p'),(6400,9600,'p'),(9600,12800,'p'),(12800,16000,'p')]"
1211,/Users/ssankey/PycharmProjects/AdvReverb/data/SpeechCommands/speech_commands_v0.02/happy/af130f12_nohash_0.wav,24,"[(0,3200,'p'),(3200,6400,'p'),(6400,9600,'p'),(9600,12800,'p'),(12800,16000,'p')]"
1212,/Users/ssankey/PycharmProjects/AdvReverb/data/SpeechCommands/speech_commands_v0.02/happy/bb05582b_nohash_0.wav,24,"[(0,3200,'p'),(3200,6400,'p'),(6400,9600,'p'),(9600,12800,'p'),(12800,16000,'p')]"
1213,/Users/ssankey/PycharmProjects/AdvReverb/data/SpeechCommands/speech_commands_v0.02/happy/62ff07ef_nohash_0.wav,24,"[(0,3200,'p'),(3200,6400,'p'),(6400,9600,'p'),(9600,12800,'p'),(12800,16000,'p')]"
1214,/Users/ssankey/PycharmProjects/AdvReverb/data/SpeechCommands/speech_commands_v0.02/happy/af405b69_nohash_0.wav,24,"[(0,3200,'p'),(3200,6400,'p'),(6400,9600,'p'),(9600,12800,'p'),(12800,16000,'p')]"
1215,/Users/ssankey/PycharmProjects/AdvReverb/data/SpeechCommands/speech_commands_v0.02/happy/adebe223_nohash_0.wav,24,"[(0,3200,'p'),(3200,6400,'p'),(6400,9600,'p'),(9600,12800,'p'),(12800,16000,'p')]"
1216,/Users/ssankey/PycharmProjects/AdvReverb/data/SpeechCommands/speech_commands_v0.02/happy/f2e59fea_nohash_0.wav,24,"[(0,3200,'p'),(3200,6400,'p'),(6400,9600,'p'),(9600,12800,'p'),(12800,16000,'p')]"
1217,/Users/ssankey/PycharmProjects/AdvReverb/data/SpeechCommands/speech_commands_v0.02/happy/18f8afd5_nohash_0.wav,24,"[(0,3200,'p'),(3200,6400,'p'),(6400,9600,'p'),(9600,12800,'p'),(12800,16000,'p')]"
1218,/Users/ssankey/PycharmProjects/AdvReverb/data/SpeechCommands/speech_commands_v0.02/happy/5b1db3ee_nohash_0.wav,24,"[(0,3200,'p'),(3200,6400,'p'),(6400,9600,'p'),(9600,12800,'p'),(12800,16000,'p')]"
1219,/Users/ssankey/PycharmProjects/AdvReverb/data/SpeechCommands/speech_commands_v0.02/happy/d91a159e_nohash_1.wav,24,"[(0,3200,'p'),(3200,6400,'p'),(6400,9600,'p'),(9600,12800,'p'),(12800,16000,'p')]"
1220,/Users/ssankey/PycharmProjects/AdvReverb/data/SpeechCommands/speech_commands_v0.02/happy/f0ae7203_nohash_0.wav,24,"[(0,3200,'p'),(3200,6400,'p'),(6400,9600,'p'),(9600,12800,'p'),(12800,16000,'p')]"
1221,/Users/ssankey/PycharmProjects/AdvReverb/data/SpeechCommands/speech_commands_v0.02/happy/d91a159e_nohash_0.wav,24,"[(0,3200,'p'),(3200,6400,'p'),(6400,9600,'p'),(9600,12800,'p'),(12800,16000,'p')]"
1222,/Users/ssankey/PycharmProjects/AdvReverb/data/SpeechCommands/speech_commands_v0.02/happy/8c7f81df_nohash_0.wav,24,"[(0,3200,'p'),(3200,6400,'p'),(6400,9600,'p'),(9600,12800,'p'),(12800,16000,'p')]"
1223,/Users/ssankey/PycharmProjects/AdvReverb/data/SpeechCommands/speech_commands_v0.02/happy/6f689791_nohash_0.wav,24,"[(0,3200,'p'),(3200,6400,'p'),(6400,9600,'p'),(9600,12800,'p'),(12800,16000,'p')]"
1224,/Users/ssankey/PycharmProjects/AdvReverb/data/SpeechCommands/speech_commands_v0.02/happy/8fe52b97_nohash_0.wav,24,"[(0,3200,'p'),(3200,6400,'p'),(6400,9600,'p'),(9600,12800,'p'),(12800,16000,'p')]"
1225,/Users/ssankey/PycharmProjects/AdvReverb/data/SpeechCommands/speech_commands_v0.02/happy/adebe223_nohash_1.wav,24,"[(0,3200,'p'),(3200,6400,'p'),(6400,9600,'p'),(9600,12800,'p'),(12800,16000,'p')]"
1226,/Users/ssankey/PycharmProjects/AdvReverb/data/SpeechCommands/speech_commands_v0.02/happy/e9901cf0_nohash_0.wav,24,"[(0,3200,'p'),(3200,6400,'p'),(6400,9600,'p'),(9600,12800,'p'),(12800,16000,'p')]"
1227,/Users/ssankey/PycharmProjects/AdvReverb/data/SpeechCommands/speech_commands_v0.02/happy/97f4c236_nohash_0.wav,24,"[(0,3200,'p'),(3200,6400,'p'),(6400,9600,'p'),(9600,12800,'p'),(12800,16000,'p')]"
1228,/Users/ssankey/PycharmProjects/AdvReverb/data/SpeechCommands/speech_commands_v0.02/happy/1f653d27_nohash_0.wav,24,"[(0,3200,'p'),(3200,6400,'p'),(6400,9600,'p'),(9600,12800,'p'),(12800,16000,'p')]"
1229,/Users/ssankey/PycharmProjects/AdvReverb/data/SpeechCommands/speech_commands_v0.02/happy/e71b4ce6_nohash_0.wav,24,"[(0,3200,'p'),(3200,6400,'p'),(6400,9600,'p'),(9600,12800,'p'),(12800,16000,'p')]"
1230,/Users/ssankey/PycharmProjects/AdvReverb/data/SpeechCommands/speech_commands_v0.02/happy/964c7c9e_nohash_0.wav,24,"[(0,3200,'p'),(3200,6400,'p'),(6400,9600,'p'),(9600,12800,'p'),(12800,16000,'p')]"
1231,/Users/ssankey/PycharmProjects/AdvReverb/data/SpeechCommands/speech_commands_v0.02/happy/3efef882_nohash_1.wav,24,"[(0,3200,'p'),(3200,6400,'p'),(6400,9600,'p'),(9600,12800,'p'),(12800,16000,'p')]"
1232,/Users/ssankey/PycharmProjects/AdvReverb/data/SpeechCommands/speech_commands_v0.02/happy/840c366d_nohash_1.wav,24,"[(0,3200,'p'),(3200,6400,'p'),(6400,9600,'p'),(9600,12800,'p'),(12800,16000,'p')]"
1233,/Users/ssankey/PycharmProjects/AdvReverb/data/SpeechCommands/speech_commands_v0.02/happy/840c366d_nohash_0.wav,24,"[(0,3200,'p'),(3200,6400,'p'),(6400,9600,'p'),(9600,12800,'p'),(12800,16000,'p')]"
1234,/Users/ssankey/PycharmProjects/AdvReverb/data/SpeechCommands/speech_commands_v0.02/happy/e41a903b_nohash_0.wav,24,"[(0,3200,'p'),(3200,6400,'p'),(6400,9600,'p'),(9600,12800,'p'),(12800,16000,'p')]"
1235,/Users/ssankey/PycharmProjects/AdvReverb/data/SpeechCommands/speech_commands_v0.02/happy/3efef882_nohash_0.wav,24,"[(0,3200,'p'),(3200,6400,'p'),(6400,9600,'p'),(9600,12800,'p'),(12800,16000,'p')]"
1236,/Users/ssankey/PycharmProjects/AdvReverb/data/SpeechCommands/speech_commands_v0.02/happy/692a88e6_nohash_0.wav,24,"[(0,3200,'p'),(3200,6400,'p'),(6400,9600,'p'),(9600,12800,'p'),(12800,16000,'p')]"
1237,/Users/ssankey/PycharmProjects/AdvReverb/data/SpeechCommands/speech_commands_v0.02/happy/2d82a556_nohash_0.wav,24,"[(0,3200,'p'),(3200,6400,'p'),(6400,9600,'p'),(9600,12800,'p'),(12800,16000,'p')]"
1238,/Users/ssankey/PycharmProjects/AdvReverb/data/SpeechCommands/speech_commands_v0.02/happy/1f653d27_nohash_1.wav,24,"[(0,3200,'p'),(3200,6400,'p'),(6400,9600,'p'),(9600,12800,'p'),(12800,16000,'p')]"
1239,/Users/ssankey/PycharmProjects/AdvReverb/data/SpeechCommands/speech_commands_v0.02/happy/aa80f517_nohash_0.wav,24,"[(0,3200,'p'),(3200,6400,'p'),(6400,9600,'p'),(9600,12800,'p'),(12800,16000,'p')]"
1240,/Users/ssankey/PycharmProjects/AdvReverb/data/SpeechCommands/speech_commands_v0.02/happy/553f1a79_nohash_1.wav,24,"[(0,3200,'p'),(3200,6400,'p'),(6400,9600,'p'),(9600,12800,'p'),(12800,16000,'p')]"
1241,/Users/ssankey/PycharmProjects/AdvReverb/data/SpeechCommands/speech_commands_v0.02/happy/c0e0f834_nohash_0.wav,24,"[(0,3200,'p'),(3200,6400,'p'),(6400,9600,'p'),(9600,12800,'p'),(12800,16000,'p')]"
1242,/Users/ssankey/PycharmProjects/AdvReverb/data/SpeechCommands/speech_commands_v0.02/happy/c0e0f834_nohash_1.wav,24,"[(0,3200,'p'),(3200,6400,'p'),(6400,9600,'p'),(9600,12800,'p'),(12800,16000,'p')]"
1243,/Users/ssankey/PycharmProjects/AdvReverb/data/SpeechCommands/speech_commands_v0.02/happy/553f1a79_nohash_0.wav,24,"[(0,3200,'p'),(3200,6400,'p'),(6400,9600,'p'),(9600,12800,'p'),(12800,16000,'p')]"
1244,/Users/ssankey/PycharmProjects/AdvReverb/data/SpeechCommands/speech_commands_v0.02/happy/c9b5ff26_nohash_0.wav,24,"[(0,3200,'p'),(3200,6400,'p'),(6400,9600,'p'),(9600,12800,'p'),(12800,16000,'p')]"
1245,/Users/ssankey/PycharmProjects/AdvReverb/data/SpeechCommands/speech_commands_v0.02/happy/cfbedff9_nohash_0.wav,24,"[(0,3200,'p'),(3200,6400,'p'),(6400,9600,'p'),(9600,12800,'p'),(12800,16000,'p')]"
1246,/Users/ssankey/PycharmProjects/AdvReverb/data/SpeechCommands/speech_commands_v0.02/happy/2796ac50_nohash_0.wav,24,"[(0,3200,'p'),(3200,6400,'p'),(6400,9600,'p'),(9600,12800,'p'),(12800,16000,'p')]"
1247,/Users/ssankey/PycharmProjects/AdvReverb/data/SpeechCommands/speech_commands_v0.02/happy/4fd1443e_nohash_0.wav,24,"[(0,3200,'p'),(3200,6400,'p'),(6400,9600,'p'),(9600,12800,'p'),(12800,16000,'p')]"
1248,/Users/ssankey/PycharmProjects/AdvReverb/data/SpeechCommands/speech_commands_v0.02/happy/0f250098_nohash_0.wav,24,"[(0,3200,'p'),(3200,6400,'p'),(6400,9600,'p'),(9600,12800,'p'),(12800,16000,'p')]"
1249,/Users/ssankey/PycharmProjects/AdvReverb/data/SpeechCommands/speech_commands_v0.02/happy/f6af2457_nohash_0.wav,24,"[(0,3200,'p'),(3200,6400,'p'),(6400,9600,'p'),(9600,12800,'p'),(12800,16000,'p')]"
1250,/Users/ssankey/PycharmProjects/AdvReverb/data/SpeechCommands/speech_commands_v0.02/house/aef8dcf5_nohash_0.wav,25,"[(0,3200,'p'),(3200,6400,'p'),(6400,9600,'p'),(9600,12800,'p'),(12800,16000,'p')]"
1251,/Users/ssankey/PycharmProjects/AdvReverb/data/SpeechCommands/speech_commands_v0.02/house/3f170018_nohash_0.wav,25,"[(0,3200,'p'),(3200,6400,'p'),(6400,9600,'p'),(9600,12800,'p'),(12800,16000,'p')]"
1252,/Users/ssankey/PycharmProjects/AdvReverb/data/SpeechCommands/speech_commands_v0.02/house/5c8af87a_nohash_0.wav,25,"[(0,3200,'p'),(3200,6400,'p'),(6400,9600,'p'),(9600,12800,'p'),(12800,16000,'p')]"
1253,/Users/ssankey/PycharmProjects/AdvReverb/data/SpeechCommands/speech_commands_v0.02/house/e49428d9_nohash_0.wav,25,"[(0,3200,'p'),(3200,6400,'p'),(6400,9600,'p'),(9600,12800,'p'),(12800,16000,'p')]"
1254,/Users/ssankey/PycharmProjects/AdvReverb/data/SpeechCommands/speech_commands_v0.02/house/c7124b73_nohash_0.wav,25,"[(0,3200,'p'),(3200,6400,'p'),(6400,9600,'p'),(9600,12800,'p'),(12800,16000,'p')]"
1255,/Users/ssankey/PycharmProjects/AdvReverb/data/SpeechCommands/speech_commands_v0.02/house/9d4bab4f_nohash_0.wav,25,"[(0,3200,'p'),(3200,6400,'p'),(6400,9600,'p'),(9600,12800,'p'),(12800,16000,'p')]"
1256,/Users/ssankey/PycharmProjects/AdvReverb/data/SpeechCommands/speech_commands_v0.02/house/837a0f64_nohash_0.wav,25,"[(0,3200,'p'),(3200,6400,'p'),(6400,9600,'p'),(9600,12800,'p'),(12800,16000,'p')]"
1257,/Users/ssankey/PycharmProjects/AdvReverb/data/SpeechCommands/speech_commands_v0.02/house/e49428d9_nohash_1.wav,25,"[(0,3200,'p'),(3200,6400,'p'),(6400,9600,'p'),(9600,12800,'p'),(12800,16000,'p')]"
1258,/Users/ssankey/PycharmProjects/AdvReverb/data/SpeechCommands/speech_commands_v0.02/house/24ad3ebe_nohash_0.wav,25,"[(0,3200,'p'),(3200,6400,'p'),(6400,9600,'p'),(9600,12800,'p'),(12800,16000,'p')]"
1259,/Users/ssankey/PycharmProjects/AdvReverb/data/SpeechCommands/speech_commands_v0.02/house/e1469561_nohash_0.wav,25,"[(0,3200,'p'),(3200,6400,'p'),(6400,9600,'p'),(9600,12800,'p'),(12800,16000,'p')]"
1260,/Users/ssankey/PycharmProjects/AdvReverb/data/SpeechCommands/speech_commands_v0.02/house/7257420c_nohash_0.wav,25,"[(0,3200,'p'),(3200,6400,'p'),(6400,9600,'p'),(9600,12800,'p'),(12800,16000,'p')]"
1261,/Users/ssankey/PycharmProjects/AdvReverb/data/SpeechCommands/speech_commands_v0.02/house/aef8dcf5_nohash_1.wav,25,"[(0,3200,'p'),(3200,6400,'p'),(6400,9600,'p'),(9600,12800,'p'),(12800,16000,'p')]"
1262,/Users/ssankey/PycharmProjects/AdvReverb/data/SpeechCommands/speech_commands_v0.02/house/68dd409e_nohash_0.wav,25,"[(0,3200,'p'),(3200,6400,'p'),(6400,9600,'p'),(9600,12800,'p'),(12800,16000,'p')]"
1263,/Users/ssankey/PycharmProjects/AdvReverb/data/SpeechCommands/speech_commands_v0.02/house/82d0d3ba_nohash_0.wav,25,"[(0,3200,'p'),(3200,6400,'p'),(6400,9600,'p'),(9600,12800,'p'),(12800,16000,'p')]"
1264,/Users/ssankey/PycharmProjects/AdvReverb/data/SpeechCommands/speech_commands_v0.02/house/f428ca69_nohash_0.wav,25,"[(0,3200,'p'),(3200,6400,'p'),(6400,9600,'p'),(9600,12800,'p'),(12800,16000,'p')]"
1265,/Users/ssankey/PycharmProjects/AdvReverb/data/SpeechCommands/speech_commands_v0.02/house/c518d1b1_nohash_0.wav,25,"[(0,3200,'p'),(3200,6400,'p'),(6400,9600,'p'),(9600,12800,'p'),(12800,16000,'p')]"
1266,/Users/ssankey/PycharmProjects/AdvReverb/data/SpeechCommands/speech_commands_v0.02/house/bb05582b_nohash_0.wav,25,"[(0,3200,'p'),(3200,6400,'p'),(6400,9600,'p'),(9600,12800,'p'),(12800,16000,'p')]"
1267,/Users/ssankey/PycharmProjects/AdvReverb/data/SpeechCommands/speech_commands_v0.02/house/af405b69_nohash_0.wav,25,"[(0,3200,'p'),(3200,6400,'p'),(6400,9600,'p'),(9600,12800,'p'),(12800,16000,'p')]"
1268,/Users/ssankey/PycharmProjects/AdvReverb/data/SpeechCommands/speech_commands_v0.02/house/f2e59fea_nohash_0.wav,25,"[(0,3200,'p'),(3200,6400,'p'),(6400,9600,'p'),(9600,12800,'p'),(12800,16000,'p')]"
1269,/Users/ssankey/PycharmProjects/AdvReverb/data/SpeechCommands/speech_commands_v0.02/house/84d1e469_nohash_0.wav,25,"[(0,3200,'p'),(3200,6400,'p'),(6400,9600,'p'),(9600,12800,'p'),(12800,16000,'p')]"
1270,/Users/ssankey/PycharmProjects/AdvReverb/data/SpeechCommands/speech_commands_v0.02/house/18f8afd5_nohash_0.wav,25,"[(0,3200,'p'),(3200,6400,'p'),(6400,9600,'p'),(9600,12800,'p'),(12800,16000,'p')]"
1271,/Users/ssankey/PycharmProjects/AdvReverb/data/SpeechCommands/speech_commands_v0.02/house/44260689_nohash_0.wav,25,"[(0,3200,'p'),(3200,6400,'p'),(6400,9600,'p'),(9600,12800,'p'),(12800,16000,'p')]"
1272,/Users/ssankey/PycharmProjects/AdvReverb/data/SpeechCommands/speech_commands_v0.02/house/8c7f81df_nohash_1.wav,25,"[(0,3200,'p'),(3200,6400,'p'),(6400,9600,'p'),(9600,12800,'p'),(12800,16000,'p')]"
1273,/Users/ssankey/PycharmProjects/AdvReverb/data/SpeechCommands/speech_commands_v0.02/house/d91a159e_nohash_0.wav,25,"[(0,3200,'p'),(3200,6400,'p'),(6400,9600,'p'),(9600,12800,'p'),(12800,16000,'p')]"
1274,/Users/ssankey/PycharmProjects/AdvReverb/data/SpeechCommands/speech_commands_v0.02/house/8c7f81df_nohash_0.wav,25,"[(0,3200,'p'),(3200,6400,'p'),(6400,9600,'p'),(9600,12800,'p'),(12800,16000,'p')]"
1275,/Users/ssankey/PycharmProjects/AdvReverb/data/SpeechCommands/speech_commands_v0.02/house/8fe52b97_nohash_0.wav,25,"[(0,3200,'p'),(3200,6400,'p'),(6400,9600,'p'),(9600,12800,'p'),(12800,16000,'p')]"
1276,/Users/ssankey/PycharmProjects/AdvReverb/data/SpeechCommands/speech_commands_v0.02/house/e9901cf0_nohash_0.wav,25,"[(0,3200,'p'),(3200,6400,'p'),(6400,9600,'p'),(9600,12800,'p'),(12800,16000,'p')]"
1277,/Users/ssankey/PycharmProjects/AdvReverb/data/SpeechCommands/speech_commands_v0.02/house/563aa4e6_nohash_0.wav,25,"[(0,3200,'p'),(3200,6400,'p'),(6400,9600,'p'),(9600,12800,'p'),(12800,16000,'p')]"
1278,/Users/ssankey/PycharmProjects/AdvReverb/data/SpeechCommands/speech_commands_v0.02/house/97f4c236_nohash_0.wav,25,"[(0,3200,'p'),(3200,6400,'p'),(6400,9600,'p'),(9600,12800,'p'),(12800,16000,'p')]"
1279,/Users/ssankey/PycharmProjects/AdvReverb/data/SpeechCommands/speech_commands_v0.02/house/ffb86d3c_nohash_0.wav,25,"[(0,3200,'p'),(3200,6400,'p'),(6400,9600,'p'),(9600,12800,'p'),(12800,16000,'p')]"
1280,/Users/ssankey/PycharmProjects/AdvReverb/data/SpeechCommands/speech_commands_v0.02/house/1f653d27_nohash_0.wav,25,"[(0,3200,'p'),(3200,6400,'p'),(6400,9600,'p'),(9600,12800,'p'),(12800,16000,'p')]"
1281,/Users/ssankey/PycharmProjects/AdvReverb/data/SpeechCommands/speech_commands_v0.02/house/840c366d_nohash_0.wav,25,"[(0,3200,'p'),(3200,6400,'p'),(6400,9600,'p'),(9600,12800,'p'),(12800,16000,'p')]"
1282,/Users/ssankey/PycharmProjects/AdvReverb/data/SpeechCommands/speech_commands_v0.02/house/3d86b69a_nohash_0.wav,25,"[(0,3200,'p'),(3200,6400,'p'),(6400,9600,'p'),(9600,12800,'p'),(12800,16000,'p')]"
1283,/Users/ssankey/PycharmProjects/AdvReverb/data/SpeechCommands/speech_commands_v0.02/house/e41a903b_nohash_0.wav,25,"[(0,3200,'p'),(3200,6400,'p'),(6400,9600,'p'),(9600,12800,'p'),(12800,16000,'p')]"
1284,/Users/ssankey/PycharmProjects/AdvReverb/data/SpeechCommands/speech_commands_v0.02/house/5ff3f9a1_nohash_0.wav,25,"[(0,3200,'p'),(3200,6400,'p'),(6400,9600,'p'),(9600,12800,'p'),(12800,16000,'p')]"
1285,/Users/ssankey/PycharmProjects/AdvReverb/data/SpeechCommands/speech_commands_v0.02/house/0bac8a71_nohash_0.wav,25,"[(0,3200,'p'),(3200,6400,'p'),(6400,9600,'p'),(9600,12800,'p'),(12800,16000,'p')]"
1286,/Users/ssankey/PycharmProjects/AdvReverb/data/SpeechCommands/speech_commands_v0.02/house/692a88e6_nohash_0.wav,25,"[(0,3200,'p'),(3200,6400,'p'),(6400,9600,'p'),(9600,12800,'p'),(12800,16000,'p')]"
1287,/Users/ssankey/PycharmProjects/AdvReverb/data/SpeechCommands/speech_commands_v0.02/house/1f653d27_nohash_1.wav,25,"[(0,3200,'p'),(3200,6400,'p'),(6400,9600,'p'),(9600,12800,'p'),(12800,16000,'p')]"
1288,/Users/ssankey/PycharmProjects/AdvReverb/data/SpeechCommands/speech_commands_v0.02/house/ffb86d3c_nohash_1.wav,25,"[(0,3200,'p'),(3200,6400,'p'),(6400,9600,'p'),(9600,12800,'p'),(12800,16000,'p')]"
1289,/Users/ssankey/PycharmProjects/AdvReverb/data/SpeechCommands/speech_commands_v0.02/house/9e2ce5e3_nohash_0.wav,25,"[(0,3200,'p'),(3200,6400,'p'),(6400,9600,'p'),(9600,12800,'p'),(12800,16000,'p')]"
1290,/Users/ssankey/PycharmProjects/AdvReverb/data/SpeechCommands/speech_commands_v0.02/house/aa80f517_nohash_0.wav,25,"[(0,3200,'p'),(3200,6400,'p'),(6400,9600,'p'),(9600,12800,'p'),(12800,16000,'p')]"
1291,/Users/ssankey/PycharmProjects/AdvReverb/data/SpeechCommands/speech_commands_v0.02/house/80c45ed6_nohash_1.wav,25,"[(0,3200,'p'),(3200,6400,'p'),(6400,9600,'p'),(9600,12800,'p'),(12800,16000,'p')]"
1292,/Users/ssankey/PycharmProjects/AdvReverb/data/SpeechCommands/speech_commands_v0.02/house/c0e0f834_nohash_0.wav,25,"[(0,3200,'p'),(3200,6400,'p'),(6400,9600,'p'),(9600,12800,'p'),(12800,16000,'p')]"
1293,/Users/ssankey/PycharmProjects/AdvReverb/data/SpeechCommands/speech_commands_v0.02/house/ea37ca08_nohash_0.wav,25,"[(0,3200,'p'),(3200,6400,'p'),(6400,9600,'p'),(9600,12800,'p'),(12800,16000,'p')]"
1294,/Users/ssankey/PycharmProjects/AdvReverb/data/SpeechCommands/speech_commands_v0.02/house/c0e0f834_nohash_1.wav,25,"[(0,3200,'p'),(3200,6400,'p'),(6400,9600,'p'),(9600,12800,'p'),(12800,16000,'p')]"
1295,/Users/ssankey/PycharmProjects/AdvReverb/data/SpeechCommands/speech_commands_v0.02/house/80c45ed6_nohash_0.wav,25,"[(0,3200,'p'),(3200,6400,'p'),(6400,9600,'p'),(9600,12800,'p'),(12800,16000,'p')]"
1296,/Users/ssankey/PycharmProjects/AdvReverb/data/SpeechCommands/speech_commands_v0.02/house/c9b5ff26_nohash_0.wav,25,"[(0,3200,'p'),(3200,6400,'p'),(6400,9600,'p'),(9600,12800,'p'),(12800,16000,'p')]"
1297,/Users/ssankey/PycharmProjects/AdvReverb/data/SpeechCommands/speech_commands_v0.02/house/cfbedff9_nohash_0.wav,25,"[(0,3200,'p'),(3200,6400,'p'),(6400,9600,'p'),(9600,12800,'p'),(12800,16000,'p')]"
1298,/Users/ssankey/PycharmProjects/AdvReverb/data/SpeechCommands/speech_commands_v0.02/house/1f653d27_nohash_2.wav,25,"[(0,3200,'p'),(3200,6400,'p'),(6400,9600,'p'),(9600,12800,'p'),(12800,16000,'p')]"
1299,/Users/ssankey/PycharmProjects/AdvReverb/data/SpeechCommands/speech_commands_v0.02/house/40c4e774_nohash_0.wav,25,"[(0,3200,'p'),(3200,6400,'p'),(6400,9600,'p'),(9600,12800,'p'),(12800,16000,'p')]"
1300,/Users/ssankey/PycharmProjects/AdvReverb/data/SpeechCommands/speech_commands_v0.02/marvin/aef8dcf5_nohash_0.wav,26,"[(0,3200,'p'),(3200,6400,'p'),(6400,9600,'p'),(9600,12800,'p'),(12800,16000,'p')]"
1301,/Users/ssankey/PycharmProjects/AdvReverb/data/SpeechCommands/speech_commands_v0.02/marvin/24ad3ebe_nohash_1.wav,26,"[(0,3200,'p'),(3200,6400,'p'),(6400,9600,'p'),(9600,12800,'p'),(12800,16000,'p')]"
1302,/Users/ssankey/PycharmProjects/AdvReverb/data/SpeechCommands/speech_commands_v0.02/marvin/5c8af87a_nohash_0.wav,26,"[(0,3200,'p'),(3200,6400,'p'),(6400,9600,'p'),(9600,12800,'p'),(12800,16000,'p')]"
1303,/Users/ssankey/PycharmProjects/AdvReverb/data/SpeechCommands/speech_commands_v0.02/marvin/aa48c94a_nohash_0.wav,26,"[(0,3200,'p'),(3200,6400,'p'),(6400,9600,'p'),(9600,12800,'p'),(12800,16000,'p')]"
1304,/Users/ssankey/PycharmProjects/AdvReverb/data/SpeechCommands/speech_commands_v0.02/marvin/e49428d9_nohash_0.wav,26,"[(0,3200,'p'),(3200,6400,'p'),(6400,9600,'p'),(9600,12800,'p'),(12800,16000,'p')]"
1305,/Users/ssankey/PycharmProjects/AdvReverb/data/SpeechCommands/speech_commands_v0.02/marvin/d1bf406b_nohash_0.wav,26,"[(0,3200,'p'),(3200,6400,'p'),(6400,9600,'p'),(9600,12800,'p'),(12800,16000,'p')]"
1306,/Users/ssankey/PycharmProjects/AdvReverb/data/SpeechCommands/speech_commands_v0.02/marvin/881583a6_nohash_2.wav,26,"[(0,3200,'p'),(3200,6400,'p'),(6400,9600,'p'),(9600,12800,'p'),(12800,16000,'p')]"
1307,/Users/ssankey/PycharmProjects/AdvReverb/data/SpeechCommands/speech_commands_v0.02/marvin/837a0f64_nohash_0.wav,26,"[(0,3200,'p'),(3200,6400,'p'),(6400,9600,'p'),(9600,12800,'p'),(12800,16000,'p')]"
1308,/Users/ssankey/PycharmProjects/AdvReverb/data/SpeechCommands/speech_commands_v0.02/marvin/d1bf406b_nohash_1.wav,26,"[(0,3200,'p'),(3200,6400,'p'),(6400,9600,'p'),(9600,12800,'p'),(12800,16000,'p')]"
1309,/Users/ssankey/PycharmProjects/AdvReverb/data/SpeechCommands/speech_commands_v0.02/marvin/24ad3ebe_nohash_0.wav,26,"[(0,3200,'p'),(3200,6400,'p'),(6400,9600,'p'),(9600,12800,'p'),(12800,16000,'p')]"
1310,/Users/ssankey/PycharmProjects/AdvReverb/data/SpeechCommands/speech_commands_v0.02/marvin/e1469561_nohash_0.wav,26,"[(0,3200,'p'),(3200,6400,'p'),(6400,9600,'p'),(9600,12800,'p'),(12800,16000,'p')]"
1311,/Users/ssankey/PycharmProjects/AdvReverb/data/SpeechCommands/speech_commands_v0.02/marvin/68dd409e_nohash_0.wav,26,"[(0,3200,'p'),(3200,6400,'p'),(6400,9600,'p'),(9600,12800,'p'),(12800,16000,'p')]"
1312,/Users/ssankey/PycharmProjects/AdvReverb/data/SpeechCommands/speech_commands_v0.02/marvin/82d0d3ba_nohash_0.wav,26,"[(0,3200,'p'),(3200,6400,'p'),(6400,9600,'p'),(9600,12800,'p'),(12800,16000,'p')]"
1313,/Users/ssankey/PycharmProjects/AdvReverb/data/SpeechCommands/speech_commands_v0.02/marvin/f428ca69_nohash_0.wav,26,"[(0,3200,'p'),(3200,6400,'p'),(6400,9600,'p'),(9600,12800,'p'),(12800,16000,'p')]"
1314,/Users/ssankey/PycharmProjects/AdvReverb/data/SpeechCommands/speech_commands_v0.02/marvin/af130f12_nohash_0.wav,26,"[(0,3200,'p'),(3200,6400,'p'),(6400,9600,'p'),(9600,12800,'p'),(12800,16000,'p')]"
1315,/Users/ssankey/PycharmProjects/AdvReverb/data/SpeechCommands/speech_commands_v0.02/marvin/bb05582b_nohash_0.wav,26,"[(0,3200,'p'),(3200,6400,'p'),(6400,9600,'p'),(9600,12800,'p'),(12800,16000,'p')]"
1316,/Users/ssankey/PycharmProjects/AdvReverb/data/SpeechCommands/speech_commands_v0.02/marvin/adebe223_nohash_0.wav,26,"[(0,3200,'p'),(3200,6400,'p'),(6400,9600,'p'),(9600,12800,'p'),(12800,16000,'p')]"
1317,/Users/ssankey/PycharmProjects/AdvReverb/data/SpeechCommands/speech_commands_v0.02/marvin/f2e59fea_nohash_0.wav,26,"[(0,3200,'p'),(3200,6400,'p'),(6400,9600,'p'),(9600,12800,'p'),(12800,16000,'p')]"
1318,/Users/ssankey/PycharmProjects/AdvReverb/data/SpeechCommands/speech_commands_v0.02/marvin/84d1e469_nohash_0.wav,26,"[(0,3200,'p'),(3200,6400,'p'),(6400,9600,'p'),(9600,12800,'p'),(12800,16000,'p')]"
1319,/Users/ssankey/PycharmProjects/AdvReverb/data/SpeechCommands/speech_commands_v0.02/marvin/8fe52b97_nohash_1.wav,26,"[(0,3200,'p'),(3200,6400,'p'),(6400,9600,'p'),(9600,12800,'p'),(12800,16000,'p')]"
1320,/Users/ssankey/PycharmProjects/AdvReverb/data/SpeechCommands/speech_commands_v0.02/marvin/24ad3ebe_nohash_2.wav,26,"[(0,3200,'p'),(3200,6400,'p'),(6400,9600,'p'),(9600,12800,'p'),(12800,16000,'p')]"
1321,/Users/ssankey/PycharmProjects/AdvReverb/data/SpeechCommands/speech_commands_v0.02/marvin/6f689791_nohash_1.wav,26,"[(0,3200,'p'),(3200,6400,'p'),(6400,9600,'p'),(9600,12800,'p'),(12800,16000,'p')]"
1322,/Users/ssankey/PycharmProjects/AdvReverb/data/SpeechCommands/speech_commands_v0.02/marvin/8c7f81df_nohash_1.wav,26,"[(0,3200,'p'),(3200,6400,'p'),(6400,9600,'p'),(9600,12800,'p'),(12800,16000,'p')]"
1323,/Users/ssankey/PycharmProjects/AdvReverb/data/SpeechCommands/speech_commands_v0.02/marvin/f0ae7203_nohash_0.wav,26,"[(0,3200,'p'),(3200,6400,'p'),(6400,9600,'p'),(9600,12800,'p'),(12800,16000,'p')]"
1324,/Users/ssankey/PycharmProjects/AdvReverb/data/SpeechCommands/speech_commands_v0.02/marvin/881583a6_nohash_0.wav,26,"[(0,3200,'p'),(3200,6400,'p'),(6400,9600,'p'),(9600,12800,'p'),(12800,16000,'p')]"
1325,/Users/ssankey/PycharmProjects/AdvReverb/data/SpeechCommands/speech_commands_v0.02/marvin/881583a6_nohash_1.wav,26,"[(0,3200,'p'),(3200,6400,'p'),(6400,9600,'p'),(9600,12800,'p'),(12800,16000,'p')]"
1326,/Users/ssankey/PycharmProjects/AdvReverb/data/SpeechCommands/speech_commands_v0.02/marvin/8c7f81df_nohash_0.wav,26,"[(0,3200,'p'),(3200,6400,'p'),(6400,9600,'p'),(9600,12800,'p'),(12800,16000,'p')]"
1327,/Users/ssankey/PycharmProjects/AdvReverb/data/SpeechCommands/speech_commands_v0.02/marvin/6f689791_nohash_0.wav,26,"[(0,3200,'p'),(3200,6400,'p'),(6400,9600,'p'),(9600,12800,'p'),(12800,16000,'p')]"
1328,/Users/ssankey/PycharmProjects/AdvReverb/data/SpeechCommands/speech_commands_v0.02/marvin/24ad3ebe_nohash_3.wav,26,"[(0,3200,'p'),(3200,6400,'p'),(6400,9600,'p'),(9600,12800,'p'),(12800,16000,'p')]"
1329,/Users/ssankey/PycharmProjects/AdvReverb/data/SpeechCommands/speech_commands_v0.02/marvin/8fe52b97_nohash_0.wav,26,"[(0,3200,'p'),(3200,6400,'p'),(6400,9600,'p'),(9600,12800,'p'),(12800,16000,'p')]"
1330,/Users/ssankey/PycharmProjects/AdvReverb/data/SpeechCommands/speech_commands_v0.02/marvin/97f4c236_nohash_0.wav,26,"[(0,3200,'p'),(3200,6400,'p'),(6400,9600,'p'),(9600,12800,'p'),(12800,16000,'p')]"
1331,/Users/ssankey/PycharmProjects/AdvReverb/data/SpeechCommands/speech_commands_v0.02/marvin/9dc1889e_nohash_0.wav,26,"[(0,3200,'p'),(3200,6400,'p'),(6400,9600,'p'),(9600,12800,'p'),(12800,16000,'p')]"
1332,/Users/ssankey/PycharmProjects/AdvReverb/data/SpeechCommands/speech_commands_v0.02/marvin/4a0e2c16_nohash_0.wav,26,"[(0,3200,'p'),(3200,6400,'p'),(6400,9600,'p'),(9600,12800,'p'),(12800,16000,'p')]"
1333,/Users/ssankey/PycharmProjects/AdvReverb/data/SpeechCommands/speech_commands_v0.02/marvin/1f653d27_nohash_0.wav,26,"[(0,3200,'p'),(3200,6400,'p'),(6400,9600,'p'),(9600,12800,'p'),(12800,16000,'p')]"
1334,/Users/ssankey/PycharmProjects/AdvReverb/data/SpeechCommands/speech_commands_v0.02/marvin/2d82a556_nohash_1.wav,26,"[(0,3200,'p'),(3200,6400,'p'),(6400,9600,'p'),(9600,12800,'p'),(12800,16000,'p')]"
1335,/Users/ssankey/PycharmProjects/AdvReverb/data/SpeechCommands/speech_commands_v0.02/marvin/e71b4ce6_nohash_0.wav,26,"[(0,3200,'p'),(3200,6400,'p'),(6400,9600,'p'),(9600,12800,'p'),(12800,16000,'p')]"
1336,/Users/ssankey/PycharmProjects/AdvReverb/data/SpeechCommands/speech_commands_v0.02/marvin/80c45ed6_nohash_2.wav,26,"[(0,3200,'p'),(3200,6400,'p'),(6400,9600,'p'),(9600,12800,'p'),(12800,16000,'p')]"
1337,/Users/ssankey/PycharmProjects/AdvReverb/data/SpeechCommands/speech_commands_v0.02/marvin/67961766_nohash_2.wav,26,"[(0,3200,'p'),(3200,6400,'p'),(6400,9600,'p'),(9600,12800,'p'),(12800,16000,'p')]"
1338,/Users/ssankey/PycharmProjects/AdvReverb/data/SpeechCommands/speech_commands_v0.02/marvin/840c366d_nohash_1.wav,26,"[(0,3200,'p'),(3200,6400,'p'),(6400,9600,'p'),(9600,12800,'p'),(12800,16000,'p')]"
1339,/Users/ssankey/PycharmProjects/AdvReverb/data/SpeechCommands/speech_commands_v0.02/marvin/840c366d_nohash_0.wav,26,"[(0,3200,'p'),(3200,6400,'p'),(6400,9600,'p'),(9600,12800,'p'),(12800,16000,'p')]"
1340,/Users/ssankey/PycharmProjects/AdvReverb/data/SpeechCommands/speech_commands_v0.02/marvin/e41a903b_nohash_0.wav,26,"[(0,3200,'p'),(3200,6400,'p'),(6400,9600,'p'),(9600,12800,'p'),(12800,16000,'p')]"
1341,/Users/ssankey/PycharmProjects/AdvReverb/data/SpeechCommands/speech_commands_v0.02/marvin/692a88e6_nohash_0.wav,26,"[(0,3200,'p'),(3200,6400,'p'),(6400,9600,'p'),(9600,12800,'p'),(12800,16000,'p')]"
1342,/Users/ssankey/PycharmProjects/AdvReverb/data/SpeechCommands/speech_commands_v0.02/marvin/2d82a556_nohash_0.wav,26,"[(0,3200,'p'),(3200,6400,'p'),(6400,9600,'p'),(9600,12800,'p'),(12800,16000,'p')]"
1343,/Users/ssankey/PycharmProjects/AdvReverb/data/SpeechCommands/speech_commands_v0.02/marvin/a80f9f53_nohash_0.wav,26,"[(0,3200,'p'),(3200,6400,'p'),(6400,9600,'p'),(9600,12800,'p'),(12800,16000,'p')]"
1344,/Users/ssankey/PycharmProjects/AdvReverb/data/SpeechCommands/speech_commands_v0.02/marvin/9e2ce5e3_nohash_0.wav,26,"[(0,3200,'p'),(3200,6400,'p'),(6400,9600,'p'),(9600,12800,'p'),(12800,16000,'p')]"
1345,/Users/ssankey/PycharmProjects/AdvReverb/data/SpeechCommands/speech_commands_v0.02/marvin/67961766_nohash_1.wav,26,"[(0,3200,'p'),(3200,6400,'p'),(6400,9600,'p'),(9600,12800,'p'),(12800,16000,'p')]"
1346,/Users/ssankey/PycharmProjects/AdvReverb/data/SpeechCommands/speech_commands_v0.02/marvin/80c45ed6_nohash_1.wav,26,"[(0,3200,'p'),(3200,6400,'p'),(6400,9600,'p'),(9600,12800,'p'),(12800,16000,'p')]"
1347,/Users/ssankey/PycharmProjects/AdvReverb/data/SpeechCommands/speech_commands_v0.02/marvin/c0e0f834_nohash_0.wav,26,"[(0,3200,'p'),(3200,6400,'p'),(6400,9600,'p'),(9600,12800,'p'),(12800,16000,'p')]"
1348,/Users/ssankey/PycharmProjects/AdvReverb/data/SpeechCommands/speech_commands_v0.02/marvin/67961766_nohash_0.wav,26,"[(0,3200,'p'),(3200,6400,'p'),(6400,9600,'p'),(9600,12800,'p'),(12800,16000,'p')]"
1349,/Users/ssankey/PycharmProjects/AdvReverb/data/SpeechCommands/speech_commands_v0.02/marvin/c0e0f834_nohash_1.wav,26,"[(0,3200,'p'),(3200,6400,'p'),(6400,9600,'p'),(9600,12800,'p'),(12800,16000,'p')]"
1350,/Users/ssankey/PycharmProjects/AdvReverb/data/SpeechCommands/speech_commands_v0.02/sheila/af130f12_nohash_3.wav,27,"[(0,3200,'p'),(3200,6400,'p'),(6400,9600,'p'),(9600,12800,'p'),(12800,16000,'p')]"
1351,/Users/ssankey/PycharmProjects/AdvReverb/data/SpeechCommands/speech_commands_v0.02/sheila/e9901cf0_nohash_2.wav,27,"[(0,3200,'p'),(3200,6400,'p'),(6400,9600,'p'),(9600,12800,'p'),(12800,16000,'p')]"
1352,/Users/ssankey/PycharmProjects/AdvReverb/data/SpeechCommands/speech_commands_v0.02/sheila/aef8dcf5_nohash_0.wav,27,"[(0,3200,'p'),(3200,6400,'p'),(6400,9600,'p'),(9600,12800,'p'),(12800,16000,'p')]"
1353,/Users/ssankey/PycharmProjects/AdvReverb/data/SpeechCommands/speech_commands_v0.02/sheila/dc75148d_nohash_0.wav,27,"[(0,3200,'p'),(3200,6400,'p'),(6400,9600,'p'),(9600,12800,'p'),(12800,16000,'p')]"
1354,/Users/ssankey/PycharmProjects/AdvReverb/data/SpeechCommands/speech_commands_v0.02/sheila/24ad3ebe_nohash_1.wav,27,"[(0,3200,'p'),(3200,6400,'p'),(6400,9600,'p'),(9600,12800,'p'),(12800,16000,'p')]"
1355,/Users/ssankey/PycharmProjects/AdvReverb/data/SpeechCommands/speech_commands_v0.02/sheila/5c8af87a_nohash_0.wav,27,"[(0,3200,'p'),(3200,6400,'p'),(6400,9600,'p'),(9600,12800,'p'),(12800,16000,'p')]"
1356,/Users/ssankey/PycharmProjects/AdvReverb/data/SpeechCommands/speech_commands_v0.02/sheila/aa48c94a_nohash_0.wav,27,"[(0,3200,'p'),(3200,6400,'p'),(6400,9600,'p'),(9600,12800,'p'),(12800,16000,'p')]"
1357,/Users/ssankey/PycharmProjects/AdvReverb/data/SpeechCommands/speech_commands_v0.02/sheila/e49428d9_nohash_0.wav,27,"[(0,3200,'p'),(3200,6400,'p'),(6400,9600,'p'),(9600,12800,'p'),(12800,16000,'p')]"
1358,/Users/ssankey/PycharmProjects/AdvReverb/data/SpeechCommands/speech_commands_v0.02/sheila/28497c5b_nohash_1.wav,27,"[(0,3200,'p'),(3200,6400,'p'),(6400,9600,'p'),(9600,12800,'p'),(12800,16000,'p')]"
1359,/Users/ssankey/PycharmProjects/AdvReverb/data/SpeechCommands/speech_commands_v0.02/sheila/881583a6_nohash_3.wav,27,"[(0,3200,'p'),(3200,6400,'p'),(6400,9600,'p'),(9600,12800,'p'),(12800,16000,'p')]"
1360,/Users/ssankey/PycharmProjects/AdvReverb/data/SpeechCommands/speech_commands_v0.02/sheila/881583a6_nohash_2.wav,27,"[(0,3200,'p'),(3200,6400,'p'),(6400,9600,'p'),(9600,12800,'p'),(12800,16000,'p')]"
1361,/Users/ssankey/PycharmProjects/AdvReverb/data/SpeechCommands/speech_commands_v0.02/sheila/837a0f64_nohash_0.wav,27,"[(0,3200,'p'),(3200,6400,'p'),(6400,9600,'p'),(9600,12800,'p'),(12800,16000,'p')]"
1362,/Users/ssankey/PycharmProjects/AdvReverb/data/SpeechCommands/speech_commands_v0.02/sheila/28497c5b_nohash_0.wav,27,"[(0,3200,'p'),(3200,6400,'p'),(6400,9600,'p'),(9600,12800,'p'),(12800,16000,'p')]"
1363,/Users/ssankey/PycharmProjects/AdvReverb/data/SpeechCommands/speech_commands_v0.02/sheila/aa48c94a_nohash_1.wav,27,"[(0,3200,'p'),(3200,6400,'p'),(6400,9600,'p'),(9600,12800,'p'),(12800,16000,'p')]"
1364,/Users/ssankey/PycharmProjects/AdvReverb/data/SpeechCommands/speech_commands_v0.02/sheila/24ad3ebe_nohash_0.wav,27,"[(0,3200,'p'),(3200,6400,'p'),(6400,9600,'p'),(9600,12800,'p'),(12800,16000,'p')]"
1365,/Users/ssankey/PycharmProjects/AdvReverb/data/SpeechCommands/speech_commands_v0.02/sheila/e1469561_nohash_0.wav,27,"[(0,3200,'p'),(3200,6400,'p'),(6400,9600,'p'),(9600,12800,'p'),(12800,16000,'p')]"
1366,/Users/ssankey/PycharmProjects/AdvReverb/data/SpeechCommands/speech_commands_v0.02/sheila/7257420c_nohash_0.wav,27,"[(0,3200,'p'),(3200,6400,'p'),(6400,9600,'p'),(9600,12800,'p'),(12800,16000,'p')]"
1367,/Users/ssankey/PycharmProjects/AdvReverb/data/SpeechCommands/speech_commands_v0.02/sheila/82d0d3ba_nohash_0.wav,27,"[(0,3200,'p'),(3200,6400,'p'),(6400,9600,'p'),(9600,12800,'p'),(12800,16000,'p')]"
1368,/Users/ssankey/PycharmProjects/AdvReverb/data/SpeechCommands/speech_commands_v0.02/sheila/62ff07ef_nohash_2.wav,27,"[(0,3200,'p'),(3200,6400,'p'),(6400,9600,'p'),(9600,12800,'p'),(12800,16000,'p')]"
1369,/Users/ssankey/PycharmProjects/AdvReverb/data/SpeechCommands/speech_commands_v0.02/sheila/af130f12_nohash_2.wav,27,"[(0,3200,'p'),(3200,6400,'p'),(6400,9600,'p'),(9600,12800,'p'),(12800,16000,'p')]"
1370,/Users/ssankey/PycharmProjects/AdvReverb/data/SpeechCommands/speech_commands_v0.02/sheila/af130f12_nohash_0.wav,27,"[(0,3200,'p'),(3200,6400,'p'),(6400,9600,'p'),(9600,12800,'p'),(12800,16000,'p')]"
1371,/Users/ssankey/PycharmProjects/AdvReverb/data/SpeechCommands/speech_commands_v0.02/sheila/c518d1b1_nohash_0.wav,27,"[(0,3200,'p'),(3200,6400,'p'),(6400,9600,'p'),(9600,12800,'p'),(12800,16000,'p')]"
1372,/Users/ssankey/PycharmProjects/AdvReverb/data/SpeechCommands/speech_commands_v0.02/sheila/bb05582b_nohash_0.wav,27,"[(0,3200,'p'),(3200,6400,'p'),(6400,9600,'p'),(9600,12800,'p'),(12800,16000,'p')]"
1373,/Users/ssankey/PycharmProjects/AdvReverb/data/SpeechCommands/speech_commands_v0.02/sheila/62ff07ef_nohash_0.wav,27,"[(0,3200,'p'),(3200,6400,'p'),(6400,9600,'p'),(9600,12800,'p'),(12800,16000,'p')]"
1374,/Users/ssankey/PycharmProjects/AdvReverb/data/SpeechCommands/speech_commands_v0.02/sheila/af405b69_nohash_0.wav,27,"[(0,3200,'p'),(3200,6400,'p'),(6400,9600,'p'),(9600,12800,'p'),(12800,16000,'p')]"
1375,/Users/ssankey/PycharmProjects/AdvReverb/data/SpeechCommands/speech_commands_v0.02/sheila/e9901cf0_nohash_1.wav,27,"[(0,3200,'p'),(3200,6400,'p'),(6400,9600,'p'),(9600,12800,'p'),(12800,16000,'p')]"
1376,/Users/ssankey/PycharmProjects/AdvReverb/data/SpeechCommands/speech_commands_v0.02/sheila/adebe223_nohash_0.wav,27,"[(0,3200,'p'),(3200,6400,'p'),(6400,9600,'p'),(9600,12800,'p'),(12800,16000,'p')]"
1377,/Users/ssankey/PycharmProjects/AdvReverb/data/SpeechCommands/speech_commands_v0.02/sheila/5b1db3ee_nohash_0.wav,27,"[(0,3200,'p'),(3200,6400,'p'),(6400,9600,'p'),(9600,12800,'p'),(12800,16000,'p')]"
1378,/Users/ssankey/PycharmProjects/AdvReverb/data/SpeechCommands/speech_commands_v0.02/sheila/44260689_nohash_0.wav,27,"[(0,3200,'p'),(3200,6400,'p'),(6400,9600,'p'),(9600,12800,'p'),(12800,16000,'p')]"
1379,/Users/ssankey/PycharmProjects/AdvReverb/data/SpeechCommands/speech_commands_v0.02/sheila/f0ae7203_nohash_0.wav,27,"[(0,3200,'p'),(3200,6400,'p'),(6400,9600,'p'),(9600,12800,'p'),(12800,16000,'p')]"
1380,/Users/ssankey/PycharmProjects/AdvReverb/data/SpeechCommands/speech_commands_v0.02/sheila/881583a6_nohash_0.wav,27,"[(0,3200,'p'),(3200,6400,'p'),(6400,9600,'p'),(9600,12800,'p'),(12800,16000,'p')]"
1381,/Users/ssankey/PycharmProjects/AdvReverb/data/SpeechCommands/speech_commands_v0.02/sheila/881583a6_nohash_1.wav,27,"[(0,3200,'p'),(3200,6400,'p'),(6400,9600,'p'),(9600,12800,'p'),(12800,16000,'p')]"
1382,/Users/ssankey/PycharmProjects/AdvReverb/data/SpeechCommands/speech_commands_v0.02/sheila/f0ae7203_nohash_1.wav,27,"[(0,3200,'p'),(3200,6400,'p'),(6400,9600,'p'),(9600,12800,'p'),(12800,16000,'p')]"
1383,/Users/ssankey/PycharmProjects/AdvReverb/data/SpeechCommands/speech_commands_v0.02/sheila/d91a159e_nohash_0.wav,27,"[(0,3200,'p'),(3200,6400,'p'),(6400,9600,'p'),(9600,12800,'p'),(12800,16000,'p')]"
1384,/Users/ssankey/PycharmProjects/AdvReverb/data/SpeechCommands/speech_commands_v0.02/sheila/8c7f81df_nohash_0.wav,27,"[(0,3200,'p'),(3200,6400,'p'),(6400,9600,'p'),(9600,12800,'p'),(12800,16000,'p')]"
1385,/Users/ssankey/PycharmProjects/AdvReverb/data/SpeechCommands/speech_commands_v0.02/sheila/6f689791_nohash_0.wav,27,"[(0,3200,'p'),(3200,6400,'p'),(6400,9600,'p'),(9600,12800,'p'),(12800,16000,'p')]"
1386,/Users/ssankey/PycharmProjects/AdvReverb/data/SpeechCommands/speech_commands_v0.02/sheila/aa48c94a_nohash_2.wav,27,"[(0,3200,'p'),(3200,6400,'p'),(6400,9600,'p'),(9600,12800,'p'),(12800,16000,'p')]"
1387,/Users/ssankey/PycharmProjects/AdvReverb/data/SpeechCommands/speech_commands_v0.02/sheila/5b1db3ee_nohash_1.wav,27,"[(0,3200,'p'),(3200,6400,'p'),(6400,9600,'p'),(9600,12800,'p'),(12800,16000,'p')]"
1388,/Users/ssankey/PycharmProjects/AdvReverb/data/SpeechCommands/speech_commands_v0.02/sheila/8fe52b97_nohash_0.wav,27,"[(0,3200,'p'),(3200,6400,'p'),(6400,9600,'p'),(9600,12800,'p'),(12800,16000,'p')]"
1389,/Users/ssankey/PycharmProjects/AdvReverb/data/SpeechCommands/speech_commands_v0.02/sheila/e9901cf0_nohash_0.wav,27,"[(0,3200,'p'),(3200,6400,'p'),(6400,9600,'p'),(9600,12800,'p'),(12800,16000,'p')]"
1390,/Users/ssankey/PycharmProjects/AdvReverb/data/SpeechCommands/speech_commands_v0.02/sheila/af405b69_nohash_1.wav,27,"[(0,3200,'p'),(3200,6400,'p'),(6400,9600,'p'),(9600,12800,'p'),(12800,16000,'p')]"
1391,/Users/ssankey/PycharmProjects/AdvReverb/data/SpeechCommands/speech_commands_v0.02/sheila/97f4c236_nohash_0.wav,27,"[(0,3200,'p'),(3200,6400,'p'),(6400,9600,'p'),(9600,12800,'p'),(12800,16000,'p')]"
1392,/Users/ssankey/PycharmProjects/AdvReverb/data/SpeechCommands/speech_commands_v0.02/sheila/62ff07ef_nohash_1.wav,27,"[(0,3200,'p'),(3200,6400,'p'),(6400,9600,'p'),(9600,12800,'p'),(12800,16000,'p')]"
1393,/Users/ssankey/PycharmProjects/AdvReverb/data/SpeechCommands/speech_commands_v0.02/sheila/af130f12_nohash_1.wav,27,"[(0,3200,'p'),(3200,6400,'p'),(6400,9600,'p'),(9600,12800,'p'),(12800,16000,'p')]"
1394,/Users/ssankey/PycharmProjects/AdvReverb/data/SpeechCommands/speech_commands_v0.02/sheila/ffb86d3c_nohash_0.wav,27,"[(0,3200,'p'),(3200,6400,'p'),(6400,9600,'p'),(9600,12800,'p'),(12800,16000,'p')]"
1395,/Users/ssankey/PycharmProjects/AdvReverb/data/SpeechCommands/speech_commands_v0.02/sheila/4a0e2c16_nohash_0.wav,27,"[(0,3200,'p'),(3200,6400,'p'),(6400,9600,'p'),(9600,12800,'p'),(12800,16000,'p')]"
1396,/Users/ssankey/PycharmProjects/AdvReverb/data/SpeechCommands/speech_commands_v0.02/sheila/e71b4ce6_nohash_0.wav,27,"[(0,3200,'p'),(3200,6400,'p'),(6400,9600,'p'),(9600,12800,'p'),(12800,16000,'p')]"
1397,/Users/ssankey/PycharmProjects/AdvReverb/data/SpeechCommands/speech_commands_v0.02/sheila/5ff3f9a1_nohash_1.wav,27,"[(0,3200,'p'),(3200,6400,'p'),(6400,9600,'p'),(9600,12800,'p'),(12800,16000,'p')]"
1398,/Users/ssankey/PycharmProjects/AdvReverb/data/SpeechCommands/speech_commands_v0.02/sheila/840c366d_nohash_0.wav,27,"[(0,3200,'p'),(3200,6400,'p'),(6400,9600,'p'),(9600,12800,'p'),(12800,16000,'p')]"
1399,/Users/ssankey/PycharmProjects/AdvReverb/data/SpeechCommands/speech_commands_v0.02/sheila/3d86b69a_nohash_0.wav,27,"[(0,3200,'p'),(3200,6400,'p'),(6400,9600,'p'),(9600,12800,'p'),(12800,16000,'p')]"
1400,/Users/ssankey/PycharmProjects/AdvReverb/data/SpeechCommands/speech_commands_v0.02/tree/68dd409e_nohash_1.wav,28,"[(0,3200,'p'),(3200,6400,'p'),(6400,9600,'p'),(9600,12800,'p'),(12800,16000,'p')]"
1401,/Users/ssankey/PycharmProjects/AdvReverb/data/SpeechCommands/speech_commands_v0.02/tree/aef8dcf5_nohash_0.wav,28,"[(0,3200,'p'),(3200,6400,'p'),(6400,9600,'p'),(9600,12800,'p'),(12800,16000,'p')]"
1402,/Users/ssankey/PycharmProjects/AdvReverb/data/SpeechCommands/speech_commands_v0.02/tree/3f170018_nohash_0.wav,28,"[(0,3200,'p'),(3200,6400,'p'),(6400,9600,'p'),(9600,12800,'p'),(12800,16000,'p')]"
1403,/Users/ssankey/PycharmProjects/AdvReverb/data/SpeechCommands/speech_commands_v0.02/tree/5c8af87a_nohash_0.wav,28,"[(0,3200,'p'),(3200,6400,'p'),(6400,9600,'p'),(9600,12800,'p'),(12800,16000,'p')]"
1404,/Users/ssankey/PycharmProjects/AdvReverb/data/SpeechCommands/speech_commands_v0.02/tree/aa48c94a_nohash_0.wav,28,"[(0,3200,'p'),(3200,6400,'p'),(6400,9600,'p'),(9600,12800,'p'),(12800,16000,'p')]"
1405,/Users/ssankey/PycharmProjects/AdvReverb/data/SpeechCommands/speech_commands_v0.02/tree/d1bf406b_nohash_0.wav,28,"[(0,3200,'p'),(3200,6400,'p'),(6400,9600,'p'),(9600,12800,'p'),(12800,16000,'p')]"
1406,/Users/ssankey/PycharmProjects/AdvReverb/data/SpeechCommands/speech_commands_v0.02/tree/c7124b73_nohash_0.wav,28,"[(0,3200,'p'),(3200,6400,'p'),(6400,9600,'p'),(9600,12800,'p'),(12800,16000,'p')]"
1407,/Users/ssankey/PycharmProjects/AdvReverb/data/SpeechCommands/speech_commands_v0.02/tree/24ad3ebe_nohash_0.wav,28,"[(0,3200,'p'),(3200,6400,'p'),(6400,9600,'p'),(9600,12800,'p'),(12800,16000,'p')]"
1408,/Users/ssankey/PycharmProjects/AdvReverb/data/SpeechCommands/speech_commands_v0.02/tree/e1469561_nohash_0.wav,28,"[(0,3200,'p'),(3200,6400,'p'),(6400,9600,'p'),(9600,12800,'p'),(12800,16000,'p')]"
1409,/Users/ssankey/PycharmProjects/AdvReverb/data/SpeechCommands/speech_commands_v0.02/tree/7257420c_nohash_0.wav,28,"[(0,3200,'p'),(3200,6400,'p'),(6400,9600,'p'),(9600,12800,'p'),(12800,16000,'p')]"
1410,/Users/ssankey/PycharmProjects/AdvReverb/data/SpeechCommands/speech_commands_v0.02/tree/aef8dcf5_nohash_1.wav,28,"[(0,3200,'p'),(3200,6400,'p'),(6400,9600,'p'),(9600,12800,'p'),(12800,16000,'p')]"
1411,/Users/ssankey/PycharmProjects/AdvReverb/data/SpeechCommands/speech_commands_v0.02/tree/68dd409e_nohash_0.wav,28,"[(0,3200,'p'),(3200,6400,'p'),(6400,9600,'p'),(9600,12800,'p'),(12800,16000,'p')]"
1412,/Users/ssankey/PycharmProjects/AdvReverb/data/SpeechCommands/speech_commands_v0.02/tree/82d0d3ba_nohash_0.wav,28,"[(0,3200,'p'),(3200,6400,'p'),(6400,9600,'p'),(9600,12800,'p'),(12800,16000,'p')]"
1413,/Users/ssankey/PycharmProjects/AdvReverb/data/SpeechCommands/speech_commands_v0.02/tree/f428ca69_nohash_0.wav,28,"[(0,3200,'p'),(3200,6400,'p'),(6400,9600,'p'),(9600,12800,'p'),(12800,16000,'p')]"
1414,/Users/ssankey/PycharmProjects/AdvReverb/data/SpeechCommands/speech_commands_v0.02/tree/af130f12_nohash_0.wav,28,"[(0,3200,'p'),(3200,6400,'p'),(6400,9600,'p'),(9600,12800,'p'),(12800,16000,'p')]"
1415,/Users/ssankey/PycharmProjects/AdvReverb/data/SpeechCommands/speech_commands_v0.02/tree/af405b69_nohash_0.wav,28,"[(0,3200,'p'),(3200,6400,'p'),(6400,9600,'p'),(9600,12800,'p'),(12800,16000,'p')]"
1416,/Users/ssankey/PycharmProjects/AdvReverb/data/SpeechCommands/speech_commands_v0.02/tree/e9901cf0_nohash_1.wav,28,"[(0,3200,'p'),(3200,6400,'p'),(6400,9600,'p'),(9600,12800,'p'),(12800,16000,'p')]"
1417,/Users/ssankey/PycharmProjects/AdvReverb/data/SpeechCommands/speech_commands_v0.02/tree/84d1e469_nohash_0.wav,28,"[(0,3200,'p'),(3200,6400,'p'),(6400,9600,'p'),(9600,12800,'p'),(12800,16000,'p')]"
1418,/Users/ssankey/PycharmProjects/AdvReverb/data/SpeechCommands/speech_commands_v0.02/tree/44260689_nohash_0.wav,28,"[(0,3200,'p'),(3200,6400,'p'),(6400,9600,'p'),(9600,12800,'p'),(12800,16000,'p')]"
1419,/Users/ssankey/PycharmProjects/AdvReverb/data/SpeechCommands/speech_commands_v0.02/tree/8c7f81df_nohash_1.wav,28,"[(0,3200,'p'),(3200,6400,'p'),(6400,9600,'p'),(9600,12800,'p'),(12800,16000,'p')]"
1420,/Users/ssankey/PycharmProjects/AdvReverb/data/SpeechCommands/speech_commands_v0.02/tree/f0ae7203_nohash_0.wav,28,"[(0,3200,'p'),(3200,6400,'p'),(6400,9600,'p'),(9600,12800,'p'),(12800,16000,'p')]"
1421,/Users/ssankey/PycharmProjects/AdvReverb/data/SpeechCommands/speech_commands_v0.02/tree/f0ae7203_nohash_1.wav,28,"[(0,3200,'p'),(3200,6400,'p'),(6400,9600,'p'),(9600,12800,'p'),(12800,16000,'p')]"
1422,/Users/ssankey/PycharmProjects/AdvReverb/data/SpeechCommands/speech_commands_v0.02/tree/8c7f81df_nohash_0.wav,28,"[(0,3200,'p'),(3200,6400,'p'),(6400,9600,'p'),(9600,12800,'p'),(12800,16000,'p')]"
1423,/Users/ssankey/PycharmProjects/AdvReverb/data/SpeechCommands/speech_commands_v0.02/tree/44260689_nohash_1.wav,28,"[(0,3200,'p'),(3200,6400,'p'),(6400,9600,'p'),(9600,12800,'p'),(12800,16000,'p')]"
1424,/Users/ssankey/PycharmProjects/AdvReverb/data/SpeechCommands/speech_commands_v0.02/tree/84d1e469_nohash_1.wav,28,"[(0,3200,'p'),(3200,6400,'p'),(6400,9600,'p'),(9600,12800,'p'),(12800,16000,'p')]"
1425,/Users/ssankey/PycharmProjects/AdvReverb/data/SpeechCommands/speech_commands_v0.02/tree/aef8dcf5_nohash_2.wav,28,"[(0,3200,'p'),(3200,6400,'p'),(6400,9600,'p'),(9600,12800,'p'),(12800,16000,'p')]"
1426,/Users/ssankey/PycharmProjects/AdvReverb/data/SpeechCommands/speech_commands_v0.02/tree/e9901cf0_nohash_0.wav,28,"[(0,3200,'p'),(3200,6400,'p'),(6400,9600,'p'),(9600,12800,'p'),(12800,16000,'p')]"
1427,/Users/ssankey/PycharmProjects/AdvReverb/data/SpeechCommands/speech_commands_v0.02/tree/97f4c236_nohash_0.wav,28,"[(0,3200,'p'),(3200,6400,'p'),(6400,9600,'p'),(9600,12800,'p'),(12800,16000,'p')]"
1428,/Users/ssankey/PycharmProjects/AdvReverb/data/SpeechCommands/speech_commands_v0.02/tree/af130f12_nohash_1.wav,28,"[(0,3200,'p'),(3200,6400,'p'),(6400,9600,'p'),(9600,12800,'p'),(12800,16000,'p')]"
1429,/Users/ssankey/PycharmProjects/AdvReverb/data/SpeechCommands/speech_commands_v0.02/tree/ffb86d3c_nohash_0.wav,28,"[(0,3200,'p'),(3200,6400,'p'),(6400,9600,'p'),(9600,12800,'p'),(12800,16000,'p')]"
1430,/Users/ssankey/PycharmProjects/AdvReverb/data/SpeechCommands/speech_commands_v0.02/tree/9dc1889e_nohash_0.wav,28,"[(0,3200,'p'),(3200,6400,'p'),(6400,9600,'p'),(9600,12800,'p'),(12800,16000,'p')]"
1431,/Users/ssankey/PycharmProjects/AdvReverb/data/SpeechCommands/speech_commands_v0.02/tree/4a0e2c16_nohash_0.wav,28,"[(0,3200,'p'),(3200,6400,'p'),(6400,9600,'p'),(9600,12800,'p'),(12800,16000,'p')]"
1432,/Users/ssankey/PycharmProjects/AdvReverb/data/SpeechCommands/speech_commands_v0.02/tree/1f653d27_nohash_0.wav,28,"[(0,3200,'p'),(3200,6400,'p'),(6400,9600,'p'),(9600,12800,'p'),(12800,16000,'p')]"
1433,/Users/ssankey/PycharmProjects/AdvReverb/data/SpeechCommands/speech_commands_v0.02/tree/e71b4ce6_nohash_0.wav,28,"[(0,3200,'p'),(3200,6400,'p'),(6400,9600,'p'),(9600,12800,'p'),(12800,16000,'p')]"
1434,/Users/ssankey/PycharmProjects/AdvReverb/data/SpeechCommands/speech_commands_v0.02/tree/840c366d_nohash_0.wav,28,"[(0,3200,'p'),(3200,6400,'p'),(6400,9600,'p'),(9600,12800,'p'),(12800,16000,'p')]"
1435,/Users/ssankey/PycharmProjects/AdvReverb/data/SpeechCommands/speech_commands_v0.02/tree/e41a903b_nohash_0.wav,28,"[(0,3200,'p'),(3200,6400,'p'),(6400,9600,'p'),(9600,12800,'p'),(12800,16000,'p')]"
1436,/Users/ssankey/PycharmProjects/AdvReverb/data/SpeechCommands/speech_commands_v0.02/tree/c0e0f834_nohash_2.wav,28,"[(0,3200,'p'),(3200,6400,'p'),(6400,9600,'p'),(9600,12800,'p'),(12800,16000,'p')]"
1437,/Users/ssankey/PycharmProjects/AdvReverb/data/SpeechCommands/speech_commands_v0.02/tree/2d82a556_nohash_0.wav,28,"[(0,3200,'p'),(3200,6400,'p'),(6400,9600,'p'),(9600,12800,'p'),(12800,16000,'p')]"
1438,/Users/ssankey/PycharmProjects/AdvReverb/data/SpeechCommands/speech_commands_v0.02/tree/a80f9f53_nohash_0.wav,28,"[(0,3200,'p'),(3200,6400,'p'),(6400,9600,'p'),(9600,12800,'p'),(12800,16000,'p')]"
1439,/Users/ssankey/PycharmProjects/AdvReverb/data/SpeechCommands/speech_commands_v0.02/tree/d5ca80c6_nohash_0.wav,28,"[(0,3200,'p'),(3200,6400,'p'),(6400,9600,'p'),(9600,12800,'p'),(12800,16000,'p')]"
1440,/Users/ssankey/PycharmProjects/AdvReverb/data/SpeechCommands/speech_commands_v0.02/tree/80c45ed6_nohash_1.wav,28,"[(0,3200,'p'),(3200,6400,'p'),(6400,9600,'p'),(9600,12800,'p'),(12800,16000,'p')]"
1441,/Users/ssankey/PycharmProjects/AdvReverb/data/SpeechCommands/speech_commands_v0.02/tree/c0e0f834_nohash_0.wav,28,"[(0,3200,'p'),(3200,6400,'p'),(6400,9600,'p'),(9600,12800,'p'),(12800,16000,'p')]"
1442,/Users/ssankey/PycharmProjects/AdvReverb/data/SpeechCommands/speech_commands_v0.02/tree/c0e0f834_nohash_1.wav,28,"[(0,3200,'p'),(3200,6400,'p'),(6400,9600,'p'),(9600,12800,'p'),(12800,16000,'p')]"
1443,/Users/ssankey/PycharmProjects/AdvReverb/data/SpeechCommands/speech_commands_v0.02/tree/80c45ed6_nohash_0.wav,28,"[(0,3200,'p'),(3200,6400,'p'),(6400,9600,'p'),(9600,12800,'p'),(12800,16000,'p')]"
1444,/Users/ssankey/PycharmProjects/AdvReverb/data/SpeechCommands/speech_commands_v0.02/tree/d5ca80c6_nohash_1.wav,28,"[(0,3200,'p'),(3200,6400,'p'),(6400,9600,'p'),(9600,12800,'p'),(12800,16000,'p')]"
1445,/Users/ssankey/PycharmProjects/AdvReverb/data/SpeechCommands/speech_commands_v0.02/tree/40c4e774_nohash_0.wav,28,"[(0,3200,'p'),(3200,6400,'p'),(6400,9600,'p'),(9600,12800,'p'),(12800,16000,'p')]"
1446,/Users/ssankey/PycharmProjects/AdvReverb/data/SpeechCommands/speech_commands_v0.02/tree/2796ac50_nohash_0.wav,28,"[(0,3200,'p'),(3200,6400,'p'),(6400,9600,'p'),(9600,12800,'p'),(12800,16000,'p')]"
1447,/Users/ssankey/PycharmProjects/AdvReverb/data/SpeechCommands/speech_commands_v0.02/tree/4fd1443e_nohash_0.wav,28,"[(0,3200,'p'),(3200,6400,'p'),(6400,9600,'p'),(9600,12800,'p'),(12800,16000,'p')]"
1448,/Users/ssankey/PycharmProjects/AdvReverb/data/SpeechCommands/speech_commands_v0.02/tree/b2e2773a_nohash_2.wav,28,"[(0,3200,'p'),(3200,6400,'p'),(6400,9600,'p'),(9600,12800,'p'),(12800,16000,'p')]"
1449,/Users/ssankey/PycharmProjects/AdvReverb/data/SpeechCommands/speech_commands_v0.02/tree/f6af2457_nohash_0.wav,28,"[(0,3200,'p'),(3200,6400,'p'),(6400,9600,'p'),(9600,12800,'p'),(12800,16000,'p')]"
1450,/Users/ssankey/PycharmProjects/AdvReverb/data/SpeechCommands/speech_commands_v0.02/wow/dc75148d_nohash_0.wav,29,"[(0,3200,'p'),(3200,6400,'p'),(6400,9600,'p'),(9600,12800,'p'),(12800,16000,'p')]"
1451,/Users/ssankey/PycharmProjects/AdvReverb/data/SpeechCommands/speech_commands_v0.02/wow/3f170018_nohash_0.wav,29,"[(0,3200,'p'),(3200,6400,'p'),(6400,9600,'p'),(9600,12800,'p'),(12800,16000,'p')]"
1452,/Users/ssankey/PycharmProjects/AdvReverb/data/SpeechCommands/speech_commands_v0.02/wow/5c8af87a_nohash_0.wav,29,"[(0,3200,'p'),(3200,6400,'p'),(6400,9600,'p'),(9600,12800,'p'),(12800,16000,'p')]"
1453,/Users/ssankey/PycharmProjects/AdvReverb/data/SpeechCommands/speech_commands_v0.02/wow/e49428d9_nohash_0.wav,29,"[(0,3200,'p'),(3200,6400,'p'),(6400,9600,'p'),(9600,12800,'p'),(12800,16000,'p')]"
1454,/Users/ssankey/PycharmProjects/AdvReverb/data/SpeechCommands/speech_commands_v0.02/wow/d1bf406b_nohash_0.wav,29,"[(0,3200,'p'),(3200,6400,'p'),(6400,9600,'p'),(9600,12800,'p'),(12800,16000,'p')]"
1455,/Users/ssankey/PycharmProjects/AdvReverb/data/SpeechCommands/speech_commands_v0.02/wow/c7124b73_nohash_0.wav,29,"[(0,3200,'p'),(3200,6400,'p'),(6400,9600,'p'),(9600,12800,'p'),(12800,16000,'p')]"
1456,/Users/ssankey/PycharmProjects/AdvReverb/data/SpeechCommands/speech_commands_v0.02/wow/9d4bab4f_nohash_0.wav,29,"[(0,3200,'p'),(3200,6400,'p'),(6400,9600,'p'),(9600,12800,'p'),(12800,16000,'p')]"
1457,/Users/ssankey/PycharmProjects/AdvReverb/data/SpeechCommands/speech_commands_v0.02/wow/e1469561_nohash_0.wav,29,"[(0,3200,'p'),(3200,6400,'p'),(6400,9600,'p'),(9600,12800,'p'),(12800,16000,'p')]"
1458,/Users/ssankey/PycharmProjects/AdvReverb/data/SpeechCommands/speech_commands_v0.02/wow/7257420c_nohash_0.wav,29,"[(0,3200,'p'),(3200,6400,'p'),(6400,9600,'p'),(9600,12800,'p'),(12800,16000,'p')]"
1459,/Users/ssankey/PycharmProjects/AdvReverb/data/SpeechCommands/speech_commands_v0.02/wow/82d0d3ba_nohash_0.wav,29,"[(0,3200,'p'),(3200,6400,'p'),(6400,9600,'p'),(9600,12800,'p'),(12800,16000,'p')]"
1460,/Users/ssankey/PycharmProjects/AdvReverb/data/SpeechCommands/speech_commands_v0.02/wow/af130f12_nohash_0.wav,29,"[(0,3200,'p'),(3200,6400,'p'),(6400,9600,'p'),(9600,12800,'p'),(12800,16000,'p')]"
1461,/Users/ssankey/PycharmProjects/AdvReverb/data/SpeechCommands/speech_commands_v0.02/wow/c518d1b1_nohash_0.wav,29,"[(0,3200,'p'),(3200,6400,'p'),(6400,9600,'p'),(9600,12800,'p'),(12800,16000,'p')]"
1462,/Users/ssankey/PycharmProjects/AdvReverb/data/SpeechCommands/speech_commands_v0.02/wow/bb05582b_nohash_0.wav,29,"[(0,3200,'p'),(3200,6400,'p'),(6400,9600,'p'),(9600,12800,'p'),(12800,16000,'p')]"
1463,/Users/ssankey/PycharmProjects/AdvReverb/data/SpeechCommands/speech_commands_v0.02/wow/af405b69_nohash_0.wav,29,"[(0,3200,'p'),(3200,6400,'p'),(6400,9600,'p'),(9600,12800,'p'),(12800,16000,'p')]"
1464,/Users/ssankey/PycharmProjects/AdvReverb/data/SpeechCommands/speech_commands_v0.02/wow/adebe223_nohash_0.wav,29,"[(0,3200,'p'),(3200,6400,'p'),(6400,9600,'p'),(9600,12800,'p'),(12800,16000,'p')]"
1465,/Users/ssankey/PycharmProjects/AdvReverb/data/SpeechCommands/speech_commands_v0.02/wow/f2e59fea_nohash_0.wav,29,"[(0,3200,'p'),(3200,6400,'p'),(6400,9600,'p'),(9600,12800,'p'),(12800,16000,'p')]"
1466,/Users/ssankey/PycharmProjects/AdvReverb/data/SpeechCommands/speech_commands_v0.02/wow/8fe52b97_nohash_1.wav,29,"[(0,3200,'p'),(3200,6400,'p'),(6400,9600,'p'),(9600,12800,'p'),(12800,16000,'p')]"
1467,/Users/ssankey/PycharmProjects/AdvReverb/data/SpeechCommands/speech_commands_v0.02/wow/18f8afd5_nohash_0.wav,29,"[(0,3200,'p'),(3200,6400,'p'),(6400,9600,'p'),(9600,12800,'p'),(12800,16000,'p')]"
1468,/Users/ssankey/PycharmProjects/AdvReverb/data/SpeechCommands/speech_commands_v0.02/wow/44260689_nohash_0.wav,29,"[(0,3200,'p'),(3200,6400,'p'),(6400,9600,'p'),(9600,12800,'p'),(12800,16000,'p')]"
1469,/Users/ssankey/PycharmProjects/AdvReverb/data/SpeechCommands/speech_commands_v0.02/wow/881583a6_nohash_0.wav,29,"[(0,3200,'p'),(3200,6400,'p'),(6400,9600,'p'),(9600,12800,'p'),(12800,16000,'p')]"
1470,/Users/ssankey/PycharmProjects/AdvReverb/data/SpeechCommands/speech_commands_v0.02/wow/881583a6_nohash_1.wav,29,"[(0,3200,'p'),(3200,6400,'p'),(6400,9600,'p'),(9600,12800,'p'),(12800,16000,'p')]"
1471,/Users/ssankey/PycharmProjects/AdvReverb/data/SpeechCommands/speech_commands_v0.02/wow/d91a159e_nohash_0.wav,29,"[(0,3200,'p'),(3200,6400,'p'),(6400,9600,'p'),(9600,12800,'p'),(12800,16000,'p')]"
1472,/Users/ssankey/PycharmProjects/AdvReverb/data/SpeechCommands/speech_commands_v0.02/wow/8c7f81df_nohash_0.wav,29,"[(0,3200,'p'),(3200,6400,'p'),(6400,9600,'p'),(9600,12800,'p'),(12800,16000,'p')]"
1473,/Users/ssankey/PycharmProjects/AdvReverb/data/SpeechCommands/speech_commands_v0.02/wow/6f689791_nohash_0.wav,29,"[(0,3200,'p'),(3200,6400,'p'),(6400,9600,'p'),(9600,12800,'p'),(12800,16000,'p')]"
1474,/Users/ssankey/PycharmProjects/AdvReverb/data/SpeechCommands/speech_commands_v0.02/wow/44260689_nohash_1.wav,29,"[(0,3200,'p'),(3200,6400,'p'),(6400,9600,'p'),(9600,12800,'p'),(12800,16000,'p')]"
1475,/Users/ssankey/PycharmProjects/AdvReverb/data/SpeechCommands/speech_commands_v0.02/wow/8fe52b97_nohash_0.wav,29,"[(0,3200,'p'),(3200,6400,'p'),(6400,9600,'p'),(9600,12800,'p'),(12800,16000,'p')]"
1476,/Users/ssankey/PycharmProjects/AdvReverb/data/SpeechCommands/speech_commands_v0.02/wow/af405b69_nohash_1.wav,29,"[(0,3200,'p'),(3200,6400,'p'),(6400,9600,'p'),(9600,12800,'p'),(12800,16000,'p')]"
1477,/Users/ssankey/PycharmProjects/AdvReverb/data/SpeechCommands/speech_commands_v0.02/wow/563aa4e6_nohash_0.wav,29,"[(0,3200,'p'),(3200,6400,'p'),(6400,9600,'p'),(9600,12800,'p'),(12800,16000,'p')]"
1478,/Users/ssankey/PycharmProjects/AdvReverb/data/SpeechCommands/speech_commands_v0.02/wow/97f4c236_nohash_0.wav,29,"[(0,3200,'p'),(3200,6400,'p'),(6400,9600,'p'),(9600,12800,'p'),(12800,16000,'p')]"
1479,/Users/ssankey/PycharmProjects/AdvReverb/data/SpeechCommands/speech_commands_v0.02/wow/c518d1b1_nohash_1.wav,29,"[(0,3200,'p'),(3200,6400,'p'),(6400,9600,'p'),(9600,12800,'p'),(12800,16000,'p')]"
1480,/Users/ssankey/PycharmProjects/AdvReverb/data/SpeechCommands/speech_commands_v0.02/wow/ffb86d3c_nohash_0.wav,29,"[(0,3200,'p'),(3200,6400,'p'),(6400,9600,'p'),(9600,12800,'p'),(12800,16000,'p')]"
1481,/Users/ssankey/PycharmProjects/AdvReverb/data/SpeechCommands/speech_commands_v0.02/wow/4a0e2c16_nohash_0.wav,29,"[(0,3200,'p'),(3200,6400,'p'),(6400,9600,'p'),(9600,12800,'p'),(12800,16000,'p')]"
1482,/Users/ssankey/PycharmProjects/AdvReverb/data/SpeechCommands/speech_commands_v0.02/wow/3d86b69a_nohash_0.wav,29,"[(0,3200,'p'),(3200,6400,'p'),(6400,9600,'p'),(9600,12800,'p'),(12800,16000,'p')]"
1483,/Users/ssankey/PycharmProjects/AdvReverb/data/SpeechCommands/speech_commands_v0.02/wow/e41a903b_nohash_0.wav,29,"[(0,3200,'p'),(3200,6400,'p'),(6400,9600,'p'),(9600,12800,'p'),(12800,16000,'p')]"
1484,/Users/ssankey/PycharmProjects/AdvReverb/data/SpeechCommands/speech_commands_v0.02/wow/692a88e6_nohash_0.wav,29,"[(0,3200,'p'),(3200,6400,'p'),(6400,9600,'p'),(9600,12800,'p'),(12800,16000,'p')]"
1485,/Users/ssankey/PycharmProjects/AdvReverb/data/SpeechCommands/speech_commands_v0.02/wow/2d82a556_nohash_0.wav,29,"[(0,3200,'p'),(3200,6400,'p'),(6400,9600,'p'),(9600,12800,'p'),(12800,16000,'p')]"
1486,/Users/ssankey/PycharmProjects/AdvReverb/data/SpeechCommands/speech_commands_v0.02/wow/4a0e2c16_nohash_1.wav,29,"[(0,3200,'p'),(3200,6400,'p'),(6400,9600,'p'),(9600,12800,'p'),(12800,16000,'p')]"
1487,/Users/ssankey/PycharmProjects/AdvReverb/data/SpeechCommands/speech_commands_v0.02/wow/d5ca80c6_nohash_0.wav,29,"[(0,3200,'p'),(3200,6400,'p'),(6400,9600,'p'),(9600,12800,'p'),(12800,16000,'p')]"
1488,/Users/ssankey/PycharmProjects/AdvReverb/data/SpeechCommands/speech_commands_v0.02/wow/9e2ce5e3_nohash_0.wav,29,"[(0,3200,'p'),(3200,6400,'p'),(6400,9600,'p'),(9600,12800,'p'),(12800,16000,'p')]"
1489,/Users/ssankey/PycharmProjects/AdvReverb/data/SpeechCommands/speech_commands_v0.02/wow/aa80f517_nohash_0.wav,29,"[(0,3200,'p'),(3200,6400,'p'),(6400,9600,'p'),(9600,12800,'p'),(12800,16000,'p')]"
1490,/Users/ssankey/PycharmProjects/AdvReverb/data/SpeechCommands/speech_commands_v0.02/wow/67961766_nohash_0.wav,29,"[(0,3200,'p'),(3200,6400,'p'),(6400,9600,'p'),(9600,12800,'p'),(12800,16000,'p')]"
1491,/Users/ssankey/PycharmProjects/AdvReverb/data/SpeechCommands/speech_commands_v0.02/wow/553f1a79_nohash_0.wav,29,"[(0,3200,'p'),(3200,6400,'p'),(6400,9600,'p'),(9600,12800,'p'),(12800,16000,'p')]"
1492,/Users/ssankey/PycharmProjects/AdvReverb/data/SpeechCommands/speech_commands_v0.02/wow/58d174ca_nohash_0.wav,29,"[(0,3200,'p'),(3200,6400,'p'),(6400,9600,'p'),(9600,12800,'p'),(12800,16000,'p')]"
1493,/Users/ssankey/PycharmProjects/AdvReverb/data/SpeechCommands/speech_commands_v0.02/wow/c9b5ff26_nohash_0.wav,29,"[(0,3200,'p'),(3200,6400,'p'),(6400,9600,'p'),(9600,12800,'p'),(12800,16000,'p')]"
1494,/Users/ssankey/PycharmProjects/AdvReverb/data/SpeechCommands/speech_commands_v0.02/wow/cfbedff9_nohash_0.wav,29,"[(0,3200,'p'),(3200,6400,'p'),(6400,9600,'p'),(9600,12800,'p'),(12800,16000,'p')]"
1495,/Users/ssankey/PycharmProjects/AdvReverb/data/SpeechCommands/speech_commands_v0.02/wow/4fd1443e_nohash_0.wav,29,"[(0,3200,'p'),(3200,6400,'p'),(6400,9600,'p'),(9600,12800,'p'),(12800,16000,'p')]"
1496,/Users/ssankey/PycharmProjects/AdvReverb/data/SpeechCommands/speech_commands_v0.02/wow/4290ca61_nohash_1.wav,29,"[(0,3200,'p'),(3200,6400,'p'),(6400,9600,'p'),(9600,12800,'p'),(12800,16000,'p')]"
1497,/Users/ssankey/PycharmProjects/AdvReverb/data/SpeechCommands/speech_commands_v0.02/wow/0f250098_nohash_0.wav,29,"[(0,3200,'p'),(3200,6400,'p'),(6400,9600,'p'),(9600,12800,'p'),(12800,16000,'p')]"
1498,/Users/ssankey/PycharmProjects/AdvReverb/data/SpeechCommands/speech_commands_v0.02/wow/0f250098_nohash_1.wav,29,"[(0,3200,'p'),(3200,6400,'p'),(6400,9600,'p'),(9600,12800,'p'),(12800,16000,'p')]"
1499,/Users/ssankey/PycharmProjects/AdvReverb/data/SpeechCommands/speech_commands_v0.02/wow/4290ca61_nohash_0.wav,29,"[(0,3200,'p'),(3200,6400,'p'),(6400,9600,'p'),(9600,12800,'p'),(12800,16000,'p')]"
1500,/Users/ssankey/PycharmProjects/AdvReverb/data/SpeechCommands/speech_commands_v0.02/backward/bb05582b_nohash_3.wav,30,"[(0,3200,'p'),(3200,6400,'p'),(6400,9600,'p'),(9600,12800,'p'),(12800,16000,'p')]"
1501,/Users/ssankey/PycharmProjects/AdvReverb/data/SpeechCommands/speech_commands_v0.02/backward/f2e59fea_nohash_3.wav,30,"[(0,3200,'p'),(3200,6400,'p'),(6400,9600,'p'),(9600,12800,'p'),(12800,16000,'p')]"
1502,/Users/ssankey/PycharmProjects/AdvReverb/data/SpeechCommands/speech_commands_v0.02/backward/c9b5ff26_nohash_4.wav,30,"[(0,3200,'p'),(3200,6400,'p'),(6400,9600,'p'),(9600,12800,'p'),(12800,16000,'p')]"
1503,/Users/ssankey/PycharmProjects/AdvReverb/data/SpeechCommands/speech_commands_v0.02/backward/18f8afd5_nohash_3.wav,30,"[(0,3200,'p'),(3200,6400,'p'),(6400,9600,'p'),(9600,12800,'p'),(12800,16000,'p')]"
1504,/Users/ssankey/PycharmProjects/AdvReverb/data/SpeechCommands/speech_commands_v0.02/backward/837a0f64_nohash_1.wav,30,"[(0,3200,'p'),(3200,6400,'p'),(6400,9600,'p'),(9600,12800,'p'),(12800,16000,'p')]"
1505,/Users/ssankey/PycharmProjects/AdvReverb/data/SpeechCommands/speech_commands_v0.02/backward/e49428d9_nohash_0.wav,30,"[(0,3200,'p'),(3200,6400,'p'),(6400,9600,'p'),(9600,12800,'p'),(12800,16000,'p')]"
1506,/Users/ssankey/PycharmProjects/AdvReverb/data/SpeechCommands/speech_commands_v0.02/backward/837a0f64_nohash_0.wav,30,"[(0,3200,'p'),(3200,6400,'p'),(6400,9600,'p'),(9600,12800,'p'),(12800,16000,'p')]"
1507,/Users/ssankey/PycharmProjects/AdvReverb/data/SpeechCommands/speech_commands_v0.02/backward/e49428d9_nohash_1.wav,30,"[(0,3200,'p'),(3200,6400,'p'),(6400,9600,'p'),(9600,12800,'p'),(12800,16000,'p')]"
1508,/Users/ssankey/PycharmProjects/AdvReverb/data/SpeechCommands/speech_commands_v0.02/backward/aa80f517_nohash_4.wav,30,"[(0,3200,'p'),(3200,6400,'p'),(6400,9600,'p'),(9600,12800,'p'),(12800,16000,'p')]"
1509,/Users/ssankey/PycharmProjects/AdvReverb/data/SpeechCommands/speech_commands_v0.02/backward/18f8afd5_nohash_2.wav,30,"[(0,3200,'p'),(3200,6400,'p'),(6400,9600,'p'),(9600,12800,'p'),(12800,16000,'p')]"
1510,/Users/ssankey/PycharmProjects/AdvReverb/data/SpeechCommands/speech_commands_v0.02/backward/f2e59fea_nohash_2.wav,30,"[(0,3200,'p'),(3200,6400,'p'),(6400,9600,'p'),(9600,12800,'p'),(12800,16000,'p')]"
1511,/Users/ssankey/PycharmProjects/AdvReverb/data/SpeechCommands/speech_commands_v0.02/backward/bb05582b_nohash_2.wav,30,"[(0,3200,'p'),(3200,6400,'p'),(6400,9600,'p'),(9600,12800,'p'),(12800,16000,'p')]"
1512,/Users/ssankey/PycharmProjects/AdvReverb/data/SpeechCommands/speech_commands_v0.02/backward/bb05582b_nohash_0.wav,30,"[(0,3200,'p'),(3200,6400,'p'),(6400,9600,'p'),(9600,12800,'p'),(12800,16000,'p')]"
1513,/Users/ssankey/PycharmProjects/AdvReverb/data/SpeechCommands/speech_commands_v0.02/backward/f2e59fea_nohash_0.wav,30,"[(0,3200,'p'),(3200,6400,'p'),(6400,9600,'p'),(9600,12800,'p'),(12800,16000,'p')]"
1514,/Users/ssankey/PycharmProjects/AdvReverb/data/SpeechCommands/speech_commands_v0.02/backward/18f8afd5_nohash_0.wav,30,"[(0,3200,'p'),(3200,6400,'p'),(6400,9600,'p'),(9600,12800,'p'),(12800,16000,'p')]"
1515,/Users/ssankey/PycharmProjects/AdvReverb/data/SpeechCommands/speech_commands_v0.02/backward/837a0f64_nohash_2.wav,30,"[(0,3200,'p'),(3200,6400,'p'),(6400,9600,'p'),(9600,12800,'p'),(12800,16000,'p')]"
1516,/Users/ssankey/PycharmProjects/AdvReverb/data/SpeechCommands/speech_commands_v0.02/backward/18f8afd5_nohash_1.wav,30,"[(0,3200,'p'),(3200,6400,'p'),(6400,9600,'p'),(9600,12800,'p'),(12800,16000,'p')]"
1517,/Users/ssankey/PycharmProjects/AdvReverb/data/SpeechCommands/speech_commands_v0.02/backward/f2e59fea_nohash_1.wav,30,"[(0,3200,'p'),(3200,6400,'p'),(6400,9600,'p'),(9600,12800,'p'),(12800,16000,'p')]"
1518,/Users/ssankey/PycharmProjects/AdvReverb/data/SpeechCommands/speech_commands_v0.02/backward/bb05582b_nohash_1.wav,30,"[(0,3200,'p'),(3200,6400,'p'),(6400,9600,'p'),(9600,12800,'p'),(12800,16000,'p')]"
1519,/Users/ssankey/PycharmProjects/AdvReverb/data/SpeechCommands/speech_commands_v0.02/backward/cfbedff9_nohash_2.wav,30,"[(0,3200,'p'),(3200,6400,'p'),(6400,9600,'p'),(9600,12800,'p'),(12800,16000,'p')]"
1520,/Users/ssankey/PycharmProjects/AdvReverb/data/SpeechCommands/speech_commands_v0.02/backward/c9b5ff26_nohash_2.wav,30,"[(0,3200,'p'),(3200,6400,'p'),(6400,9600,'p'),(9600,12800,'p'),(12800,16000,'p')]"
1521,/Users/ssankey/PycharmProjects/AdvReverb/data/SpeechCommands/speech_commands_v0.02/backward/aa80f517_nohash_3.wav,30,"[(0,3200,'p'),(3200,6400,'p'),(6400,9600,'p'),(9600,12800,'p'),(12800,16000,'p')]"
1522,/Users/ssankey/PycharmProjects/AdvReverb/data/SpeechCommands/speech_commands_v0.02/backward/3d86b69a_nohash_1.wav,30,"[(0,3200,'p'),(3200,6400,'p'),(6400,9600,'p'),(9600,12800,'p'),(12800,16000,'p')]"
1523,/Users/ssankey/PycharmProjects/AdvReverb/data/SpeechCommands/speech_commands_v0.02/backward/3d86b69a_nohash_0.wav,30,"[(0,3200,'p'),(3200,6400,'p'),(6400,9600,'p'),(9600,12800,'p'),(12800,16000,'p')]"
1524,/Users/ssankey/PycharmProjects/AdvReverb/data/SpeechCommands/speech_commands_v0.02/backward/aa80f517_nohash_2.wav,30,"[(0,3200,'p'),(3200,6400,'p'),(6400,9600,'p'),(9600,12800,'p'),(12800,16000,'p')]"
1525,/Users/ssankey/PycharmProjects/AdvReverb/data/SpeechCommands/speech_commands_v0.02/backward/c9b5ff26_nohash_3.wav,30,"[(0,3200,'p'),(3200,6400,'p'),(6400,9600,'p'),(9600,12800,'p'),(12800,16000,'p')]"
1526,/Users/ssankey/PycharmProjects/AdvReverb/data/SpeechCommands/speech_commands_v0.02/backward/cfbedff9_nohash_3.wav,30,"[(0,3200,'p'),(3200,6400,'p'),(6400,9600,'p'),(9600,12800,'p'),(12800,16000,'p')]"
1527,/Users/ssankey/PycharmProjects/AdvReverb/data/SpeechCommands/speech_commands_v0.02/backward/18f8afd5_nohash_4.wav,30,"[(0,3200,'p'),(3200,6400,'p'),(6400,9600,'p'),(9600,12800,'p'),(12800,16000,'p')]"
1528,/Users/ssankey/PycharmProjects/AdvReverb/data/SpeechCommands/speech_commands_v0.02/backward/f2e59fea_nohash_4.wav,30,"[(0,3200,'p'),(3200,6400,'p'),(6400,9600,'p'),(9600,12800,'p'),(12800,16000,'p')]"
1529,/Users/ssankey/PycharmProjects/AdvReverb/data/SpeechCommands/speech_commands_v0.02/backward/bb05582b_nohash_4.wav,30,"[(0,3200,'p'),(3200,6400,'p'),(6400,9600,'p'),(9600,12800,'p'),(12800,16000,'p')]"
1530,/Users/ssankey/PycharmProjects/AdvReverb/data/SpeechCommands/speech_commands_v0.02/backward/cfbedff9_nohash_1.wav,30,"[(0,3200,'p'),(3200,6400,'p'),(6400,9600,'p'),(9600,12800,'p'),(12800,16000,'p')]"
1531,/Users/ssankey/PycharmProjects/AdvReverb/data/SpeechCommands/speech_commands_v0.02/backward/c9b5ff26_nohash_1.wav,30,"[(0,3200,'p'),(3200,6400,'p'),(6400,9600,'p'),(9600,12800,'p'),(12800,16000,'p')]"
1532,/Users/ssankey/PycharmProjects/AdvReverb/data/SpeechCommands/speech_commands_v0.02/backward/aa80f517_nohash_0.wav,30,"[(0,3200,'p'),(3200,6400,'p'),(6400,9600,'p'),(9600,12800,'p'),(12800,16000,'p')]"
1533,/Users/ssankey/PycharmProjects/AdvReverb/data/SpeechCommands/speech_commands_v0.02/backward/3d86b69a_nohash_2.wav,30,"[(0,3200,'p'),(3200,6400,'p'),(6400,9600,'p'),(9600,12800,'p'),(12800,16000,'p')]"
1534,/Users/ssankey/PycharmProjects/AdvReverb/data/SpeechCommands/speech_commands_v0.02/backward/3d86b69a_nohash_3.wav,30,"[(0,3200,'p'),(3200,6400,'p'),(6400,9600,'p'),(9600,12800,'p'),(12800,16000,'p')]"
1535,/Users/ssankey/PycharmProjects/AdvReverb/data/SpeechCommands/speech_commands_v0.02/backward/aa80f517_nohash_1.wav,30,"[(0,3200,'p'),(3200,6400,'p'),(6400,9600,'p'),(9600,12800,'p'),(12800,16000,'p')]"
1536,/Users/ssankey/PycharmProjects/AdvReverb/data/SpeechCommands/speech_commands_v0.02/backward/c9b5ff26_nohash_0.wav,30,"[(0,3200,'p'),(3200,6400,'p'),(6400,9600,'p'),(9600,12800,'p'),(12800,16000,'p')]"
1537,/Users/ssankey/PycharmProjects/AdvReverb/data/SpeechCommands/speech_commands_v0.02/backward/cfbedff9_nohash_0.wav,30,"[(0,3200,'p'),(3200,6400,'p'),(6400,9600,'p'),(9600,12800,'p'),(12800,16000,'p')]"
1538,/Users/ssankey/PycharmProjects/AdvReverb/data/SpeechCommands/speech_commands_v0.02/backward/4fd1443e_nohash_0.wav,30,"[(0,3200,'p'),(3200,6400,'p'),(6400,9600,'p'),(9600,12800,'p'),(12800,16000,'p')]"
1539,/Users/ssankey/PycharmProjects/AdvReverb/data/SpeechCommands/speech_commands_v0.02/backward/d962e5ac_nohash_3.wav,30,"[(0,3200,'p'),(3200,6400,'p'),(6400,9600,'p'),(9600,12800,'p'),(12800,16000,'p')]"
1540,/Users/ssankey/PycharmProjects/AdvReverb/data/SpeechCommands/speech_commands_v0.02/backward/d962e5ac_nohash_2.wav,30,"[(0,3200,'p'),(3200,6400,'p'),(6400,9600,'p'),(9600,12800,'p'),(12800,16000,'p')]"
1541,/Users/ssankey/PycharmProjects/AdvReverb/data/SpeechCommands/speech_commands_v0.02/backward/4fd1443e_nohash_1.wav,30,"[(0,3200,'p'),(3200,6400,'p'),(6400,9600,'p'),(9600,12800,'p'),(12800,16000,'p')]"
1542,/Users/ssankey/PycharmProjects/AdvReverb/data/SpeechCommands/speech_commands_v0.02/backward/4fd1443e_nohash_3.wav,30,"[(0,3200,'p'),(3200,6400,'p'),(6400,9600,'p'),(9600,12800,'p'),(12800,16000,'p')]"
1543,/Users/ssankey/PycharmProjects/AdvReverb/data/SpeechCommands/speech_commands_v0.02/backward/d962e5ac_nohash_0.wav,30,"[(0,3200,'p'),(3200,6400,'p'),(6400,9600,'p'),(9600,12800,'p'),(12800,16000,'p')]"
1544,/Users/ssankey/PycharmProjects/AdvReverb/data/SpeechCommands/speech_commands_v0.02/backward/d962e5ac_nohash_1.wav,30,"[(0,3200,'p'),(3200,6400,'p'),(6400,9600,'p'),(9600,12800,'p'),(12800,16000,'p')]"
1545,/Users/ssankey/PycharmProjects/AdvReverb/data/SpeechCommands/speech_commands_v0.02/backward/4fd1443e_nohash_2.wav,30,"[(0,3200,'p'),(3200,6400,'p'),(6400,9600,'p'),(9600,12800,'p'),(12800,16000,'p')]"
1546,/Users/ssankey/PycharmProjects/AdvReverb/data/SpeechCommands/speech_commands_v0.02/backward/c7dc7278_nohash_3.wav,30,"[(0,3200,'p'),(3200,6400,'p'),(6400,9600,'p'),(9600,12800,'p'),(12800,16000,'p')]"
1547,/Users/ssankey/PycharmProjects/AdvReverb/data/SpeechCommands/speech_commands_v0.02/backward/03401e93_nohash_1.wav,30,"[(0,3200,'p'),(3200,6400,'p'),(6400,9600,'p'),(9600,12800,'p'),(12800,16000,'p')]"
1548,/Users/ssankey/PycharmProjects/AdvReverb/data/SpeechCommands/speech_commands_v0.02/backward/5f01c798_nohash_1.wav,30,"[(0,3200,'p'),(3200,6400,'p'),(6400,9600,'p'),(9600,12800,'p'),(12800,16000,'p')]"
1549,/Users/ssankey/PycharmProjects/AdvReverb/data/SpeechCommands/speech_commands_v0.02/backward/4c6167ca_nohash_1.wav,30,"[(0,3200,'p'),(3200,6400,'p'),(6400,9600,'p'),(9600,12800,'p'),(12800,16000,'p')]"
1550,/Users/ssankey/PycharmProjects/AdvReverb/data/SpeechCommands/speech_commands_v0.02/follow/bb05582b_nohash_3.wav,31,"[(0,3200,'p'),(3200,6400,'p'),(6400,9600,'p'),(9600,12800,'p'),(12800,16000,'p')]"
1551,/Users/ssankey/PycharmProjects/AdvReverb/data/SpeechCommands/speech_commands_v0.02/follow/f2e59fea_nohash_3.wav,31,"[(0,3200,'p'),(3200,6400,'p'),(6400,9600,'p'),(9600,12800,'p'),(12800,16000,'p')]"
1552,/Users/ssankey/PycharmProjects/AdvReverb/data/SpeechCommands/speech_commands_v0.02/follow/18f8afd5_nohash_3.wav,31,"[(0,3200,'p'),(3200,6400,'p'),(6400,9600,'p'),(9600,12800,'p'),(12800,16000,'p')]"
1553,/Users/ssankey/PycharmProjects/AdvReverb/data/SpeechCommands/speech_commands_v0.02/follow/837a0f64_nohash_1.wav,31,"[(0,3200,'p'),(3200,6400,'p'),(6400,9600,'p'),(9600,12800,'p'),(12800,16000,'p')]"
1554,/Users/ssankey/PycharmProjects/AdvReverb/data/SpeechCommands/speech_commands_v0.02/follow/e49428d9_nohash_0.wav,31,"[(0,3200,'p'),(3200,6400,'p'),(6400,9600,'p'),(9600,12800,'p'),(12800,16000,'p')]"
1555,/Users/ssankey/PycharmProjects/AdvReverb/data/SpeechCommands/speech_commands_v0.02/follow/837a0f64_nohash_0.wav,31,"[(0,3200,'p'),(3200,6400,'p'),(6400,9600,'p'),(9600,12800,'p'),(12800,16000,'p')]"
1556,/Users/ssankey/PycharmProjects/AdvReverb/data/SpeechCommands/speech_commands_v0.02/follow/e49428d9_nohash_1.wav,31,"[(0,3200,'p'),(3200,6400,'p'),(6400,9600,'p'),(9600,12800,'p'),(12800,16000,'p')]"
1557,/Users/ssankey/PycharmProjects/AdvReverb/data/SpeechCommands/speech_commands_v0.02/follow/18f8afd5_nohash_2.wav,31,"[(0,3200,'p'),(3200,6400,'p'),(6400,9600,'p'),(9600,12800,'p'),(12800,16000,'p')]"
1558,/Users/ssankey/PycharmProjects/AdvReverb/data/SpeechCommands/speech_commands_v0.02/follow/f2e59fea_nohash_2.wav,31,"[(0,3200,'p'),(3200,6400,'p'),(6400,9600,'p'),(9600,12800,'p'),(12800,16000,'p')]"
1559,/Users/ssankey/PycharmProjects/AdvReverb/data/SpeechCommands/speech_commands_v0.02/follow/82d0d3ba_nohash_0.wav,31,"[(0,3200,'p'),(3200,6400,'p'),(6400,9600,'p'),(9600,12800,'p'),(12800,16000,'p')]"
1560,/Users/ssankey/PycharmProjects/AdvReverb/data/SpeechCommands/speech_commands_v0.02/follow/bb05582b_nohash_2.wav,31,"[(0,3200,'p'),(3200,6400,'p'),(6400,9600,'p'),(9600,12800,'p'),(12800,16000,'p')]"
1561,/Users/ssankey/PycharmProjects/AdvReverb/data/SpeechCommands/speech_commands_v0.02/follow/bb05582b_nohash_0.wav,31,"[(0,3200,'p'),(3200,6400,'p'),(6400,9600,'p'),(9600,12800,'p'),(12800,16000,'p')]"
1562,/Users/ssankey/PycharmProjects/AdvReverb/data/SpeechCommands/speech_commands_v0.02/follow/f2e59fea_nohash_0.wav,31,"[(0,3200,'p'),(3200,6400,'p'),(6400,9600,'p'),(9600,12800,'p'),(12800,16000,'p')]"
1563,/Users/ssankey/PycharmProjects/AdvReverb/data/SpeechCommands/speech_commands_v0.02/follow/18f8afd5_nohash_0.wav,31,"[(0,3200,'p'),(3200,6400,'p'),(6400,9600,'p'),(9600,12800,'p'),(12800,16000,'p')]"
1564,/Users/ssankey/PycharmProjects/AdvReverb/data/SpeechCommands/speech_commands_v0.02/follow/e49428d9_nohash_3.wav,31,"[(0,3200,'p'),(3200,6400,'p'),(6400,9600,'p'),(9600,12800,'p'),(12800,16000,'p')]"
1565,/Users/ssankey/PycharmProjects/AdvReverb/data/SpeechCommands/speech_commands_v0.02/follow/837a0f64_nohash_2.wav,31,"[(0,3200,'p'),(3200,6400,'p'),(6400,9600,'p'),(9600,12800,'p'),(12800,16000,'p')]"
1566,/Users/ssankey/PycharmProjects/AdvReverb/data/SpeechCommands/speech_commands_v0.02/follow/e49428d9_nohash_2.wav,31,"[(0,3200,'p'),(3200,6400,'p'),(6400,9600,'p'),(9600,12800,'p'),(12800,16000,'p')]"
1567,/Users/ssankey/PycharmProjects/AdvReverb/data/SpeechCommands/speech_commands_v0.02/follow/837a0f64_nohash_3.wav,31,"[(0,3200,'p'),(3200,6400,'p'),(6400,9600,'p'),(9600,12800,'p'),(12800,16000,'p')]"
1568,/Users/ssankey/PycharmProjects/AdvReverb/data/SpeechCommands/speech_commands_v0.02/follow/18f8afd5_nohash_1.wav,31,"[(0,3200,'p'),(3200,6400,'p'),(6400,9600,'p'),(9600,12800,'p'),(12800,16000,'p')]"
1569,/Users/ssankey/PycharmProjects/AdvReverb/data/SpeechCommands/speech_commands_v0.02/follow/f2e59fea_nohash_1.wav,31,"[(0,3200,'p'),(3200,6400,'p'),(6400,9600,'p'),(9600,12800,'p'),(12800,16000,'p')]"
1570,/Users/ssankey/PycharmProjects/AdvReverb/data/SpeechCommands/speech_commands_v0.02/follow/bb05582b_nohash_1.wav,31,"[(0,3200,'p'),(3200,6400,'p'),(6400,9600,'p'),(9600,12800,'p'),(12800,16000,'p')]"
1571,/Users/ssankey/PycharmProjects/AdvReverb/data/SpeechCommands/speech_commands_v0.02/follow/cfbedff9_nohash_2.wav,31,"[(0,3200,'p'),(3200,6400,'p'),(6400,9600,'p'),(9600,12800,'p'),(12800,16000,'p')]"
1572,/Users/ssankey/PycharmProjects/AdvReverb/data/SpeechCommands/speech_commands_v0.02/follow/c9b5ff26_nohash_2.wav,31,"[(0,3200,'p'),(3200,6400,'p'),(6400,9600,'p'),(9600,12800,'p'),(12800,16000,'p')]"
1573,/Users/ssankey/PycharmProjects/AdvReverb/data/SpeechCommands/speech_commands_v0.02/follow/a80f9f53_nohash_1.wav,31,"[(0,3200,'p'),(3200,6400,'p'),(6400,9600,'p'),(9600,12800,'p'),(12800,16000,'p')]"
1574,/Users/ssankey/PycharmProjects/AdvReverb/data/SpeechCommands/speech_commands_v0.02/follow/aa80f517_nohash_3.wav,31,"[(0,3200,'p'),(3200,6400,'p'),(6400,9600,'p'),(9600,12800,'p'),(12800,16000,'p')]"
1575,/Users/ssankey/PycharmProjects/AdvReverb/data/SpeechCommands/speech_commands_v0.02/follow/3d86b69a_nohash_1.wav,31,"[(0,3200,'p'),(3200,6400,'p'),(6400,9600,'p'),(9600,12800,'p'),(12800,16000,'p')]"
1576,/Users/ssankey/PycharmProjects/AdvReverb/data/SpeechCommands/speech_commands_v0.02/follow/3d86b69a_nohash_0.wav,31,"[(0,3200,'p'),(3200,6400,'p'),(6400,9600,'p'),(9600,12800,'p'),(12800,16000,'p')]"
1577,/Users/ssankey/PycharmProjects/AdvReverb/data/SpeechCommands/speech_commands_v0.02/follow/0bac8a71_nohash_0.wav,31,"[(0,3200,'p'),(3200,6400,'p'),(6400,9600,'p'),(9600,12800,'p'),(12800,16000,'p')]"
1578,/Users/ssankey/PycharmProjects/AdvReverb/data/SpeechCommands/speech_commands_v0.02/follow/aa80f517_nohash_2.wav,31,"[(0,3200,'p'),(3200,6400,'p'),(6400,9600,'p'),(9600,12800,'p'),(12800,16000,'p')]"
1579,/Users/ssankey/PycharmProjects/AdvReverb/data/SpeechCommands/speech_commands_v0.02/follow/a80f9f53_nohash_0.wav,31,"[(0,3200,'p'),(3200,6400,'p'),(6400,9600,'p'),(9600,12800,'p'),(12800,16000,'p')]"
1580,/Users/ssankey/PycharmProjects/AdvReverb/data/SpeechCommands/speech_commands_v0.02/follow/cfbedff9_nohash_3.wav,31,"[(0,3200,'p'),(3200,6400,'p'),(6400,9600,'p'),(9600,12800,'p'),(12800,16000,'p')]"
1581,/Users/ssankey/PycharmProjects/AdvReverb/data/SpeechCommands/speech_commands_v0.02/follow/18f8afd5_nohash_4.wav,31,"[(0,3200,'p'),(3200,6400,'p'),(6400,9600,'p'),(9600,12800,'p'),(12800,16000,'p')]"
1582,/Users/ssankey/PycharmProjects/AdvReverb/data/SpeechCommands/speech_commands_v0.02/follow/f2e59fea_nohash_4.wav,31,"[(0,3200,'p'),(3200,6400,'p'),(6400,9600,'p'),(9600,12800,'p'),(12800,16000,'p')]"
1583,/Users/ssankey/PycharmProjects/AdvReverb/data/SpeechCommands/speech_commands_v0.02/follow/cfbedff9_nohash_1.wav,31,"[(0,3200,'p'),(3200,6400,'p'),(6400,9600,'p'),(9600,12800,'p'),(12800,16000,'p')]"
1584,/Users/ssankey/PycharmProjects/AdvReverb/data/SpeechCommands/speech_commands_v0.02/follow/c9b5ff26_nohash_1.wav,31,"[(0,3200,'p'),(3200,6400,'p'),(6400,9600,'p'),(9600,12800,'p'),(12800,16000,'p')]"
1585,/Users/ssankey/PycharmProjects/AdvReverb/data/SpeechCommands/speech_commands_v0.02/follow/aa80f517_nohash_0.wav,31,"[(0,3200,'p'),(3200,6400,'p'),(6400,9600,'p'),(9600,12800,'p'),(12800,16000,'p')]"
1586,/Users/ssankey/PycharmProjects/AdvReverb/data/SpeechCommands/speech_commands_v0.02/follow/3d86b69a_nohash_2.wav,31,"[(0,3200,'p'),(3200,6400,'p'),(6400,9600,'p'),(9600,12800,'p'),(12800,16000,'p')]"
1587,/Users/ssankey/PycharmProjects/AdvReverb/data/SpeechCommands/speech_commands_v0.02/follow/ea37ca08_nohash_0.wav,31,"[(0,3200,'p'),(3200,6400,'p'),(6400,9600,'p'),(9600,12800,'p'),(12800,16000,'p')]"
1588,/Users/ssankey/PycharmProjects/AdvReverb/data/SpeechCommands/speech_commands_v0.02/follow/aa80f517_nohash_1.wav,31,"[(0,3200,'p'),(3200,6400,'p'),(6400,9600,'p'),(9600,12800,'p'),(12800,16000,'p')]"
1589,/Users/ssankey/PycharmProjects/AdvReverb/data/SpeechCommands/speech_commands_v0.02/follow/c9b5ff26_nohash_0.wav,31,"[(0,3200,'p'),(3200,6400,'p'),(6400,9600,'p'),(9600,12800,'p'),(12800,16000,'p')]"
1590,/Users/ssankey/PycharmProjects/AdvReverb/data/SpeechCommands/speech_commands_v0.02/follow/cfbedff9_nohash_0.wav,31,"[(0,3200,'p'),(3200,6400,'p'),(6400,9600,'p'),(9600,12800,'p'),(12800,16000,'p')]"
1591,/Users/ssankey/PycharmProjects/AdvReverb/data/SpeechCommands/speech_commands_v0.02/follow/40c4e774_nohash_0.wav,31,"[(0,3200,'p'),(3200,6400,'p'),(6400,9600,'p'),(9600,12800,'p'),(12800,16000,'p')]"
1592,/Users/ssankey/PycharmProjects/AdvReverb/data/SpeechCommands/speech_commands_v0.02/follow/4fd1443e_nohash_0.wav,31,"[(0,3200,'p'),(3200,6400,'p'),(6400,9600,'p'),(9600,12800,'p'),(12800,16000,'p')]"
1593,/Users/ssankey/PycharmProjects/AdvReverb/data/SpeechCommands/speech_commands_v0.02/follow/4c6167ca_nohash_7.wav,31,"[(0,3200,'p'),(3200,6400,'p'),(6400,9600,'p'),(9600,12800,'p'),(12800,16000,'p')]"
1594,/Users/ssankey/PycharmProjects/AdvReverb/data/SpeechCommands/speech_commands_v0.02/follow/d962e5ac_nohash_3.wav,31,"[(0,3200,'p'),(3200,6400,'p'),(6400,9600,'p'),(9600,12800,'p'),(12800,16000,'p')]"
1595,/Users/ssankey/PycharmProjects/AdvReverb/data/SpeechCommands/speech_commands_v0.02/follow/d962e5ac_nohash_2.wav,31,"[(0,3200,'p'),(3200,6400,'p'),(6400,9600,'p'),(9600,12800,'p'),(12800,16000,'p')]"
1596,/Users/ssankey/PycharmProjects/AdvReverb/data/SpeechCommands/speech_commands_v0.02/follow/87070229_nohash_4.wav,31,"[(0,3200,'p'),(3200,6400,'p'),(6400,9600,'p'),(9600,12800,'p'),(12800,16000,'p')]"
1597,/Users/ssankey/PycharmProjects/AdvReverb/data/SpeechCommands/speech_commands_v0.02/follow/4c6167ca_nohash_6.wav,31,"[(0,3200,'p'),(3200,6400,'p'),(6400,9600,'p'),(9600,12800,'p'),(12800,16000,'p')]"
1598,/Users/ssankey/PycharmProjects/AdvReverb/data/SpeechCommands/speech_commands_v0.02/follow/c7dc7278_nohash_4.wav,31,"[(0,3200,'p'),(3200,6400,'p'),(6400,9600,'p'),(9600,12800,'p'),(12800,16000,'p')]"
1599,/Users/ssankey/PycharmProjects/AdvReverb/data/SpeechCommands/speech_commands_v0.02/follow/4c6167ca_nohash_4.wav,31,"[(0,3200,'p'),(3200,6400,'p'),(6400,9600,'p'),(9600,12800,'p'),(12800,16000,'p')]"
1600,/Users/ssankey/PycharmProjects/AdvReverb/data/SpeechCommands/speech_commands_v0.02/forward/bb05582b_nohash_3.wav,32,"[(0,3200,'p'),(3200,6400,'p'),(6400,9600,'p'),(9600,12800,'p'),(12800,16000,'p')]"
1601,/Users/ssankey/PycharmProjects/AdvReverb/data/SpeechCommands/speech_commands_v0.02/forward/f2e59fea_nohash_3.wav,32,"[(0,3200,'p'),(3200,6400,'p'),(6400,9600,'p'),(9600,12800,'p'),(12800,16000,'p')]"
1602,/Users/ssankey/PycharmProjects/AdvReverb/data/SpeechCommands/speech_commands_v0.02/forward/c9b5ff26_nohash_4.wav,32,"[(0,3200,'p'),(3200,6400,'p'),(6400,9600,'p'),(9600,12800,'p'),(12800,16000,'p')]"
1603,/Users/ssankey/PycharmProjects/AdvReverb/data/SpeechCommands/speech_commands_v0.02/forward/837a0f64_nohash_1.wav,32,"[(0,3200,'p'),(3200,6400,'p'),(6400,9600,'p'),(9600,12800,'p'),(12800,16000,'p')]"
1604,/Users/ssankey/PycharmProjects/AdvReverb/data/SpeechCommands/speech_commands_v0.02/forward/e49428d9_nohash_0.wav,32,"[(0,3200,'p'),(3200,6400,'p'),(6400,9600,'p'),(9600,12800,'p'),(12800,16000,'p')]"
1605,/Users/ssankey/PycharmProjects/AdvReverb/data/SpeechCommands/speech_commands_v0.02/forward/d1bf406b_nohash_0.wav,32,"[(0,3200,'p'),(3200,6400,'p'),(6400,9600,'p'),(9600,12800,'p'),(12800,16000,'p')]"
1606,/Users/ssankey/PycharmProjects/AdvReverb/data/SpeechCommands/speech_commands_v0.02/forward/837a0f64_nohash_0.wav,32,"[(0,3200,'p'),(3200,6400,'p'),(6400,9600,'p'),(9600,12800,'p'),(12800,16000,'p')]"
1607,/Users/ssankey/PycharmProjects/AdvReverb/data/SpeechCommands/speech_commands_v0.02/forward/e49428d9_nohash_1.wav,32,"[(0,3200,'p'),(3200,6400,'p'),(6400,9600,'p'),(9600,12800,'p'),(12800,16000,'p')]"
1608,/Users/ssankey/PycharmProjects/AdvReverb/data/SpeechCommands/speech_commands_v0.02/forward/f2e59fea_nohash_2.wav,32,"[(0,3200,'p'),(3200,6400,'p'),(6400,9600,'p'),(9600,12800,'p'),(12800,16000,'p')]"
1609,/Users/ssankey/PycharmProjects/AdvReverb/data/SpeechCommands/speech_commands_v0.02/forward/bb05582b_nohash_2.wav,32,"[(0,3200,'p'),(3200,6400,'p'),(6400,9600,'p'),(9600,12800,'p'),(12800,16000,'p')]"
1610,/Users/ssankey/PycharmProjects/AdvReverb/data/SpeechCommands/speech_commands_v0.02/forward/bb05582b_nohash_0.wav,32,"[(0,3200,'p'),(3200,6400,'p'),(6400,9600,'p'),(9600,12800,'p'),(12800,16000,'p')]"
1611,/Users/ssankey/PycharmProjects/AdvReverb/data/SpeechCommands/speech_commands_v0.02/forward/f2e59fea_nohash_0.wav,32,"[(0,3200,'p'),(3200,6400,'p'),(6400,9600,'p'),(9600,12800,'p'),(12800,16000,'p')]"
1612,/Users/ssankey/PycharmProjects/AdvReverb/data/SpeechCommands/speech_commands_v0.02/forward/18f8afd5_nohash_0.wav,32,"[(0,3200,'p'),(3200,6400,'p'),(6400,9600,'p'),(9600,12800,'p'),(12800,16000,'p')]"
1613,/Users/ssankey/PycharmProjects/AdvReverb/data/SpeechCommands/speech_commands_v0.02/forward/e49428d9_nohash_3.wav,32,"[(0,3200,'p'),(3200,6400,'p'),(6400,9600,'p'),(9600,12800,'p'),(12800,16000,'p')]"
1614,/Users/ssankey/PycharmProjects/AdvReverb/data/SpeechCommands/speech_commands_v0.02/forward/837a0f64_nohash_2.wav,32,"[(0,3200,'p'),(3200,6400,'p'),(6400,9600,'p'),(9600,12800,'p'),(12800,16000,'p')]"
1615,/Users/ssankey/PycharmProjects/AdvReverb/data/SpeechCommands/speech_commands_v0.02/forward/e49428d9_nohash_2.wav,32,"[(0,3200,'p'),(3200,6400,'p'),(6400,9600,'p'),(9600,12800,'p'),(12800,16000,'p')]"
1616,/Users/ssankey/PycharmProjects/AdvReverb/data/SpeechCommands/speech_commands_v0.02/forward/837a0f64_nohash_3.wav,32,"[(0,3200,'p'),(3200,6400,'p'),(6400,9600,'p'),(9600,12800,'p'),(12800,16000,'p')]"
1617,/Users/ssankey/PycharmProjects/AdvReverb/data/SpeechCommands/speech_commands_v0.02/forward/18f8afd5_nohash_1.wav,32,"[(0,3200,'p'),(3200,6400,'p'),(6400,9600,'p'),(9600,12800,'p'),(12800,16000,'p')]"
1618,/Users/ssankey/PycharmProjects/AdvReverb/data/SpeechCommands/speech_commands_v0.02/forward/f2e59fea_nohash_1.wav,32,"[(0,3200,'p'),(3200,6400,'p'),(6400,9600,'p'),(9600,12800,'p'),(12800,16000,'p')]"
1619,/Users/ssankey/PycharmProjects/AdvReverb/data/SpeechCommands/speech_commands_v0.02/forward/bb05582b_nohash_1.wav,32,"[(0,3200,'p'),(3200,6400,'p'),(6400,9600,'p'),(9600,12800,'p'),(12800,16000,'p')]"
1620,/Users/ssankey/PycharmProjects/AdvReverb/data/SpeechCommands/speech_commands_v0.02/forward/cfbedff9_nohash_2.wav,32,"[(0,3200,'p'),(3200,6400,'p'),(6400,9600,'p'),(9600,12800,'p'),(12800,16000,'p')]"
1621,/Users/ssankey/PycharmProjects/AdvReverb/data/SpeechCommands/speech_commands_v0.02/forward/c9b5ff26_nohash_2.wav,32,"[(0,3200,'p'),(3200,6400,'p'),(6400,9600,'p'),(9600,12800,'p'),(12800,16000,'p')]"
1622,/Users/ssankey/PycharmProjects/AdvReverb/data/SpeechCommands/speech_commands_v0.02/forward/aa80f517_nohash_3.wav,32,"[(0,3200,'p'),(3200,6400,'p'),(6400,9600,'p'),(9600,12800,'p'),(12800,16000,'p')]"
1623,/Users/ssankey/PycharmProjects/AdvReverb/data/SpeechCommands/speech_commands_v0.02/forward/964c7c9e_nohash_0.wav,32,"[(0,3200,'p'),(3200,6400,'p'),(6400,9600,'p'),(9600,12800,'p'),(12800,16000,'p')]"
1624,/Users/ssankey/PycharmProjects/AdvReverb/data/SpeechCommands/speech_commands_v0.02/forward/aa80f517_nohash_2.wav,32,"[(0,3200,'p'),(3200,6400,'p'),(6400,9600,'p'),(9600,12800,'p'),(12800,16000,'p')]"
1625,/Users/ssankey/PycharmProjects/AdvReverb/data/SpeechCommands/speech_commands_v0.02/forward/c9b5ff26_nohash_3.wav,32,"[(0,3200,'p'),(3200,6400,'p'),(6400,9600,'p'),(9600,12800,'p'),(12800,16000,'p')]"
1626,/Users/ssankey/PycharmProjects/AdvReverb/data/SpeechCommands/speech_commands_v0.02/forward/cfbedff9_nohash_3.wav,32,"[(0,3200,'p'),(3200,6400,'p'),(6400,9600,'p'),(9600,12800,'p'),(12800,16000,'p')]"
1627,/Users/ssankey/PycharmProjects/AdvReverb/data/SpeechCommands/speech_commands_v0.02/forward/bb05582b_nohash_4.wav,32,"[(0,3200,'p'),(3200,6400,'p'),(6400,9600,'p'),(9600,12800,'p'),(12800,16000,'p')]"
1628,/Users/ssankey/PycharmProjects/AdvReverb/data/SpeechCommands/speech_commands_v0.02/forward/cfbedff9_nohash_1.wav,32,"[(0,3200,'p'),(3200,6400,'p'),(6400,9600,'p'),(9600,12800,'p'),(12800,16000,'p')]"
1629,/Users/ssankey/PycharmProjects/AdvReverb/data/SpeechCommands/speech_commands_v0.02/forward/c9b5ff26_nohash_1.wav,32,"[(0,3200,'p'),(3200,6400,'p'),(6400,9600,'p'),(9600,12800,'p'),(12800,16000,'p')]"
1630,/Users/ssankey/PycharmProjects/AdvReverb/data/SpeechCommands/speech_commands_v0.02/forward/aa80f517_nohash_0.wav,32,"[(0,3200,'p'),(3200,6400,'p'),(6400,9600,'p'),(9600,12800,'p'),(12800,16000,'p')]"
1631,/Users/ssankey/PycharmProjects/AdvReverb/data/SpeechCommands/speech_commands_v0.02/forward/e49428d9_nohash_4.wav,32,"[(0,3200,'p'),(3200,6400,'p'),(6400,9600,'p'),(9600,12800,'p'),(12800,16000,'p')]"
1632,/Users/ssankey/PycharmProjects/AdvReverb/data/SpeechCommands/speech_commands_v0.02/forward/aa80f517_nohash_1.wav,32,"[(0,3200,'p'),(3200,6400,'p'),(6400,9600,'p'),(9600,12800,'p'),(12800,16000,'p')]"
1633,/Users/ssankey/PycharmProjects/AdvReverb/data/SpeechCommands/speech_commands_v0.02/forward/c9b5ff26_nohash_0.wav,32,"[(0,3200,'p'),(3200,6400,'p'),(6400,9600,'p'),(9600,12800,'p'),(12800,16000,'p')]"
1634,/Users/ssankey/PycharmProjects/AdvReverb/data/SpeechCommands/speech_commands_v0.02/forward/cfbedff9_nohash_0.wav,32,"[(0,3200,'p'),(3200,6400,'p'),(6400,9600,'p'),(9600,12800,'p'),(12800,16000,'p')]"
1635,/Users/ssankey/PycharmProjects/AdvReverb/data/SpeechCommands/speech_commands_v0.02/forward/4fd1443e_nohash_0.wav,32,"[(0,3200,'p'),(3200,6400,'p'),(6400,9600,'p'),(9600,12800,'p'),(12800,16000,'p')]"
1636,/Users/ssankey/PycharmProjects/AdvReverb/data/SpeechCommands/speech_commands_v0.02/forward/d962e5ac_nohash_3.wav,32,"[(0,3200,'p'),(3200,6400,'p'),(6400,9600,'p'),(9600,12800,'p'),(12800,16000,'p')]"
1637,/Users/ssankey/PycharmProjects/AdvReverb/data/SpeechCommands/speech_commands_v0.02/forward/d962e5ac_nohash_2.wav,32,"[(0,3200,'p'),(3200,6400,'p'),(6400,9600,'p'),(9600,12800,'p'),(12800,16000,'p')]"
1638,/Users/ssankey/PycharmProjects/AdvReverb/data/SpeechCommands/speech_commands_v0.02/forward/87070229_nohash_4.wav,32,"[(0,3200,'p'),(3200,6400,'p'),(6400,9600,'p'),(9600,12800,'p'),(12800,16000,'p')]"
1639,/Users/ssankey/PycharmProjects/AdvReverb/data/SpeechCommands/speech_commands_v0.02/forward/4fd1443e_nohash_1.wav,32,"[(0,3200,'p'),(3200,6400,'p'),(6400,9600,'p'),(9600,12800,'p'),(12800,16000,'p')]"
1640,/Users/ssankey/PycharmProjects/AdvReverb/data/SpeechCommands/speech_commands_v0.02/forward/4c6167ca_nohash_4.wav,32,"[(0,3200,'p'),(3200,6400,'p'),(6400,9600,'p'),(9600,12800,'p'),(12800,16000,'p')]"
1641,/Users/ssankey/PycharmProjects/AdvReverb/data/SpeechCommands/speech_commands_v0.02/forward/27e6f0f0_nohash_0.wav,32,"[(0,3200,'p'),(3200,6400,'p'),(6400,9600,'p'),(9600,12800,'p'),(12800,16000,'p')]"
1642,/Users/ssankey/PycharmProjects/AdvReverb/data/SpeechCommands/speech_commands_v0.02/forward/d962e5ac_nohash_0.wav,32,"[(0,3200,'p'),(3200,6400,'p'),(6400,9600,'p'),(9600,12800,'p'),(12800,16000,'p')]"
1643,/Users/ssankey/PycharmProjects/AdvReverb/data/SpeechCommands/speech_commands_v0.02/forward/d962e5ac_nohash_1.wav,32,"[(0,3200,'p'),(3200,6400,'p'),(6400,9600,'p'),(9600,12800,'p'),(12800,16000,'p')]"
1644,/Users/ssankey/PycharmProjects/AdvReverb/data/SpeechCommands/speech_commands_v0.02/forward/27e6f0f0_nohash_1.wav,32,"[(0,3200,'p'),(3200,6400,'p'),(6400,9600,'p'),(9600,12800,'p'),(12800,16000,'p')]"
1645,/Users/ssankey/PycharmProjects/AdvReverb/data/SpeechCommands/speech_commands_v0.02/forward/4c6167ca_nohash_5.wav,32,"[(0,3200,'p'),(3200,6400,'p'),(6400,9600,'p'),(9600,12800,'p'),(12800,16000,'p')]"
1646,/Users/ssankey/PycharmProjects/AdvReverb/data/SpeechCommands/speech_commands_v0.02/forward/4fd1443e_nohash_2.wav,32,"[(0,3200,'p'),(3200,6400,'p'),(6400,9600,'p'),(9600,12800,'p'),(12800,16000,'p')]"
1647,/Users/ssankey/PycharmProjects/AdvReverb/data/SpeechCommands/speech_commands_v0.02/forward/03401e93_nohash_1.wav,32,"[(0,3200,'p'),(3200,6400,'p'),(6400,9600,'p'),(9600,12800,'p'),(12800,16000,'p')]"
1648,/Users/ssankey/PycharmProjects/AdvReverb/data/SpeechCommands/speech_commands_v0.02/forward/4c6167ca_nohash_1.wav,32,"[(0,3200,'p'),(3200,6400,'p'),(6400,9600,'p'),(9600,12800,'p'),(12800,16000,'p')]"
1649,/Users/ssankey/PycharmProjects/AdvReverb/data/SpeechCommands/speech_commands_v0.02/forward/87070229_nohash_3.wav,32,"[(0,3200,'p'),(3200,6400,'p'),(6400,9600,'p'),(9600,12800,'p'),(12800,16000,'p')]"
1650,/Users/ssankey/PycharmProjects/AdvReverb/data/SpeechCommands/speech_commands_v0.02/learn/bb05582b_nohash_3.wav,33,"[(0,3200,'p'),(3200,6400,'p'),(6400,9600,'p'),(9600,12800,'p'),(12800,16000,'p')]"
1651,/Users/ssankey/PycharmProjects/AdvReverb/data/SpeechCommands/speech_commands_v0.02/learn/cfbedff9_nohash_4.wav,33,"[(0,3200,'p'),(3200,6400,'p'),(6400,9600,'p'),(9600,12800,'p'),(12800,16000,'p')]"
1652,/Users/ssankey/PycharmProjects/AdvReverb/data/SpeechCommands/speech_commands_v0.02/learn/18f8afd5_nohash_3.wav,33,"[(0,3200,'p'),(3200,6400,'p'),(6400,9600,'p'),(9600,12800,'p'),(12800,16000,'p')]"
1653,/Users/ssankey/PycharmProjects/AdvReverb/data/SpeechCommands/speech_commands_v0.02/learn/837a0f64_nohash_1.wav,33,"[(0,3200,'p'),(3200,6400,'p'),(6400,9600,'p'),(9600,12800,'p'),(12800,16000,'p')]"
1654,/Users/ssankey/PycharmProjects/AdvReverb/data/SpeechCommands/speech_commands_v0.02/learn/e49428d9_nohash_0.wav,33,"[(0,3200,'p'),(3200,6400,'p'),(6400,9600,'p'),(9600,12800,'p'),(12800,16000,'p')]"
1655,/Users/ssankey/PycharmProjects/AdvReverb/data/SpeechCommands/speech_commands_v0.02/learn/d1bf406b_nohash_0.wav,33,"[(0,3200,'p'),(3200,6400,'p'),(6400,9600,'p'),(9600,12800,'p'),(12800,16000,'p')]"
1656,/Users/ssankey/PycharmProjects/AdvReverb/data/SpeechCommands/speech_commands_v0.02/learn/837a0f64_nohash_0.wav,33,"[(0,3200,'p'),(3200,6400,'p'),(6400,9600,'p'),(9600,12800,'p'),(12800,16000,'p')]"
1657,/Users/ssankey/PycharmProjects/AdvReverb/data/SpeechCommands/speech_commands_v0.02/learn/e49428d9_nohash_1.wav,33,"[(0,3200,'p'),(3200,6400,'p'),(6400,9600,'p'),(9600,12800,'p'),(12800,16000,'p')]"
1658,/Users/ssankey/PycharmProjects/AdvReverb/data/SpeechCommands/speech_commands_v0.02/learn/18f8afd5_nohash_2.wav,33,"[(0,3200,'p'),(3200,6400,'p'),(6400,9600,'p'),(9600,12800,'p'),(12800,16000,'p')]"
1659,/Users/ssankey/PycharmProjects/AdvReverb/data/SpeechCommands/speech_commands_v0.02/learn/bb05582b_nohash_2.wav,33,"[(0,3200,'p'),(3200,6400,'p'),(6400,9600,'p'),(9600,12800,'p'),(12800,16000,'p')]"
1660,/Users/ssankey/PycharmProjects/AdvReverb/data/SpeechCommands/speech_commands_v0.02/learn/bb05582b_nohash_0.wav,33,"[(0,3200,'p'),(3200,6400,'p'),(6400,9600,'p'),(9600,12800,'p'),(12800,16000,'p')]"
1661,/Users/ssankey/PycharmProjects/AdvReverb/data/SpeechCommands/speech_commands_v0.02/learn/f2e59fea_nohash_0.wav,33,"[(0,3200,'p'),(3200,6400,'p'),(6400,9600,'p'),(9600,12800,'p'),(12800,16000,'p')]"
1662,/Users/ssankey/PycharmProjects/AdvReverb/data/SpeechCommands/speech_commands_v0.02/learn/18f8afd5_nohash_0.wav,33,"[(0,3200,'p'),(3200,6400,'p'),(6400,9600,'p'),(9600,12800,'p'),(12800,16000,'p')]"
1663,/Users/ssankey/PycharmProjects/AdvReverb/data/SpeechCommands/speech_commands_v0.02/learn/e49428d9_nohash_3.wav,33,"[(0,3200,'p'),(3200,6400,'p'),(6400,9600,'p'),(9600,12800,'p'),(12800,16000,'p')]"
1664,/Users/ssankey/PycharmProjects/AdvReverb/data/SpeechCommands/speech_commands_v0.02/learn/837a0f64_nohash_2.wav,33,"[(0,3200,'p'),(3200,6400,'p'),(6400,9600,'p'),(9600,12800,'p'),(12800,16000,'p')]"
1665,/Users/ssankey/PycharmProjects/AdvReverb/data/SpeechCommands/speech_commands_v0.02/learn/e49428d9_nohash_2.wav,33,"[(0,3200,'p'),(3200,6400,'p'),(6400,9600,'p'),(9600,12800,'p'),(12800,16000,'p')]"
1666,/Users/ssankey/PycharmProjects/AdvReverb/data/SpeechCommands/speech_commands_v0.02/learn/837a0f64_nohash_3.wav,33,"[(0,3200,'p'),(3200,6400,'p'),(6400,9600,'p'),(9600,12800,'p'),(12800,16000,'p')]"
1667,/Users/ssankey/PycharmProjects/AdvReverb/data/SpeechCommands/speech_commands_v0.02/learn/18f8afd5_nohash_1.wav,33,"[(0,3200,'p'),(3200,6400,'p'),(6400,9600,'p'),(9600,12800,'p'),(12800,16000,'p')]"
1668,/Users/ssankey/PycharmProjects/AdvReverb/data/SpeechCommands/speech_commands_v0.02/learn/bb05582b_nohash_1.wav,33,"[(0,3200,'p'),(3200,6400,'p'),(6400,9600,'p'),(9600,12800,'p'),(12800,16000,'p')]"
1669,/Users/ssankey/PycharmProjects/AdvReverb/data/SpeechCommands/speech_commands_v0.02/learn/cfbedff9_nohash_2.wav,33,"[(0,3200,'p'),(3200,6400,'p'),(6400,9600,'p'),(9600,12800,'p'),(12800,16000,'p')]"
1670,/Users/ssankey/PycharmProjects/AdvReverb/data/SpeechCommands/speech_commands_v0.02/learn/aa80f517_nohash_3.wav,33,"[(0,3200,'p'),(3200,6400,'p'),(6400,9600,'p'),(9600,12800,'p'),(12800,16000,'p')]"
1671,/Users/ssankey/PycharmProjects/AdvReverb/data/SpeechCommands/speech_commands_v0.02/learn/964c7c9e_nohash_0.wav,33,"[(0,3200,'p'),(3200,6400,'p'),(6400,9600,'p'),(9600,12800,'p'),(12800,16000,'p')]"
1672,/Users/ssankey/PycharmProjects/AdvReverb/data/SpeechCommands/speech_commands_v0.02/learn/3d86b69a_nohash_1.wav,33,"[(0,3200,'p'),(3200,6400,'p'),(6400,9600,'p'),(9600,12800,'p'),(12800,16000,'p')]"
1673,/Users/ssankey/PycharmProjects/AdvReverb/data/SpeechCommands/speech_commands_v0.02/learn/3d86b69a_nohash_0.wav,33,"[(0,3200,'p'),(3200,6400,'p'),(6400,9600,'p'),(9600,12800,'p'),(12800,16000,'p')]"
1674,/Users/ssankey/PycharmProjects/AdvReverb/data/SpeechCommands/speech_commands_v0.02/learn/aa80f517_nohash_2.wav,33,"[(0,3200,'p'),(3200,6400,'p'),(6400,9600,'p'),(9600,12800,'p'),(12800,16000,'p')]"
1675,/Users/ssankey/PycharmProjects/AdvReverb/data/SpeechCommands/speech_commands_v0.02/learn/cfbedff9_nohash_3.wav,33,"[(0,3200,'p'),(3200,6400,'p'),(6400,9600,'p'),(9600,12800,'p'),(12800,16000,'p')]"
1676,/Users/ssankey/PycharmProjects/AdvReverb/data/SpeechCommands/speech_commands_v0.02/learn/18f8afd5_nohash_4.wav,33,"[(0,3200,'p'),(3200,6400,'p'),(6400,9600,'p'),(9600,12800,'p'),(12800,16000,'p')]"
1677,/Users/ssankey/PycharmProjects/AdvReverb/data/SpeechCommands/speech_commands_v0.02/learn/cfbedff9_nohash_1.wav,33,"[(0,3200,'p'),(3200,6400,'p'),(6400,9600,'p'),(9600,12800,'p'),(12800,16000,'p')]"
1678,/Users/ssankey/PycharmProjects/AdvReverb/data/SpeechCommands/speech_commands_v0.02/learn/c9b5ff26_nohash_1.wav,33,"[(0,3200,'p'),(3200,6400,'p'),(6400,9600,'p'),(9600,12800,'p'),(12800,16000,'p')]"
1679,/Users/ssankey/PycharmProjects/AdvReverb/data/SpeechCommands/speech_commands_v0.02/learn/aa80f517_nohash_0.wav,33,"[(0,3200,'p'),(3200,6400,'p'),(6400,9600,'p'),(9600,12800,'p'),(12800,16000,'p')]"
1680,/Users/ssankey/PycharmProjects/AdvReverb/data/SpeechCommands/speech_commands_v0.02/learn/3d86b69a_nohash_2.wav,33,"[(0,3200,'p'),(3200,6400,'p'),(6400,9600,'p'),(9600,12800,'p'),(12800,16000,'p')]"
1681,/Users/ssankey/PycharmProjects/AdvReverb/data/SpeechCommands/speech_commands_v0.02/learn/e49428d9_nohash_5.wav,33,"[(0,3200,'p'),(3200,6400,'p'),(6400,9600,'p'),(9600,12800,'p'),(12800,16000,'p')]"
1682,/Users/ssankey/PycharmProjects/AdvReverb/data/SpeechCommands/speech_commands_v0.02/learn/837a0f64_nohash_4.wav,33,"[(0,3200,'p'),(3200,6400,'p'),(6400,9600,'p'),(9600,12800,'p'),(12800,16000,'p')]"
1683,/Users/ssankey/PycharmProjects/AdvReverb/data/SpeechCommands/speech_commands_v0.02/learn/e49428d9_nohash_4.wav,33,"[(0,3200,'p'),(3200,6400,'p'),(6400,9600,'p'),(9600,12800,'p'),(12800,16000,'p')]"
1684,/Users/ssankey/PycharmProjects/AdvReverb/data/SpeechCommands/speech_commands_v0.02/learn/3d86b69a_nohash_3.wav,33,"[(0,3200,'p'),(3200,6400,'p'),(6400,9600,'p'),(9600,12800,'p'),(12800,16000,'p')]"
1685,/Users/ssankey/PycharmProjects/AdvReverb/data/SpeechCommands/speech_commands_v0.02/learn/ea37ca08_nohash_0.wav,33,"[(0,3200,'p'),(3200,6400,'p'),(6400,9600,'p'),(9600,12800,'p'),(12800,16000,'p')]"
1686,/Users/ssankey/PycharmProjects/AdvReverb/data/SpeechCommands/speech_commands_v0.02/learn/aa80f517_nohash_1.wav,33,"[(0,3200,'p'),(3200,6400,'p'),(6400,9600,'p'),(9600,12800,'p'),(12800,16000,'p')]"
1687,/Users/ssankey/PycharmProjects/AdvReverb/data/SpeechCommands/speech_commands_v0.02/learn/c9b5ff26_nohash_0.wav,33,"[(0,3200,'p'),(3200,6400,'p'),(6400,9600,'p'),(9600,12800,'p'),(12800,16000,'p')]"
1688,/Users/ssankey/PycharmProjects/AdvReverb/data/SpeechCommands/speech_commands_v0.02/learn/cfbedff9_nohash_0.wav,33,"[(0,3200,'p'),(3200,6400,'p'),(6400,9600,'p'),(9600,12800,'p'),(12800,16000,'p')]"
1689,/Users/ssankey/PycharmProjects/AdvReverb/data/SpeechCommands/speech_commands_v0.02/learn/4fd1443e_nohash_0.wav,33,"[(0,3200,'p'),(3200,6400,'p'),(6400,9600,'p'),(9600,12800,'p'),(12800,16000,'p')]"
1690,/Users/ssankey/PycharmProjects/AdvReverb/data/SpeechCommands/speech_commands_v0.02/learn/d962e5ac_nohash_2.wav,33,"[(0,3200,'p'),(3200,6400,'p'),(6400,9600,'p'),(9600,12800,'p'),(12800,16000,'p')]"
1691,/Users/ssankey/PycharmProjects/AdvReverb/data/SpeechCommands/speech_commands_v0.02/learn/87070229_nohash_4.wav,33,"[(0,3200,'p'),(3200,6400,'p'),(6400,9600,'p'),(9600,12800,'p'),(12800,16000,'p')]"
1692,/Users/ssankey/PycharmProjects/AdvReverb/data/SpeechCommands/speech_commands_v0.02/learn/4fd1443e_nohash_1.wav,33,"[(0,3200,'p'),(3200,6400,'p'),(6400,9600,'p'),(9600,12800,'p'),(12800,16000,'p')]"
1693,/Users/ssankey/PycharmProjects/AdvReverb/data/SpeechCommands/speech_commands_v0.02/learn/4fd1443e_nohash_3.wav,33,"[(0,3200,'p'),(3200,6400,'p'),(6400,9600,'p'),(9600,12800,'p'),(12800,16000,'p')]"
1694,/Users/ssankey/PycharmProjects/AdvReverb/data/SpeechCommands/speech_commands_v0.02/learn/27e6f0f0_nohash_0.wav,33,"[(0,3200,'p'),(3200,6400,'p'),(6400,9600,'p'),(9600,12800,'p'),(12800,16000,'p')]"
1695,/Users/ssankey/PycharmProjects/AdvReverb/data/SpeechCommands/speech_commands_v0.02/learn/d962e5ac_nohash_0.wav,33,"[(0,3200,'p'),(3200,6400,'p'),(6400,9600,'p'),(9600,12800,'p'),(12800,16000,'p')]"
1696,/Users/ssankey/PycharmProjects/AdvReverb/data/SpeechCommands/speech_commands_v0.02/learn/d962e5ac_nohash_1.wav,33,"[(0,3200,'p'),(3200,6400,'p'),(6400,9600,'p'),(9600,12800,'p'),(12800,16000,'p')]"
1697,/Users/ssankey/PycharmProjects/AdvReverb/data/SpeechCommands/speech_commands_v0.02/learn/220ee1ef_nohash_0.wav,33,"[(0,3200,'p'),(3200,6400,'p'),(6400,9600,'p'),(9600,12800,'p'),(12800,16000,'p')]"
1698,/Users/ssankey/PycharmProjects/AdvReverb/data/SpeechCommands/speech_commands_v0.02/learn/4fd1443e_nohash_2.wav,33,"[(0,3200,'p'),(3200,6400,'p'),(6400,9600,'p'),(9600,12800,'p'),(12800,16000,'p')]"
1699,/Users/ssankey/PycharmProjects/AdvReverb/data/SpeechCommands/speech_commands_v0.02/learn/4c6167ca_nohash_1.wav,33,"[(0,3200,'p'),(3200,6400,'p'),(6400,9600,'p'),(9600,12800,'p'),(12800,16000,'p')]"
1700,/Users/ssankey/PycharmProjects/AdvReverb/data/SpeechCommands/speech_commands_v0.02/visual/bb05582b_nohash_3.wav,34,"[(0,3200,'p'),(3200,6400,'p'),(6400,9600,'p'),(9600,12800,'p'),(12800,16000,'p')]"
1701,/Users/ssankey/PycharmProjects/AdvReverb/data/SpeechCommands/speech_commands_v0.02/visual/f2e59fea_nohash_3.wav,34,"[(0,3200,'p'),(3200,6400,'p'),(6400,9600,'p'),(9600,12800,'p'),(12800,16000,'p')]"
1702,/Users/ssankey/PycharmProjects/AdvReverb/data/SpeechCommands/speech_commands_v0.02/visual/cfbedff9_nohash_4.wav,34,"[(0,3200,'p'),(3200,6400,'p'),(6400,9600,'p'),(9600,12800,'p'),(12800,16000,'p')]"
1703,/Users/ssankey/PycharmProjects/AdvReverb/data/SpeechCommands/speech_commands_v0.02/visual/837a0f64_nohash_1.wav,34,"[(0,3200,'p'),(3200,6400,'p'),(6400,9600,'p'),(9600,12800,'p'),(12800,16000,'p')]"
1704,/Users/ssankey/PycharmProjects/AdvReverb/data/SpeechCommands/speech_commands_v0.02/visual/e49428d9_nohash_0.wav,34,"[(0,3200,'p'),(3200,6400,'p'),(6400,9600,'p'),(9600,12800,'p'),(12800,16000,'p')]"
1705,/Users/ssankey/PycharmProjects/AdvReverb/data/SpeechCommands/speech_commands_v0.02/visual/d1bf406b_nohash_0.wav,34,"[(0,3200,'p'),(3200,6400,'p'),(6400,9600,'p'),(9600,12800,'p'),(12800,16000,'p')]"
1706,/Users/ssankey/PycharmProjects/AdvReverb/data/SpeechCommands/speech_commands_v0.02/visual/837a0f64_nohash_0.wav,34,"[(0,3200,'p'),(3200,6400,'p'),(6400,9600,'p'),(9600,12800,'p'),(12800,16000,'p')]"
1707,/Users/ssankey/PycharmProjects/AdvReverb/data/SpeechCommands/speech_commands_v0.02/visual/d1bf406b_nohash_1.wav,34,"[(0,3200,'p'),(3200,6400,'p'),(6400,9600,'p'),(9600,12800,'p'),(12800,16000,'p')]"
1708,/Users/ssankey/PycharmProjects/AdvReverb/data/SpeechCommands/speech_commands_v0.02/visual/e49428d9_nohash_1.wav,34,"[(0,3200,'p'),(3200,6400,'p'),(6400,9600,'p'),(9600,12800,'p'),(12800,16000,'p')]"
1709,/Users/ssankey/PycharmProjects/AdvReverb/data/SpeechCommands/speech_commands_v0.02/visual/18f8afd5_nohash_2.wav,34,"[(0,3200,'p'),(3200,6400,'p'),(6400,9600,'p'),(9600,12800,'p'),(12800,16000,'p')]"
1710,/Users/ssankey/PycharmProjects/AdvReverb/data/SpeechCommands/speech_commands_v0.02/visual/f2e59fea_nohash_2.wav,34,"[(0,3200,'p'),(3200,6400,'p'),(6400,9600,'p'),(9600,12800,'p'),(12800,16000,'p')]"
1711,/Users/ssankey/PycharmProjects/AdvReverb/data/SpeechCommands/speech_commands_v0.02/visual/bb05582b_nohash_2.wav,34,"[(0,3200,'p'),(3200,6400,'p'),(6400,9600,'p'),(9600,12800,'p'),(12800,16000,'p')]"
1712,/Users/ssankey/PycharmProjects/AdvReverb/data/SpeechCommands/speech_commands_v0.02/visual/bb05582b_nohash_0.wav,34,"[(0,3200,'p'),(3200,6400,'p'),(6400,9600,'p'),(9600,12800,'p'),(12800,16000,'p')]"
1713,/Users/ssankey/PycharmProjects/AdvReverb/data/SpeechCommands/speech_commands_v0.02/visual/f2e59fea_nohash_0.wav,34,"[(0,3200,'p'),(3200,6400,'p'),(6400,9600,'p'),(9600,12800,'p'),(12800,16000,'p')]"
1714,/Users/ssankey/PycharmProjects/AdvReverb/data/SpeechCommands/speech_commands_v0.02/visual/18f8afd5_nohash_0.wav,34,"[(0,3200,'p'),(3200,6400,'p'),(6400,9600,'p'),(9600,12800,'p'),(12800,16000,'p')]"
1715,/Users/ssankey/PycharmProjects/AdvReverb/data/SpeechCommands/speech_commands_v0.02/visual/e49428d9_nohash_3.wav,34,"[(0,3200,'p'),(3200,6400,'p'),(6400,9600,'p'),(9600,12800,'p'),(12800,16000,'p')]"
1716,/Users/ssankey/PycharmProjects/AdvReverb/data/SpeechCommands/speech_commands_v0.02/visual/e49428d9_nohash_2.wav,34,"[(0,3200,'p'),(3200,6400,'p'),(6400,9600,'p'),(9600,12800,'p'),(12800,16000,'p')]"
1717,/Users/ssankey/PycharmProjects/AdvReverb/data/SpeechCommands/speech_commands_v0.02/visual/18f8afd5_nohash_1.wav,34,"[(0,3200,'p'),(3200,6400,'p'),(6400,9600,'p'),(9600,12800,'p'),(12800,16000,'p')]"
1718,/Users/ssankey/PycharmProjects/AdvReverb/data/SpeechCommands/speech_commands_v0.02/visual/fdb5155e_nohash_0.wav,34,"[(0,3200,'p'),(3200,6400,'p'),(6400,9600,'p'),(9600,12800,'p'),(12800,16000,'p')]"
1719,/Users/ssankey/PycharmProjects/AdvReverb/data/SpeechCommands/speech_commands_v0.02/visual/f2e59fea_nohash_1.wav,34,"[(0,3200,'p'),(3200,6400,'p'),(6400,9600,'p'),(9600,12800,'p'),(12800,16000,'p')]"
1720,/Users/ssankey/PycharmProjects/AdvReverb/data/SpeechCommands/speech_commands_v0.02/visual/bb05582b_nohash_1.wav,34,"[(0,3200,'p'),(3200,6400,'p'),(6400,9600,'p'),(9600,12800,'p'),(12800,16000,'p')]"
1721,/Users/ssankey/PycharmProjects/AdvReverb/data/SpeechCommands/speech_commands_v0.02/visual/cfbedff9_nohash_2.wav,34,"[(0,3200,'p'),(3200,6400,'p'),(6400,9600,'p'),(9600,12800,'p'),(12800,16000,'p')]"
1722,/Users/ssankey/PycharmProjects/AdvReverb/data/SpeechCommands/speech_commands_v0.02/visual/c9b5ff26_nohash_2.wav,34,"[(0,3200,'p'),(3200,6400,'p'),(6400,9600,'p'),(9600,12800,'p'),(12800,16000,'p')]"
1723,/Users/ssankey/PycharmProjects/AdvReverb/data/SpeechCommands/speech_commands_v0.02/visual/aa80f517_nohash_3.wav,34,"[(0,3200,'p'),(3200,6400,'p'),(6400,9600,'p'),(9600,12800,'p'),(12800,16000,'p')]"
1724,/Users/ssankey/PycharmProjects/AdvReverb/data/SpeechCommands/speech_commands_v0.02/visual/3d86b69a_nohash_1.wav,34,"[(0,3200,'p'),(3200,6400,'p'),(6400,9600,'p'),(9600,12800,'p'),(12800,16000,'p')]"
1725,/Users/ssankey/PycharmProjects/AdvReverb/data/SpeechCommands/speech_commands_v0.02/visual/3d86b69a_nohash_0.wav,34,"[(0,3200,'p'),(3200,6400,'p'),(6400,9600,'p'),(9600,12800,'p'),(12800,16000,'p')]"
1726,/Users/ssankey/PycharmProjects/AdvReverb/data/SpeechCommands/speech_commands_v0.02/visual/aa80f517_nohash_2.wav,34,"[(0,3200,'p'),(3200,6400,'p'),(6400,9600,'p'),(9600,12800,'p'),(12800,16000,'p')]"
1727,/Users/ssankey/PycharmProjects/AdvReverb/data/SpeechCommands/speech_commands_v0.02/visual/c9b5ff26_nohash_3.wav,34,"[(0,3200,'p'),(3200,6400,'p'),(6400,9600,'p'),(9600,12800,'p'),(12800,16000,'p')]"
1728,/Users/ssankey/PycharmProjects/AdvReverb/data/SpeechCommands/speech_commands_v0.02/visual/cfbedff9_nohash_3.wav,34,"[(0,3200,'p'),(3200,6400,'p'),(6400,9600,'p'),(9600,12800,'p'),(12800,16000,'p')]"
1729,/Users/ssankey/PycharmProjects/AdvReverb/data/SpeechCommands/speech_commands_v0.02/visual/f2e59fea_nohash_4.wav,34,"[(0,3200,'p'),(3200,6400,'p'),(6400,9600,'p'),(9600,12800,'p'),(12800,16000,'p')]"
1730,/Users/ssankey/PycharmProjects/AdvReverb/data/SpeechCommands/speech_commands_v0.02/visual/cfbedff9_nohash_1.wav,34,"[(0,3200,'p'),(3200,6400,'p'),(6400,9600,'p'),(9600,12800,'p'),(12800,16000,'p')]"
1731,/Users/ssankey/PycharmProjects/AdvReverb/data/SpeechCommands/speech_commands_v0.02/visual/c9b5ff26_nohash_1.wav,34,"[(0,3200,'p'),(3200,6400,'p'),(6400,9600,'p'),(9600,12800,'p'),(12800,16000,'p')]"
1732,/Users/ssankey/PycharmProjects/AdvReverb/data/SpeechCommands/speech_commands_v0.02/visual/aa80f517_nohash_0.wav,34,"[(0,3200,'p'),(3200,6400,'p'),(6400,9600,'p'),(9600,12800,'p'),(12800,16000,'p')]"
1733,/Users/ssankey/PycharmProjects/AdvReverb/data/SpeechCommands/speech_commands_v0.02/visual/3d86b69a_nohash_2.wav,34,"[(0,3200,'p'),(3200,6400,'p'),(6400,9600,'p'),(9600,12800,'p'),(12800,16000,'p')]"
1734,/Users/ssankey/PycharmProjects/AdvReverb/data/SpeechCommands/speech_commands_v0.02/visual/e49428d9_nohash_5.wav,34,"[(0,3200,'p'),(3200,6400,'p'),(6400,9600,'p'),(9600,12800,'p'),(12800,16000,'p')]"
1735,/Users/ssankey/PycharmProjects/AdvReverb/data/SpeechCommands/speech_commands_v0.02/visual/e49428d9_nohash_4.wav,34,"[(0,3200,'p'),(3200,6400,'p'),(6400,9600,'p'),(9600,12800,'p'),(12800,16000,'p')]"
1736,/Users/ssankey/PycharmProjects/AdvReverb/data/SpeechCommands/speech_commands_v0.02/visual/3d86b69a_nohash_3.wav,34,"[(0,3200,'p'),(3200,6400,'p'),(6400,9600,'p'),(9600,12800,'p'),(12800,16000,'p')]"
1737,/Users/ssankey/PycharmProjects/AdvReverb/data/SpeechCommands/speech_commands_v0.02/visual/ea37ca08_nohash_0.wav,34,"[(0,3200,'p'),(3200,6400,'p'),(6400,9600,'p'),(9600,12800,'p'),(12800,16000,'p')]"
1738,/Users/ssankey/PycharmProjects/AdvReverb/data/SpeechCommands/speech_commands_v0.02/visual/aa80f517_nohash_1.wav,34,"[(0,3200,'p'),(3200,6400,'p'),(6400,9600,'p'),(9600,12800,'p'),(12800,16000,'p')]"
1739,/Users/ssankey/PycharmProjects/AdvReverb/data/SpeechCommands/speech_commands_v0.02/visual/c9b5ff26_nohash_0.wav,34,"[(0,3200,'p'),(3200,6400,'p'),(6400,9600,'p'),(9600,12800,'p'),(12800,16000,'p')]"
1740,/Users/ssankey/PycharmProjects/AdvReverb/data/SpeechCommands/speech_commands_v0.02/visual/cfbedff9_nohash_0.wav,34,"[(0,3200,'p'),(3200,6400,'p'),(6400,9600,'p'),(9600,12800,'p'),(12800,16000,'p')]"
1741,/Users/ssankey/PycharmProjects/AdvReverb/data/SpeechCommands/speech_commands_v0.02/visual/4fd1443e_nohash_0.wav,34,"[(0,3200,'p'),(3200,6400,'p'),(6400,9600,'p'),(9600,12800,'p'),(12800,16000,'p')]"
1742,/Users/ssankey/PycharmProjects/AdvReverb/data/SpeechCommands/speech_commands_v0.02/visual/d962e5ac_nohash_3.wav,34,"[(0,3200,'p'),(3200,6400,'p'),(6400,9600,'p'),(9600,12800,'p'),(12800,16000,'p')]"
1743,/Users/ssankey/PycharmProjects/AdvReverb/data/SpeechCommands/speech_commands_v0.02/visual/d962e5ac_nohash_2.wav,34,"[(0,3200,'p'),(3200,6400,'p'),(6400,9600,'p'),(9600,12800,'p'),(12800,16000,'p')]"
1744,/Users/ssankey/PycharmProjects/AdvReverb/data/SpeechCommands/speech_commands_v0.02/visual/c7dc7278_nohash_4.wav,34,"[(0,3200,'p'),(3200,6400,'p'),(6400,9600,'p'),(9600,12800,'p'),(12800,16000,'p')]"
1745,/Users/ssankey/PycharmProjects/AdvReverb/data/SpeechCommands/speech_commands_v0.02/visual/4fd1443e_nohash_1.wav,34,"[(0,3200,'p'),(3200,6400,'p'),(6400,9600,'p'),(9600,12800,'p'),(12800,16000,'p')]"
1746,/Users/ssankey/PycharmProjects/AdvReverb/data/SpeechCommands/speech_commands_v0.02/visual/4fd1443e_nohash_3.wav,34,"[(0,3200,'p'),(3200,6400,'p'),(6400,9600,'p'),(9600,12800,'p'),(12800,16000,'p')]"
1747,/Users/ssankey/PycharmProjects/AdvReverb/data/SpeechCommands/speech_commands_v0.02/visual/4c6167ca_nohash_4.wav,34,"[(0,3200,'p'),(3200,6400,'p'),(6400,9600,'p'),(9600,12800,'p'),(12800,16000,'p')]"
1748,/Users/ssankey/PycharmProjects/AdvReverb/data/SpeechCommands/speech_commands_v0.02/visual/d962e5ac_nohash_0.wav,34,"[(0,3200,'p'),(3200,6400,'p'),(6400,9600,'p'),(9600,12800,'p'),(12800,16000,'p')]"
1749,/Users/ssankey/PycharmProjects/AdvReverb/data/SpeechCommands/speech_commands_v0.02/visual/d962e5ac_nohash_1.wav,34,"[(0,3200,'p'),(3200,6400,'p'),(6400,9600,'p'),(9600,12800,'p'),(12800,16000,'p')]"
